time,task_id,prev_status,status,prev_assigned_vehicle_id,assigned_vehicle_id,pickup_node_id,delivery_node_id,demand,priority,arrival_time
60.0,1,pending,completed,,2,1,39,81.93885802324357,0,55.6427211396219
138.02343178074636,2,pending,completed,,1,2,40,85.36649980760177,0,83.93686702382013
895.0530270085922,3,pending,completed,,3,3,41,80.3195935519359,0,846.4672128146351
991.0530270085922,4,pending,completed,,4,4,42,75.22153822952966,0,896.2742828150901
1055.0530270085922,5,pending,completed,,3,5,43,75.91064721685468,0,1000.5793697623905
1271.9572982303625,6,pending,completed,,4,6,44,116.10046719063715,0,1247.6466932999729
1436.9763244654011,7,pending,completed,,5,7,45,77.36961827068558,0,1400.631477907534
