{
  "overall": {
    "q_learning": {
      "mean": 36.34008298847486,
      "std": 10.40660001764622,
      "min": 8.339176778473952,
      "max": 57.263641501547845,
      "median": 37.22304538665028,
      "count": 30
    },
    "matheuristic": {
      "mean": 32.53987431196865,
      "std": 12.210031945168993,
      "min": 2.8815140283150185,
      "max": 53.8701307082421,
      "median": 34.98106103550137,
      "count": 30
    },
    "minimal": {
      "mean": 9.04377935913786,
      "std": 1.6633106035857192,
      "min": 5.735229289990987,
      "max": 13.429662482521842,
      "median": 8.67694401637962,
      "count": 30
    }
  },
  "by_scale": {
    "small": {
      "q_learning": {
        "mean": 40.98532063875837,
        "std": 7.3592657527777225,
        "min": 32.318034526679405,
        "max": 57.263641501547845,
        "median": 40.02461587211613,
        "count": 10
      },
      "matheuristic": {
        "mean": 30.40240343714674,
        "std": 11.621369596693135,
        "min": 3.343700913897571,
        "max": 48.06576281830471,
        "median": 32.59391224547496,
        "count": 10
      },
      "minimal": {
        "mean": 9.361979428246475,
        "std": 1.7713396815992155,
        "min": 7.546675140762671,
        "max": 13.429662482521842,
        "median": 8.611459138900255,
        "count": 10
      }
    },
    "medium": {
      "q_learning": {
        "mean": 40.30240298229567,
        "std": 9.800715390354771,
        "min": 17.010096165604164,
        "max": 53.56299915501123,
        "median": 41.110426612315216,
        "count": 10
      },
      "matheuristic": {
        "mean": 41.881839328502366,
        "std": 5.535950781632565,
        "min": 34.806109741420535,
        "max": 53.8701307082421,
        "median": 40.65519033415413,
        "count": 10
      },
      "minimal": {
        "mean": 9.624458881241774,
        "std": 1.6531016030459487,
        "min": 8.065887143292771,
        "max": 12.68064307372114,
        "median": 8.910825914410626,
        "count": 10
      }
    },
    "large": {
      "q_learning": {
        "mean": 27.732525344370554,
        "std": 8.66041089011139,
        "min": 8.339176778473952,
        "max": 38.307825368478795,
        "median": 28.729839925450534,
        "count": 10
      },
      "matheuristic": {
        "mean": 25.335380170256848,
        "std": 12.448455514350373,
        "min": 2.8815140283150185,
        "max": 36.05608633034451,
        "median": 29.131084379822283,
        "count": 10
      },
      "minimal": {
        "mean": 8.144899767925331,
        "std": 1.2881388403821898,
        "min": 5.735229289990987,
        "max": 9.685760084596206,
        "median": 8.292872531969945,
        "count": 10
      }
    }
  },
  "win_rate": {
    "q_learning": "18/30",
    "matheuristic": "12/30"
  },
  "statistical_test": {
    "mean_diff": 3.800208676506211,
    "std_diff": 13.730864452982344,
    "t_statistic": 1.515898742192602,
    "significant": false
  },
  "problematic_cases": [
    {
      "seed": 2027,
      "scale": "medium",
      "q": 17.010096165604164,
      "m": 48.31086681045907,
      "gap": 31.300770644854904
    },
    {
      "seed": 2031,
      "scale": "large",
      "q": 8.339176778473952,
      "m": 28.340806253391616,
      "gap": 20.001629474917664
    },
    {
      "seed": 2031,
      "scale": "medium",
      "q": 40.11910924692934,
      "m": 53.8701307082421,
      "gap": 13.75102146131276
    },
    {
      "seed": 2029,
      "scale": "small",
      "q": 32.318034526679405,
      "m": 37.90324799183929,
      "gap": 5.585213465159882
    },
    {
      "seed": 2029,
      "scale": "medium",
      "q": 37.21642190041401,
      "m": 42.70290046828811,
      "gap": 5.486478567874094
    },
    {
      "seed": 2029,
      "scale": "large",
      "q": 27.106918548804515,
      "m": 32.287758253927265,
      "gap": 5.18083970512275
    }
  ],
  "best_cases": [
    {
      "seed": 2031,
      "scale": "small",
      "q": 40.4894063215317,
      "m": 3.343700913897571,
      "advantage": 37.14570540763413
    },
    {
      "seed": 2028,
      "scale": "small",
      "q": 57.263641501547845,
      "m": 32.638437727762806,
      "advantage": 24.62520377378504
    },
    {
      "seed": 2033,
      "scale": "large",
      "q": 25.849116043260363,
      "m": 2.9423486707295328,
      "advantage": 22.90676737253083
    },
    {
      "seed": 2030,
      "scale": "large",
      "q": 22.637613027091973,
      "m": 2.8815140283150185,
      "advantage": 19.756098998776956
    },
    {
      "seed": 2026,
      "scale": "medium",
      "q": 53.56299915501123,
      "m": 34.806109741420535,
      "advantage": 18.75688941359069
    },
    {
      "seed": 2032,
      "scale": "small",
      "q": 47.65789905924246,
      "m": 32.549386763187115,
      "advantage": 15.108512296055345
    },
    {
      "seed": 2025,
      "scale": "small",
      "q": 39.55982542270056,
      "m": 28.280080346089324,
      "advantage": 11.279745076611238
    },
    {
      "seed": 2026,
      "scale": "small",
      "q": 33.75427654063596,
      "m": 22.865661021711944,
      "advantage": 10.88861551892402
    },
    {
      "seed": 2032,
      "scale": "medium",
      "q": 47.858429255982095,
      "m": 37.12661835025234,
      "advantage": 10.731810905729752
    }
  ]
}