time,task_id,prev_status,status,prev_assigned_vehicle_id,assigned_vehicle_id,pickup_node_id,delivery_node_id,demand,priority,arrival_time
11234.852998052538,2,pending,completed,,1,2,10,75.62149101574887,0,11183.207842803604
11816.703716891205,3,pending,completed,,1,3,11,99.42558627349214,0,11780.270338555001
12879.50213884722,4,pending,completed,,1,4,12,102.25059134519609,0,12847.701459873624
17739.382791099084,5,pending,completed,,1,5,13,65.17580429718883,0,17684.73004844307
21842.067250447348,8,pending,completed,,1,8,16,56.523644347428636,0,21782.904487833242
