algorithm,algorithm_id,status,runtime_s,scale,seed,split,instance_path,num_tasks_manifest,num_vehicles_manifest,num_charging_manifest,cost,total_reward,steps,terminated,truncated,terminated_reason,completed_tasks,rejected_tasks,metrics_total_distance,metrics_total_travel_time,metrics_total_charging,metrics_total_delay,metrics_total_waiting,metrics_total_conflict_waiting,metrics_total_standby,initial_cost,improvement,improvement_ratio,num_tasks,unassigned_tasks,mip_time_limit_s,mip_decision_epochs
RL-APC,rl_apc,OK,3.063198599993484,S,1006,test,S/S_seed1006.json,17,3,2,282.00309983528405,-282.00309983528405,51,True,False,event_queue_empty,0,0,192.09372712298546,96.04686356149273,0.0,0.0,0.0,1006.0937271229855,600.0,,,,,,,
ALNS-FR,alns_fr,OK,0.7000093999959063,S,1006,test,S/S_seed1006.json,17,3,2,2728.1503683059173,,,,,,,,,,,,,,,3435.401542276388,707.251173970471,0.20587147245146417,17,0,,
ALNS-PR,alns_pr,OK,0.719000800003414,S,1006,test,S/S_seed1006.json,17,3,2,2695.6203575085565,,,,,,,,,,,,,,,3411.4237644986106,715.8034069900541,0.20982541495992021,17,0,,
Greedy-FR,greedy_fr,OK,0.1715803999977652,S,1006,test,S/S_seed1006.json,17,3,2,802.0555985665478,-802.0555985665478,200,False,True,max_decision_steps,2,0,541.3235984059567,270.6617992029785,18.36849036858002,0.0,0.0,2682.894520382894,1770.0,,,,,,,
Greedy-PR,greedy_pr,OK,0.1600002999912249,S,1006,test,S/S_seed1006.json,17,3,2,802.0555985665478,-802.0555985665478,200,False,True,max_decision_steps,2,0,541.3235984059567,270.6617992029785,18.36849036858002,0.0,0.0,2682.894520382894,1770.0,,,,,,,
Random-Rule,random_rule,OK,0.15218299999833107,S,1006,test,S/S_seed1006.json,17,3,2,3402.735519253147,-3402.735519253147,200,False,True,max_decision_steps,2,0,2509.0634186057723,1254.5317093028852,483.9505762371179,0.0,0.0,5206.971679496342,4350.0,,,,,,,
MIP-Hind,mip_hind,NOT_SOLVED,8.813989300004323,S,1006,test,S/S_seed1006.json,17,3,2,,,,,,,,,,,,,,,,,,,,,5.0,3
