time,task_id,prev_status,status,prev_assigned_vehicle_id,assigned_vehicle_id,pickup_node_id,delivery_node_id,demand,priority,arrival_time
176.9794084684694,1,pending,completed,,1,1,97,65.10453032840725,0,30.202090662045222
192.0781059358212,2,pending,completed,,2,2,98,90.37208063346262,0,176.9794084684694
274.1171589037318,3,pending,completed,,3,3,99,75.11546808968332,0,210.72842536618418
356.1562118716424,6,pending,completed,,1,6,102,98.76333042653133,0,293.4861171487299
479.4582036808861,5,pending,completed,,5,5,101,117.28801047006411,0,264.77416228325694
602.2733707753742,4,pending,completed,,6,4,100,82.02984952741411,0,227.76315598525548
644.8569980267162,7,pending,completed,,7,7,103,90.17564040119215,0,362.8637381529817
766.3514767111955,8,pending,completed,,8,8,104,70.1431288629465,0,732.0411481325945
