{
  "scenario": "small",
  "init_strategy": "zero",
  "seed": 2030,
  "iterations": 40,
  "baseline_cost": 48349.40944584828,
  "optimised_cost": 26109.548106288945,
  "improvement_ratio": 0.4599820679189092,
  "runtime": 55.26048707962036,
  "final_epsilon": 0.0981984145227209,
  "q_values": {
    "explore": {
      "('random_removal', 'regret2')": -73.82285850019137,
      "('random_removal', 'greedy')": -75.66053147021528,
      "('random_removal', 'random')": -77.11824165696609,
      "('random_removal', 'lp')": -138.0460559453656,
      "('partial_removal', 'lp')": -139.63558113791376,
      "('partial_removal', 'regret2')": -189.04290130428308,
      "('partial_removal', 'greedy')": -408.3170736132463,
      "('partial_removal', 'random')": -417.00686720446606
    },
    "stuck": {
      "('partial_removal', 'regret2')": 16.38333106900015,
      "('random_removal', 'regret2')": 0.0,
      "('partial_removal', 'random')": 0.0,
      "('random_removal', 'greedy')": -14.7,
      "('random_removal', 'lp')": -22.72737212103793,
      "('partial_removal', 'greedy')": -345.9044007130368,
      "('partial_removal', 'lp')": -347.20750605473364,
      "('random_removal', 'random')": -391.2502141092441
    },
    "deep_stuck": {
      "('random_removal', 'greedy')": 0.0,
      "('random_removal', 'regret2')": 0.0,
      "('random_removal', 'random')": 0.0,
      "('random_removal', 'lp')": 0.0,
      "('partial_removal', 'greedy')": 0.0,
      "('partial_removal', 'regret2')": 0.0,
      "('partial_removal', 'random')": 0.0,
      "('partial_removal', 'lp')": 0.0
    }
  },
  "experiment_timestamp": "2025-11-10 18:17:44"
}