{
  "small": {
    "n": 10,
    "mean": 0.3769784000486057,
    "std": 0.05997696880731511,
    "min": 0.2969139111935587,
    "max": 0.49499365150814795,
    "cv": 0.15909921841564922
  },
  "medium": {
    "n": 10,
    "mean": 0.3146028992782489,
    "std": 0.1711526677876241,
    "min": 0.10627871965147001,
    "max": 0.49690918447276516,
    "cv": 0.5440276239674734
  },
  "large": {
    "n": 10,
    "mean": 0.25459407732544165,
    "std": 0.14361192783689125,
    "min": 0.12546716412074135,
    "max": 0.48852876933310846,
    "cv": 0.5640819666567322
  }
}