{
  "scenario": "small",
  "init_strategy": "zero",
  "seed": 2031,
  "iterations": 40,
  "baseline_cost": 48349.40944584828,
  "optimised_cost": 30766.274772858153,
  "improvement_ratio": 0.3636680338915696,
  "runtime": 222.0715525150299,
  "final_epsilon": 0.0981984145227209,
  "q_values": {
    "explore": {
      "('partial_removal', 'greedy')": -14.7,
      "('random_removal', 'regret2')": -19.330747791037574,
      "('random_removal', 'greedy')": -21.02106474209291,
      "('partial_removal', 'regret2')": -123.2710359193498,
      "('partial_removal', 'random')": -182.09332832116704,
      "('partial_removal', 'lp')": -256.0393113922197,
      "('random_removal', 'random')": -304.8101917332175,
      "('random_removal', 'lp')": -339.4188523428536
    },
    "stuck": {
      "('random_removal', 'greedy')": -17.666677877167775,
      "('partial_removal', 'random')": -29.14275,
      "('random_removal', 'lp')": -34.67010812341819,
      "('random_removal', 'random')": -47.2100233275049,
      "('random_removal', 'regret2')": -77.49817877980499,
      "('partial_removal', 'greedy')": -260.32817402135066,
      "('partial_removal', 'regret2')": -298.3696085316502,
      "('partial_removal', 'lp')": -298.55185097272033
    },
    "deep_stuck": {
      "('random_removal', 'greedy')": 0.0,
      "('random_removal', 'regret2')": 0.0,
      "('random_removal', 'random')": 0.0,
      "('partial_removal', 'greedy')": 0.0,
      "('partial_removal', 'regret2')": 0.0,
      "('partial_removal', 'random')": 0.0,
      "('partial_removal', 'lp')": -302.0841609430985,
      "('random_removal', 'lp')": -632.0382736052115
    }
  },
  "experiment_timestamp": "2025-11-10 09:18:33"
}