{
  "scenario": "small",
  "init_strategy": "zero",
  "seed": 2026,
  "iterations": 40,
  "baseline_cost": 48349.40944584828,
  "optimised_cost": 32283.052470893792,
  "improvement_ratio": 0.332296860687594,
  "runtime": 134.85962891578674,
  "final_epsilon": 0.0981984145227209,
  "q_values": {
    "explore": {
      "('partial_removal', 'lp')": 15.387308289023185,
      "('random_removal', 'regret2')": -11.361751622760128,
      "('partial_removal', 'random')": -14.7,
      "('random_removal', 'random')": -15.393055670787197,
      "('random_removal', 'greedy')": -30.787013110620116,
      "('random_removal', 'lp')": -56.231313451882286,
      "('partial_removal', 'regret2')": -152.6821582087802,
      "('partial_removal', 'greedy')": -280.13868958614876
    },
    "stuck": {
      "('random_removal', 'greedy')": -5.408019560456843,
      "('partial_removal', 'lp')": -6.321301034126106,
      "('random_removal', 'regret2')": -16.246535336262976,
      "('random_removal', 'lp')": -57.29299647174969,
      "('random_removal', 'random')": -58.89760072880289,
      "('partial_removal', 'greedy')": -245.5281272318892,
      "('partial_removal', 'random')": -261.51567214729215,
      "('partial_removal', 'regret2')": -283.5774395861488
    },
    "deep_stuck": {
      "('random_removal', 'greedy')": 0.0,
      "('random_removal', 'regret2')": 0.0,
      "('random_removal', 'random')": 0.0,
      "('partial_removal', 'greedy')": 0.0,
      "('partial_removal', 'regret2')": 0.0,
      "('partial_removal', 'random')": 0.0,
      "('random_removal', 'lp')": -101.31773542016282,
      "('partial_removal', 'lp')": -291.9560603044777
    }
  },
  "experiment_timestamp": "2025-11-10 09:04:54"
}