{
  "scenario": "small",
  "init_strategy": "zero",
  "seed": 2028,
  "iterations": 40,
  "baseline_cost": 48349.40944584828,
  "optimised_cost": 31393.914254416268,
  "improvement_ratio": 0.3506867071545579,
  "runtime": 149.18752932548523,
  "final_epsilon": 0.0981984145227209,
  "q_values": {
    "explore": {
      "('random_removal', 'regret2')": 0.0,
      "('partial_removal', 'random')": -0.5192376486440189,
      "('random_removal', 'greedy')": -9.674287766523456,
      "('partial_removal', 'regret2')": -14.7,
      "('random_removal', 'random')": -29.443598511154853,
      "('partial_removal', 'greedy')": -246.71864092482318,
      "('random_removal', 'lp')": -284.88690885899894,
      "('partial_removal', 'lp')": -292.7386151990306
    },
    "stuck": {
      "('random_removal', 'random')": 0.0,
      "('partial_removal', 'random')": -10.531557687870436,
      "('random_removal', 'regret2')": -21.0941939288381,
      "('random_removal', 'lp')": -61.82879278405977,
      "('random_removal', 'greedy')": -65.52565126405209,
      "('partial_removal', 'greedy')": -281.2998985844876,
      "('partial_removal', 'lp')": -291.0530216085004,
      "('partial_removal', 'regret2')": -291.74037843314073
    },
    "deep_stuck": {
      "('random_removal', 'greedy')": 0.0,
      "('random_removal', 'regret2')": 0.0,
      "('random_removal', 'random')": 0.0,
      "('partial_removal', 'greedy')": 0.0,
      "('partial_removal', 'regret2')": 0.0,
      "('partial_removal', 'random')": 0.0,
      "('random_removal', 'lp')": -209.38037569380293,
      "('partial_removal', 'lp')": -421.3831858061731
    }
  },
  "experiment_timestamp": "2025-11-10 18:15:21"
}