{
  "scenario": "small",
  "init_strategy": "zero",
  "seed": 2031,
  "iterations": 40,
  "baseline_cost": 48349.40944584828,
  "optimised_cost": 30732.02150263554,
  "improvement_ratio": 0.364376486603096,
  "runtime": 82.00043845176697,
  "final_epsilon": 0.0981984145227209,
  "q_values": {
    "explore": {
      "('random_removal', 'greedy')": -57.2511171403666,
      "('random_removal', 'regret2')": -88.54005965240844,
      "('partial_removal', 'regret2')": -101.81199093195468,
      "('partial_removal', 'random')": -182.09332832116704,
      "('partial_removal', 'lp')": -256.00087241666915,
      "('random_removal', 'random')": -304.81286727722016,
      "('partial_removal', 'greedy')": -312.13942968139537,
      "('random_removal', 'lp')": -339.49186707460456
    },
    "stuck": {
      "('random_removal', 'random')": 0.0,
      "('partial_removal', 'random')": 0.0,
      "('random_removal', 'lp')": -7.904009612914989,
      "('random_removal', 'greedy')": -17.66748226816725,
      "('partial_removal', 'greedy')": -253.91992623436502,
      "('partial_removal', 'lp')": -284.0785338621753,
      "('partial_removal', 'regret2')": -292.195684534363,
      "('random_removal', 'regret2')": -303.2688998034945
    },
    "deep_stuck": {
      "('random_removal', 'greedy')": 0.0,
      "('random_removal', 'regret2')": 0.0,
      "('random_removal', 'random')": 0.0,
      "('random_removal', 'lp')": 0.0,
      "('partial_removal', 'greedy')": 0.0,
      "('partial_removal', 'regret2')": 0.0,
      "('partial_removal', 'random')": 0.0,
      "('partial_removal', 'lp')": 0.0
    }
  },
  "experiment_timestamp": "2025-11-10 18:19:06"
}