time,vehicle_id,status,x,y,soc,battery,battery_capacity,load,load_ratio,capacity,speed,idle,current_time
0.0,1,idle,0.0,0.0,1.0,100.0,100.0,0.0,0.0,150.0,2.0,1,0.0
0.0,2,idle,0.0,0.0,1.0,100.0,100.0,0.0,0.0,150.0,2.0,1,0.0
0.0,1,assigned,6.0,8.0,0.9647333333333333,96.47333333333333,100.0,0.0,0.0,150.0,2.0,0,127.0
0.0,2,idle,0.0,0.0,1.0,100.0,100.0,0.0,0.0,150.0,2.0,1,0.0
