{
  "layout": {
    "width": 200.0,
    "height": 160.0,
    "depot_position": "center",
    "depot_custom_xy": null,
    "num_tasks": 54,
    "zone_strategy": "left_right",
    "pickup_x_range": [
      0.15,
      0.45
    ],
    "pickup_y_range": [
      0.15,
      0.85
    ],
    "delivery_x_range": [
      0.55,
      0.85
    ],
    "delivery_y_range": [
      0.15,
      0.85
    ],
    "grid_noise_ratio": 0.05,
    "uniform_margin": 0.1,
    "demand_range": [
      10.0,
      40.0
    ],
    "demand_fixed": null,
    "service_time": 60.0,
    "time_window_mode": "none",
    "time_window_type": "soft",
    "tw_pickup_width": 120.0,
    "tw_delivery_gap": 30.0,
    "tw_stagger_interval": 45.0,
    "tw_horizon": 10000.0,
    "num_charging_stations": 4,
    "charging_placement": "perimeter",
    "charging_custom_coords": null,
    "seed": 3008
  },
  "episode_length_s": 28800.0,
  "scenarios": [
    {
      "scenario_id": 0,
      "probability": 1.0,
      "task_availability": {
        "1": 1,
        "2": 1,
        "3": 1,
        "4": 1,
        "5": 1,
        "6": 1,
        "7": 1,
        "8": 1,
        "9": 1,
        "10": 1,
        "11": 1,
        "12": 1,
        "13": 1,
        "14": 1,
        "15": 1,
        "16": 1,
        "17": 1,
        "18": 1,
        "19": 1,
        "20": 1,
        "21": 1,
        "22": 1,
        "23": 1,
        "24": 1,
        "25": 1,
        "26": 1,
        "27": 1,
        "28": 1,
        "29": 1,
        "30": 1,
        "31": 1,
        "32": 1,
        "33": 1,
        "34": 1,
        "35": 1,
        "36": 1,
        "37": 1,
        "38": 1,
        "39": 1,
        "40": 1,
        "41": 1,
        "42": 1,
        "43": 1,
        "44": 1,
        "45": 1,
        "46": 1,
        "47": 1,
        "48": 1,
        "49": 1,
        "50": 1,
        "51": 1,
        "52": 1,
        "53": 1,
        "54": 1
      },
      "task_release_times": {
        "1": 3025.4832186464146,
        "2": 3673.0262725265047,
        "3": 4451.1571845954495,
        "4": 6144.558009795763,
        "5": 7808.9658718576975,
        "6": 9748.79100827373,
        "7": 10216.265112761088,
        "8": 10335.139915605807,
        "9": 10726.27012817517,
        "10": 10786.928420195525,
        "11": 11082.57174893999,
        "12": 11422.06282270862,
        "13": 11571.69224880578,
        "14": 12108.575317510622,
        "15": 12164.307087811352,
        "16": 12196.74318325886,
        "17": 12800.876734885753,
        "18": 12836.070984069265,
        "19": 13055.36111684861,
        "20": 13502.90582529066,
        "21": 13729.964656903785,
        "22": 14001.991516409555,
        "23": 14586.559499289742,
        "24": 14957.071897186524,
        "25": 15104.816029047139,
        "26": 15213.914103509655,
        "27": 15329.911513615933,
        "28": 15381.282817755739,
        "29": 15403.505975858272,
        "30": 15787.339326145297,
        "31": 15970.941803322494,
        "32": 15979.279979287248,
        "33": 16144.0476096114,
        "34": 16590.697665491465,
        "35": 16652.14778548111,
        "36": 16912.055767830283,
        "37": 17445.830480752848,
        "38": 17912.657359571782,
        "39": 18667.62823670554,
        "40": 19202.582215165537,
        "41": 19251.7156814082,
        "42": 19746.11684199084,
        "43": 19768.412425805833,
        "44": 19978.100105465375,
        "45": 20354.671661843124,
        "46": 20658.185620697244,
        "47": 22136.994048663237,
        "48": 23456.555318092473,
        "49": 24281.31309230927,
        "50": 25304.83011215576,
        "51": 25911.509330004228,
        "52": 26747.97743552131,
        "53": 27595.98695897676,
        "54": 27695.474571058538
      },
      "node_time_windows": {
        "1": [
          3025.4832186464146,
          4825.483218646415
        ],
        "55": [
          3124.4994467358492,
          6724.499446735849
        ],
        "2": [
          3673.0262725265047,
          5473.026272526505
        ],
        "56": [
          3775.1815131339977,
          7375.181513133997
        ],
        "3": [
          4451.1571845954495,
          6251.1571845954495
        ],
        "57": [
          4553.95268045057,
          8153.95268045057
        ],
        "4": [
          6144.558009795763,
          7944.558009795763
        ],
        "58": [
          6236.554677270613,
          9836.554677270613
        ],
        "5": [
          7808.9658718576975,
          9608.965871857697
        ],
        "59": [
          7910.672378350298,
          11510.672378350297
        ],
        "6": [
          9748.79100827373,
          11548.79100827373
        ],
        "60": [
          9850.101392209543,
          13450.101392209543
        ],
        "7": [
          10216.265112761088,
          12016.265112761088
        ],
        "61": [
          10313.404664174412,
          13913.404664174412
        ],
        "8": [
          10335.139915605807,
          12135.139915605807
        ],
        "62": [
          10430.640940604251,
          14030.640940604251
        ],
        "9": [
          10726.27012817517,
          12526.27012817517
        ],
        "63": [
          10824.779589420048,
          14424.779589420048
        ],
        "10": [
          10786.928420195525,
          12586.928420195525
        ],
        "64": [
          10891.594432484473,
          14491.594432484473
        ],
        "11": [
          11082.57174893999,
          12882.57174893999
        ],
        "65": [
          11177.620453482486,
          14777.620453482486
        ],
        "12": [
          11422.06282270862,
          13222.06282270862
        ],
        "66": [
          11520.655712933403,
          15120.655712933403
        ],
        "13": [
          11571.69224880578,
          13371.69224880578
        ],
        "67": [
          11667.644989713588,
          15267.644989713588
        ],
        "14": [
          12108.575317510622,
          13908.575317510622
        ],
        "68": [
          12206.99428811987,
          15806.99428811987
        ],
        "15": [
          12164.307087811352,
          13964.307087811352
        ],
        "69": [
          12268.822468319722,
          15868.822468319722
        ],
        "16": [
          12196.74318325886,
          13996.74318325886
        ],
        "70": [
          12302.133465718125,
          15902.133465718125
        ],
        "17": [
          12800.876734885753,
          14600.876734885753
        ],
        "71": [
          12893.360345505596,
          16493.360345505596
        ],
        "18": [
          12836.070984069265,
          14636.070984069265
        ],
        "72": [
          12933.65557649226,
          16533.65557649226
        ],
        "19": [
          13055.36111684861,
          14855.36111684861
        ],
        "73": [
          13161.330957308395,
          16761.330957308397
        ],
        "20": [
          13502.90582529066,
          15302.90582529066
        ],
        "74": [
          13605.112379629332,
          17205.112379629332
        ],
        "21": [
          13729.964656903785,
          15529.964656903785
        ],
        "75": [
          13828.697550194789,
          17428.69755019479
        ],
        "22": [
          14001.991516409555,
          15801.991516409555
        ],
        "76": [
          14100.095790482434,
          17700.09579048243
        ],
        "23": [
          14586.559499289742,
          16386.559499289742
        ],
        "77": [
          14688.6875031287,
          18288.687503128698
        ],
        "24": [
          14957.071897186524,
          16757.071897186524
        ],
        "78": [
          15056.290049148645,
          18656.290049148643
        ],
        "25": [
          15104.816029047139,
          16904.81602904714
        ],