{
  "layout": {
    "width": 200.0,
    "height": 160.0,
    "depot_position": "center",
    "depot_custom_xy": null,
    "num_tasks": 54,
    "zone_strategy": "left_right",
    "pickup_x_range": [
      0.15,
      0.45
    ],
    "pickup_y_range": [
      0.15,
      0.85
    ],
    "delivery_x_range": [
      0.55,
      0.85
    ],
    "delivery_y_range": [
      0.15,
      0.85
    ],
    "grid_noise_ratio": 0.05,
    "uniform_margin": 0.1,
    "demand_range": [
      10.0,
      40.0
    ],
    "demand_fixed": null,
    "service_time": 60.0,
    "time_window_mode": "none",
    "time_window_type": "soft",
    "tw_pickup_width": 120.0,
    "tw_delivery_gap": 30.0,
    "tw_stagger_interval": 45.0,
    "tw_horizon": 10000.0,
    "num_charging_stations": 4,
    "charging_placement": "perimeter",
    "charging_custom_coords": null,
    "seed": 3001
  },
  "episode_length_s": 28800.0,
  "scenarios": [
    {
      "scenario_id": 0,
      "probability": 1.0,
      "task_availability": {
        "1": 1,
        "2": 1,
        "3": 1,
        "4": 1,
        "5": 1,
        "6": 1,
        "7": 1,
        "8": 1,
        "9": 1,
        "10": 1,
        "11": 1,
        "12": 1,
        "13": 1,
        "14": 1,
        "15": 1,
        "16": 1,
        "17": 1,
        "18": 1,
        "19": 1,
        "20": 1,
        "21": 1,
        "22": 1,
        "23": 1,
        "24": 1,
        "25": 1,
        "26": 1,
        "27": 1,
        "28": 1,
        "29": 1,
        "30": 1,
        "31": 1,
        "32": 1,
        "33": 1,
        "34": 1,
        "35": 1,
        "36": 1,
        "37": 1,
        "38": 1,
        "39": 1,
        "40": 1,
        "41": 1,
        "42": 1,
        "43": 1,
        "44": 1,
        "45": 1,
        "46": 1,
        "47": 1,
        "48": 1,
        "49": 1,
        "50": 1,
        "51": 1,
        "52": 1,
        "53": 1,
        "54": 1
      },
      "task_release_times": {
        "1": 156.975528069988,
        "2": 273.96584607830835,
        "3": 935.5874048749267,
        "4": 1342.3294058474307,
        "5": 1573.86684396049,
        "6": 1652.2084954333664,
        "7": 1856.3153541925985,
        "8": 1939.4440145225844,
        "9": 2115.7912635445596,
        "10": 2166.5390535847546,
        "11": 2206.4233153885434,
        "12": 2970.3780692222813,
        "13": 2998.0650864838362,
        "14": 3019.291250391044,
        "15": 3424.4712145972812,
        "16": 3718.9833930068876,
        "17": 4141.737502312044,
        "18": 4571.304236165441,
        "19": 4849.946596368617,
        "20": 5268.357963296122,
        "21": 5378.484776351166,
        "22": 5483.2058102298215,
        "23": 5754.214423676047,
        "24": 5926.0363515014305,
        "25": 6014.77560726003,
        "26": 6456.311357300681,
        "27": 6666.958690543574,
        "28": 6695.56193558751,
        "29": 7544.775659333912,
        "30": 7655.2838167204145,
        "31": 7876.368237626651,
        "32": 9454.140140081516,
        "33": 9870.98270273461,
        "34": 10147.005374825963,
        "35": 10286.2167157254,
        "36": 10900.48803481276,
        "37": 11513.999801580672,
        "38": 11643.171148273177,
        "39": 11855.439920212351,
        "40": 17017.100555282665,
        "41": 17089.664150017023,
        "42": 17163.867448165787,
        "43": 18145.32908998346,
        "44": 18854.896237798297,
        "45": 21180.157990573105,
        "46": 22058.637893078292,
        "47": 22545.89511842834,
        "48": 22797.3123271168,
        "49": 25531.687294528714,
        "50": 26603.169696624813,
        "51": 27263.946903595854,
        "52": 27454.301059422894,
        "53": 28580.2825478957,
        "54": 28756.1366831102
      },
      "node_time_windows": {
        "1": [
          156.975528069988,
          1956.975528069988
        ],
        "55": [
          198.20400665379736,
          3798.2040066537975
        ],
        "2": [
          273.96584607830835,
          2073.9658460783085
        ],
        "56": [
          320.72910572806023,
          3920.7291057280604
        ],
        "3": [
          935.5874048749267,
          2735.5874048749265
        ],
        "57": [
          974.9853044394949,
          4574.985304439495
        ],
        "4": [
          1342.3294058474307,
          3142.3294058474307
        ],
        "58": [
          1378.1527946669044,
          4978.152794666905
        ],
        "5": [
          1573.86684396049,
          3373.86684396049
        ],
        "59": [
          1613.5945475910498,
          5213.59454759105
        ],
        "6": [
          1652.2084954333664,
          3452.2084954333664
        ],
        "60": [
          1688.9298919247115,
          5288.929891924711
        ],
        "7": [
          1856.3153541925985,
          3656.3153541925985
        ],
        "61": [
          1893.3211271776463,
          5493.321127177646
        ],
        "8": [
          1939.4440145225844,
          3739.4440145225844
        ],
        "62": [
          1980.2845111904232,
          5580.2845111904235
        ],
        "9": [
          2115.7912635445596,
          3915.7912635445596
        ],
        "63": [
          2151.6917895412234,
          5751.691789541223
        ],
        "10": [
          2166.5390535847546,
          3966.5390535847546
        ],
        "64": [
          2212.156087827338,
          5812.156087827338
        ],
        "11": [
          2206.4233153885434,
          4006.4233153885434
        ],
        "65": [
          2246.6130872592216,
          5846.613087259222
        ],
        "12": [
          2970.3780692222813,
          4770.378069222281
        ],
        "66": [
          3012.974421538461,
          6612.974421538461
        ],
        "13": [
          2998.0650864838362,
          4798.065086483836
        ],
        "67": [
          3036.466148436985,
          6636.466148436984
        ],
        "14": [
          3019.291250391044,
          4819.291250391044
        ],
        "68": [
          3056.9598140751837,
          6656.959814075184
        ],
        "15": [
          3424.4712145972812,
          5224.471214597281
        ],
        "69": [
          3467.7794576220713,
          7067.779457622071
        ],
        "16": [
          3718.9833930068876,
          5518.983393006887
        ],
        "70": [
          3752.6704374928413,
          7352.670437492841
        ],
        "17": [
          4141.737502312044,
          5941.737502312044
        ],
        "71": [
          4182.412561069479,
          7782.412561069479
        ],
        "18": [
          4571.304236165441,
          6371.304236165441
        ],
        "72": [
          4619.3506026716705,
          8219.350602671671
        ],
        "19": [
          4849.946596368617,
          6649.946596368617
        ],
        "73": [
          4894.629609645138,
          8494.629609645137
        ],
        "20": [
          5268.357963296122,
          7068.357963296122
        ],
        "74": [
          5306.1174531478555,
          8906.117453147855
        ],
        "21": [
          5378.484776351166,
          7178.484776351166
        ],
        "75": [
          5415.299613723486,
          9015.299613723486
        ],
        "22": [
          5483.2058102298215,
          7283.2058102298215
        ],
        "76": [
          5520.005185176722,
          9120.005185176722
        ],
        "23": [
          5754.214423676047,
          7554.214423676047
        ],
        "77": [
          5789.8245603692085,
          9389.824560369208
        ],
        "24": [
          5926.0363515014305,
          7726.0363515014305
        ],
        "78": [
          5962.704541897166,
          9562.704541897165
        ],
        "25": [
          6014.77560726003,
          7814.77560726003
        ],