{
  "layout": {
    "width": 200.0,
    "height": 160.0,
    "depot_position": "center",
    "depot_custom_xy": null,
    "num_tasks": 54,
    "zone_strategy": "left_right",
    "pickup_x_range": [
      0.15,
      0.45
    ],
    "pickup_y_range": [
      0.15,
      0.85
    ],
    "delivery_x_range": [
      0.55,
      0.85
    ],
    "delivery_y_range": [
      0.15,
      0.85
    ],
    "grid_noise_ratio": 0.05,
    "uniform_margin": 0.1,
    "demand_range": [
      10.0,
      40.0
    ],
    "demand_fixed": null,
    "service_time": 60.0,
    "time_window_mode": "none",
    "time_window_type": "soft",
    "tw_pickup_width": 120.0,
    "tw_delivery_gap": 30.0,
    "tw_stagger_interval": 45.0,
    "tw_horizon": 10000.0,
    "num_charging_stations": 4,
    "charging_placement": "perimeter",
    "charging_custom_coords": null,
    "seed": 3001
  },
  "episode_length_s": 28800.0,
  "scenarios": [
    {
      "scenario_id": 0,
      "probability": 1.0,
      "task_availability": {
        "1": 1,
        "2": 1,
        "3": 1,
        "4": 1,
        "5": 1,
        "6": 1,
        "7": 1,
        "8": 1,
        "9": 1,
        "10": 1,
        "11": 1,
        "12": 1,
        "13": 1,
        "14": 1,
        "15": 1,
        "16": 1,
        "17": 1,
        "18": 1,
        "19": 1,
        "20": 1,
        "21": 1,
        "22": 1,
        "23": 1,
        "24": 1,
        "25": 1,
        "26": 1,
        "27": 1,
        "28": 1,
        "29": 1,
        "30": 1,
        "31": 1,
        "32": 1,
        "33": 1,
        "34": 1,
        "35": 1,
        "36": 1,
        "37": 1,
        "38": 1,
        "39": 1,
        "40": 1,
        "41": 1,
        "42": 1,
        "43": 1,
        "44": 1,
        "45": 1,
        "46": 1,
        "47": 1,
        "48": 1,
        "49": 1,
        "50": 1,
        "51": 1,
        "52": 1,
        "53": 1,
        "54": 1
      },
      "task_release_times": {
        "1": 1652.2084954333664,
        "2": 2166.5390535847546,
        "3": 4141.737502312044,
        "4": 6666.958690543574,
        "5": 9454.140140081516,
        "6": 9756.975528069988,
        "7": 9870.98270273461,
        "8": 9873.965846078308,
        "9": 10535.587404874927,
        "10": 10942.329405847431,
        "11": 11173.86684396049,
        "12": 11456.315354192599,
        "13": 11539.444014522585,
        "14": 11643.171148273177,
        "15": 11715.79126354456,
        "16": 11806.423315388543,
        "17": 11855.439920212351,
        "18": 12570.37806922228,
        "19": 12598.065086483835,
        "20": 12619.291250391045,
        "21": 13024.47121459728,
        "22": 13318.983393006887,
        "23": 14171.30423616544,
        "24": 14449.946596368616,
        "25": 14868.357963296123,
        "26": 14978.484776351166,
        "27": 15083.205810229822,
        "28": 15354.214423676047,
        "29": 15526.03635150143,
        "30": 15614.77560726003,
        "31": 16056.311357300681,
        "32": 16295.56193558751,
        "33": 17017.100555282665,
        "34": 17089.664150017023,
        "35": 17144.77565933391,
        "36": 17163.867448165787,
        "37": 17255.283816720414,
        "38": 17476.36823762665,
        "39": 18145.32908998346,
        "40": 18854.896237798297,
        "41": 19747.005374825963,
        "42": 19886.2167157254,
        "43": 20500.48803481276,
        "44": 21113.999801580674,
        "45": 21180.157990573105,
        "46": 22058.637893078292,
        "47": 22545.89511842834,
        "48": 22797.3123271168,
        "49": 25531.687294528714,
        "50": 26603.169696624813,
        "51": 27263.946903595854,
        "52": 27454.301059422894,
        "53": 28580.2825478957,
        "54": 28756.1366831102
      },
      "node_time_windows": {
        "1": [
          1652.2084954333664,
          3452.2084954333664
        ],
        "55": [
          1753.4369740171758,
          5353.436974017176
        ],
        "2": [
          2166.5390535847546,
          3966.5390535847546
        ],
        "56": [
          2273.3023132345065,
          5873.302313234506
        ],
        "3": [
          4141.737502312044,
          5941.737502312044
        ],
        "57": [
          4241.135401876612,
          7841.135401876612
        ],
        "4": [
          6666.958690543574,
          8466.958690543575
        ],
        "58": [
          6762.782079363048,
          10362.782079363049
        ],
        "5": [
          9454.140140081516,
          11254.140140081516
        ],
        "59": [
          9553.867843712076,
          13153.867843712076
        ],
        "6": [
          9756.975528069988,
          11556.975528069988
        ],
        "60": [
          9853.696924561333,
          13453.696924561333
        ],
        "7": [
          9870.98270273461,
          11670.98270273461
        ],
        "61": [
          9967.988475719658,
          13567.988475719658
        ],
        "8": [
          9873.965846078308,
          11673.965846078308
        ],
        "62": [
          9974.806342746147,
          13574.806342746147
        ],
        "9": [
          10535.587404874927,
          12335.587404874927
        ],
        "63": [
          10631.48793087159,
          14231.48793087159
        ],
        "10": [
          10942.329405847431,
          12742.329405847431
        ],
        "64": [
          11047.946440090014,
          14647.946440090014
        ],
        "11": [
          11173.86684396049,
          12973.86684396049
        ],
        "65": [
          11274.056615831169,
          14874.056615831169
        ],
        "12": [
          11456.315354192599,
          13256.315354192599
        ],
        "66": [
          11558.911706508778,
          15158.911706508778
        ],
        "13": [
          11539.444014522585,
          13339.444014522585
        ],
        "67": [
          11637.845076475734,
          15237.845076475734
        ],
        "14": [
          11643.171148273177,
          13443.171148273177
        ],
        "68": [
          11740.839711957316,
          15340.839711957316
        ],
        "15": [
          11715.79126354456,
          13515.79126354456
        ],
        "69": [
          11819.09950656935,
          15419.09950656935
        ],
        "16": [
          11806.423315388543,
          13606.423315388543
        ],
        "70": [
          11900.110359874498,
          15500.110359874498
        ],
        "17": [
          11855.439920212351,
          13655.439920212351
        ],
        "71": [
          11956.114978969787,
          15556.114978969787
        ],
        "18": [
          12570.37806922228,
          14370.37806922228
        ],
        "72": [
          12678.42443572851,
          16278.42443572851
        ],
        "19": [
          12598.065086483835,
          14398.065086483835
        ],
        "73": [
          12702.748099760356,
          16302.748099760356
        ],
        "20": [
          12619.291250391045,
          14419.291250391045
        ],
        "74": [
          12717.05074024278,
          16317.05074024278
        ],
        "21": [
          13024.47121459728,
          14824.47121459728
        ],
        "75": [
          13121.2860519696,
          16721.2860519696
        ],
        "22": [
          13318.983393006887,
          15118.983393006887
        ],
        "76": [
          13415.782767953788,
          17015.782767953788
        ],
        "23": [
          14171.30423616544,
          15971.30423616544
        ],
        "77": [
          14266.914372858602,
          17866.914372858602
        ],
        "24": [
          14449.946596368616,
          16249.946596368616
        ],
        "78": [
          14546.61478676435,
          18146.614786764352
        ],
        "25": [
          14868.357963296123,
          16668.357963296123
        ],