{
  "layout": {
    "width": 200.0,
    "height": 160.0,
    "depot_position": "center",
    "depot_custom_xy": null,
    "num_tasks": 50,
    "zone_strategy": "left_right",
    "pickup_x_range": [
      0.15,
      0.45
    ],
    "pickup_y_range": [
      0.15,
      0.85
    ],
    "delivery_x_range": [
      0.55,
      0.85
    ],
    "delivery_y_range": [
      0.15,
      0.85
    ],
    "grid_noise_ratio": 0.05,
    "uniform_margin": 0.1,
    "demand_range": [
      10.0,
      40.0
    ],
    "demand_fixed": null,
    "service_time": 60.0,
    "time_window_mode": "none",
    "time_window_type": "soft",
    "tw_pickup_width": 120.0,
    "tw_delivery_gap": 30.0,
    "tw_stagger_interval": 45.0,
    "tw_horizon": 10000.0,
    "num_charging_stations": 4,
    "charging_placement": "perimeter",
    "charging_custom_coords": null,
    "seed": 3005
  },
  "episode_length_s": 28800.0,
  "scenarios": [
    {
      "scenario_id": 0,
      "probability": 1.0,
      "task_availability": {
        "1": 1,
        "2": 1,
        "3": 1,
        "4": 1,
        "5": 1,
        "6": 1,
        "7": 1,
        "8": 1,
        "9": 1,
        "10": 1,
        "11": 1,
        "12": 1,
        "13": 1,
        "14": 1,
        "15": 1,
        "16": 1,
        "17": 1,
        "18": 1,
        "19": 1,
        "20": 1,
        "21": 1,
        "22": 1,
        "23": 1,
        "24": 1,
        "25": 1,
        "26": 1,
        "27": 1,
        "28": 1,
        "29": 1,
        "30": 1,
        "31": 1,
        "32": 1,
        "33": 1,
        "34": 1,
        "35": 1,
        "36": 1,
        "37": 1,
        "38": 1,
        "39": 1,
        "40": 1,
        "41": 1,
        "42": 1,
        "43": 1,
        "44": 1,
        "45": 1,
        "46": 1,
        "47": 1,
        "48": 1,
        "49": 1,
        "50": 1
      },
      "task_release_times": {
        "1": 6895.273179772117,
        "2": 10255.00524580433,
        "3": 10488.33023382361,
        "4": 10744.307414103274,
        "5": 10875.615279553498,
        "6": 11071.787553191649,
        "7": 11253.291940052028,
        "8": 11315.14085999164,
        "9": 11884.636294756849,
        "10": 11979.266781925176,
        "11": 12226.835264158173,
        "12": 12356.88476345372,
        "13": 12530.152353443087,
        "14": 13274.226248649626,
        "15": 13323.075185130254,
        "16": 13506.642889515579,
        "17": 13553.355522000693,
        "18": 13788.93224889582,
        "19": 13813.974119015009,
        "20": 13911.941857152335,
        "21": 14229.623628143432,
        "22": 14279.828303013383,
        "23": 14779.98627936094,
        "24": 15587.429198153783,
        "25": 15616.564415330398,
        "26": 15656.488358951443,
        "27": 15853.96553480937,
        "28": 15977.470684705442,
        "29": 16400.672085538397,
        "30": 16437.876892829077,
        "31": 16926.332650724446,
        "32": 17202.31248436376,
        "33": 17585.802011971202,
        "34": 17842.304007035964,
        "35": 18059.713987031348,
        "36": 18172.427442034936,
        "37": 18233.51853861046,
        "38": 18405.403143673735,
        "39": 18966.36102107096,
        "40": 19739.541488755403,
        "41": 19875.98554183335,
        "42": 20535.480879807583,
        "43": 20927.795419009537,
        "44": 22025.70217630657,
        "45": 22535.69111672521,
        "46": 25135.915212379172,
        "47": 26265.717277216103,
        "48": 27956.803747338636,
        "49": 28147.56625381166,
        "50": 28670.4380470396
      },
      "node_time_windows": {
        "1": [
          6895.273179772117,
          8695.273179772117
        ],
        "51": [
          6994.853888480068,
          10594.85388848007
        ],
        "2": [
          10255.00524580433,
          12055.00524580433
        ],
        "52": [
          10354.288447100189,
          13954.288447100189
        ],
        "3": [
          10488.33023382361,
          12288.33023382361
        ],
        "53": [
          10591.726815081509,
          14191.726815081509
        ],
        "4": [
          10744.307414103274,
          12544.307414103274
        ],
        "54": [
          10840.499216706083,
          14440.499216706083
        ],
        "5": [
          10875.615279553498,
          12675.615279553498
        ],
        "55": [
          10972.809954854063,
          14572.809954854063
        ],
        "6": [
          11071.787553191649,
          12871.787553191649
        ],
        "56": [
          11168.285788539673,
          14768.285788539673
        ],
        "7": [
          11253.291940052028,
          13053.291940052028
        ],
        "57": [
          11349.886985013742,
          14949.886985013742
        ],
        "8": [
          11315.14085999164,
          13115.14085999164
        ],
        "58": [
          11411.170647283614,
          15011.170647283614
        ],
        "9": [
          11884.636294756849,
          13684.636294756849
        ],
        "59": [
          11988.348951446496,
          15588.348951446496
        ],
        "10": [
          11979.266781925176,
          13779.266781925176
        ],
        "60": [
          12072.906623073995,
          15672.906623073995
        ],
        "11": [
          12226.835264158173,
          14026.835264158173
        ],
        "61": [
          12326.186130012846,
          15926.186130012846
        ],
        "12": [
          12356.88476345372,
          14156.88476345372
        ],
        "62": [
          12451.28831000183,
          16051.28831000183
        ],
        "13": [
          12530.152353443087,
          14330.152353443087
        ],
        "63": [
          12628.991625942801,
          16228.991625942801
        ],
        "14": [
          13274.226248649626,
          15074.226248649626
        ],
        "64": [
          13372.102560604155,
          16972.102560604155
        ],
        "15": [
          13323.075185130254,
          15123.075185130254
        ],
        "65": [
          13423.307580554147,
          17023.307580554145
        ],
        "16": [
          13506.642889515579,
          15306.642889515579
        ],
        "66": [
          13603.853974428734,
          17203.853974428734
        ],
        "17": [
          13553.355522000693,
          15353.355522000693
        ],
        "67": [
          13644.453229348257,
          17244.453229348255
        ],
        "18": [
          13788.93224889582,
          15588.93224889582
        ],
        "68": [
          13882.178252030444,
          17482.178252030444
        ],
        "19": [
          13813.974119015009,
          15613.974119015009
        ],
        "69": [
          13913.751076405504,
          17513.751076405504
        ],
        "20": [
          13911.941857152335,
          15711.941857152335
        ],
        "70": [
          14008.679106278985,
          17608.679106278985
        ],
        "21": [
          14229.623628143432,
          16029.623628143432
        ],
        "71": [
          14331.25129142537,
          17931.251291425368
        ],
        "22": [
          14279.828303013383,
          16079.828303013383
        ],
        "72": [
          14372.100441175562,
          17972.100441175564
        ],
        "23": [
          14779.98627936094,
          16579.986279360943
        ],
        "73": [
          14882.65993078177,
          18482.65993078177
        ],
        "24": [
          15587.429198153783,
          17387.429198153783
        ],
        "74": [
          15681.994988060642,
          19281.994988060644
        ],
        "25": [
          15616.564415330398,
          17416.5644153304
        ],
        "75": [
          15722.86333208889,
          19322.86333208889
        ],
        "26": [
          15656.488358951443,
          17456.488358951443
        ],