{
  "layout": {
    "width": 200.0,
    "height": 160.0,
    "depot_position": "center",
    "depot_custom_xy": null,
    "num_tasks": 53,
    "zone_strategy": "left_right",
    "pickup_x_range": [
      0.15,
      0.45
    ],
    "pickup_y_range": [
      0.15,
      0.85
    ],
    "delivery_x_range": [
      0.55,
      0.85
    ],
    "delivery_y_range": [
      0.15,
      0.85
    ],
    "grid_noise_ratio": 0.05,
    "uniform_margin": 0.1,
    "demand_range": [
      10.0,
      40.0
    ],
    "demand_fixed": null,
    "service_time": 60.0,
    "time_window_mode": "none",
    "time_window_type": "soft",
    "tw_pickup_width": 120.0,
    "tw_delivery_gap": 30.0,
    "tw_stagger_interval": 45.0,
    "tw_horizon": 10000.0,
    "num_charging_stations": 4,
    "charging_placement": "perimeter",
    "charging_custom_coords": null,
    "seed": 3002
  },
  "episode_length_s": 28800.0,
  "scenarios": [
    {
      "scenario_id": 0,
      "probability": 1.0,
      "task_availability": {
        "1": 1,
        "2": 1,
        "3": 1,
        "4": 1,
        "5": 1,
        "6": 1,
        "7": 1,
        "8": 1,
        "9": 1,
        "10": 1,
        "11": 1,
        "12": 1,
        "13": 1,
        "14": 1,
        "15": 1,
        "16": 1,
        "17": 1,
        "18": 1,
        "19": 1,
        "20": 1,
        "21": 1,
        "22": 1,
        "23": 1,
        "24": 1,
        "25": 1,
        "26": 1,
        "27": 1,
        "28": 1,
        "29": 1,
        "30": 1,
        "31": 1,
        "32": 1,
        "33": 1,
        "34": 1,
        "35": 1,
        "36": 1,
        "37": 1,
        "38": 1,
        "39": 1,
        "40": 1,
        "41": 1,
        "42": 1,
        "43": 1,
        "44": 1,
        "45": 1,
        "46": 1,
        "47": 1,
        "48": 1,
        "49": 1,
        "50": 1,
        "51": 1,
        "52": 1,
        "53": 1
      },
      "task_release_times": {
        "1": 410.4404307104794,
        "2": 711.1941293617817,
        "3": 1126.8517102671328,
        "4": 1308.4057446341744,
        "5": 1311.696105793363,
        "6": 1715.277568789954,
        "7": 1851.960945655241,
        "8": 2310.7575907462333,
        "9": 2572.1388796204396,
        "10": 2822.7016708198457,
        "11": 2907.170323258046,
        "12": 3126.773326814843,
        "13": 3356.627196636614,
        "14": 3405.2542320335547,
        "15": 3467.437617950604,
        "16": 3494.680951790285,
        "17": 3507.2263159955787,
        "18": 4174.496098197294,
        "19": 4250.7066490272,
        "20": 4434.188345438905,
        "21": 4693.318985070186,
        "22": 4745.949539964349,
        "23": 5022.856963340651,
        "24": 5321.316007167158,
        "25": 5472.469252951003,
        "26": 5576.652642831221,
        "27": 6421.61029978358,
        "28": 7023.673581390758,
        "29": 7555.980100984577,
        "30": 7854.7362326163575,
        "31": 8064.281058380774,
        "32": 8209.720953149157,
        "33": 8343.3228480482,
        "34": 8351.318854803087,
        "35": 8959.588387785627,
        "36": 9145.137315419548,
        "37": 9148.253465256366,
        "38": 10033.670593291736,
        "39": 10301.87056650336,
        "40": 11056.701036769495,
        "41": 11537.193475049778,
        "42": 11798.956544621613,
        "43": 12604.239812633243,
        "44": 13328.353890309745,
        "45": 14269.093253853196,
        "46": 15305.731722480594,
        "47": 15432.955569429596,
        "48": 15636.779904205654,
        "49": 15849.622461428124,
        "50": 16676.57526475892,
        "51": 16979.116764615024,
        "52": 22767.479312754884,
        "53": 24542.399302411966
      },
      "node_time_windows": {
        "1": [
          410.4404307104794,
          2210.4404307104796
        ],
        "54": [
          457.54784495071095,
          4057.547844950711
        ],
        "2": [
          711.1941293617817,
          2511.194129361782
        ],
        "55": [
          750.5629195543195,
          4350.56291955432
        ],
        "3": [
          1126.8517102671328,
          2926.851710267133
        ],
        "56": [
          1167.5319970916212,
          4767.531997091621
        ],
        "4": [
          1308.4057446341744,
          3108.4057446341744
        ],
        "57": [
          1348.1036673550602,
          4948.103667355061
        ],
        "5": [
          1311.696105793363,
          3111.696105793363
        ],
        "58": [
          1352.6572410705185,
          4952.6572410705185
        ],
        "6": [
          1715.277568789954,
          3515.277568789954
        ],
        "59": [
          1752.7228084555638,
          5352.722808455564
        ],
        "7": [
          1851.960945655241,
          3651.9609456552407
        ],
        "60": [
          1895.4201463519935,
          5495.420146351993
        ],
        "8": [
          2310.7575907462333,
          4110.757590746233
        ],
        "61": [
          2350.7185538979916,
          5950.718553897992
        ],
        "9": [
          2572.1388796204396,
          4372.138879620439
        ],
        "62": [
          2615.3916166074737,
          6215.391616607474
        ],
        "10": [
          2822.7016708198457,
          4622.701670819846
        ],
        "63": [
          2858.6770007537434,
          6458.677000753743
        ],
        "11": [
          2907.170323258046,
          4707.170323258046
        ],
        "64": [
          2942.179305035588,
          6542.179305035588
        ],
        "12": [
          3126.773326814843,
          4926.773326814843
        ],
        "65": [
          3162.6090250654015,
          6762.6090250654015
        ],
        "13": [
          3356.627196636614,
          5156.627196636614
        ],
        "66": [
          3395.342016292368,
          6995.3420162923685
        ],
        "14": [
          3405.2542320335547,
          5205.254232033554
        ],
        "67": [
          3450.160810940275,
          7050.160810940275
        ],
        "15": [
          3467.437617950604,
          5267.437617950603
        ],
        "68": [
          3506.464695631811,
          7106.464695631811
        ],
        "16": [
          3494.680951790285,
          5294.680951790285
        ],
        "69": [
          3543.3211254326793,
          7143.32112543268
        ],
        "17": [
          3507.2263159955787,
          5307.226315995578
        ],
        "70": [
          3555.0590100585587,
          7155.059010058559
        ],
        "18": [
          4174.496098197294,
          5974.496098197294
        ],
        "71": [
          4211.320448578442,
          7811.320448578442
        ],
        "19": [
          4250.7066490272,
          6050.7066490272
        ],
        "72": [
          4291.723171238213,
          7891.723171238213
        ],
        "20": [
          4434.188345438905,
          6234.188345438905
        ],
        "73": [
          4477.278575856344,
          8077.278575856344
        ],
        "21": [
          4693.318985070186,
          6493.318985070186
        ],
        "74": [
          4725.650101354529,
          8325.65010135453
        ],
        "22": [
          4745.949539964349,
          6545.949539964349
        ],
        "75": [
          4793.290448923002,
          8393.290448923002
        ],
        "23": [
          5022.856963340651,
          6822.856963340651
        ],
        "76": [
          5064.3995792387805,
          8664.39957923878
        ],
        "24": [
          5321.316007167158,
          7121.316007167158
        ],
        "77": [
          5368.347187462168,
          8968.347187462168
        ],
        "25": [
          5472.469252951003,
          7272.469252951003
        ],
        "78": [
          5514.30068156237,
          9114.30068156237
        ],