{
  "layout": {
    "width": 200.0,
    "height": 160.0,
    "depot_position": "center",
    "depot_custom_xy": null,
    "num_tasks": 54,
    "zone_strategy": "left_right",
    "pickup_x_range": [
      0.15,
      0.45
    ],
    "pickup_y_range": [
      0.15,
      0.85
    ],
    "delivery_x_range": [
      0.55,
      0.85
    ],
    "delivery_y_range": [
      0.15,
      0.85
    ],
    "grid_noise_ratio": 0.05,
    "uniform_margin": 0.1,
    "demand_range": [
      10.0,
      40.0
    ],
    "demand_fixed": null,
    "service_time": 60.0,
    "time_window_mode": "none",
    "time_window_type": "soft",
    "tw_pickup_width": 120.0,
    "tw_delivery_gap": 30.0,
    "tw_stagger_interval": 45.0,
    "tw_horizon": 10000.0,
    "num_charging_stations": 4,
    "charging_placement": "perimeter",
    "charging_custom_coords": null,
    "seed": 3008
  },
  "episode_length_s": 28800.0,
  "scenarios": [
    {
      "scenario_id": 0,
      "probability": 1.0,
      "task_availability": {
        "1": 1,
        "2": 1,
        "3": 1,
        "4": 1,
        "5": 1,
        "6": 1,
        "7": 1,
        "8": 1,
        "9": 1,
        "10": 1,
        "11": 1,
        "12": 1,
        "13": 1,
        "14": 1,
        "15": 1,
        "16": 1,
        "17": 1,
        "18": 1,
        "19": 1,
        "20": 1,
        "21": 1,
        "22": 1,
        "23": 1,
        "24": 1,
        "25": 1,
        "26": 1,
        "27": 1,
        "28": 1,
        "29": 1,
        "30": 1,
        "31": 1,
        "32": 1,
        "33": 1,
        "34": 1,
        "35": 1,
        "36": 1,
        "37": 1,
        "38": 1,
        "39": 1,
        "40": 1,
        "41": 1,
        "42": 1,
        "43": 1,
        "44": 1,
        "45": 1,
        "46": 1,
        "47": 1,
        "48": 1,
        "49": 1,
        "50": 1,
        "51": 1,
        "52": 1,
        "53": 1,
        "54": 1
      },
      "task_release_times": {
        "1": 148.79100827373043,
        "2": 616.2651127610875,
        "3": 735.1399156058072,
        "4": 1126.2701281751713,
        "5": 1186.928420195525,
        "6": 1482.5717489399913,
        "7": 1822.0628227086195,
        "8": 1971.6922488057812,
        "9": 2508.575317510621,
        "10": 2564.3070878113517,
        "11": 2596.7431832588604,
        "12": 3025.4832186464146,
        "13": 3200.8767348857523,
        "14": 3236.0709840692643,
        "15": 3455.361116848609,
        "16": 3673.0262725265047,
        "17": 3902.90582529066,
        "18": 4129.964656903785,
        "19": 4451.1571845954495,
        "20": 4986.559499289742,
        "21": 5357.071897186524,
        "22": 5504.816029047139,
        "23": 5613.914103509654,
        "24": 5729.911513615933,
        "25": 5803.505975858271,
        "26": 6144.558009795763,
        "27": 6370.941803322493,
        "28": 6379.279979287248,
        "29": 6990.697665491465,
        "30": 7052.147785481107,
        "31": 7808.9658718576975,
        "32": 9651.7156814082,
        "33": 10146.11684199084,
        "34": 10168.412425805833,
        "35": 10754.671661843122,
        "36": 11058.185620697244,
        "37": 12536.994048663237,
        "38": 14001.991516409555,
        "39": 15381.282817755739,
        "40": 15787.339326145297,
        "41": 16144.0476096114,
        "42": 16912.055767830283,
        "43": 17445.830480752848,
        "44": 17912.657359571782,
        "45": 17995.98695897676,
        "46": 18667.62823670554,
        "47": 19202.582215165537,
        "48": 19978.100105465375,
        "49": 23456.555318092473,
        "50": 24281.31309230927,
        "51": 25304.83011215576,
        "52": 25911.509330004228,
        "53": 26747.97743552131,
        "54": 27695.474571058538
      },
      "node_time_windows": {
        "1": [
          148.79100827373043,
          1948.7910082737303
        ],
        "55": [
          187.80723636316532,
          3787.8072363631654
        ],
        "2": [
          616.2651127610875,
          2416.2651127610875
        ],
        "56": [
          658.4203533685802,
          4258.42035336858
        ],
        "3": [
          735.1399156058072,
          2535.1399156058073
        ],
        "57": [
          777.9354114609284,
          4377.935411460929
        ],
        "4": [
          1126.2701281751713,
          2926.2701281751715
        ],
        "58": [
          1158.2667956500215,
          4758.266795650022
        ],
        "5": [
          1186.928420195525,
          2986.928420195525
        ],
        "59": [
          1228.6349266881246,
          4828.634926688124
        ],
        "6": [
          1482.5717489399913,
          3282.5717489399913
        ],
        "60": [
          1523.8821328758038,
          5123.882132875804
        ],
        "7": [
          1822.0628227086195,
          3622.0628227086195
        ],
        "61": [
          1859.202374121943,
          5459.202374121943
        ],
        "8": [
          1971.6922488057812,
          3771.692248805781
        ],
        "62": [
          2007.1932738042262,
          5607.193273804226
        ],
        "9": [
          2508.575317510621,
          4308.575317510621
        ],
        "63": [
          2547.0847787554994,
          6147.084778755499
        ],
        "10": [
          2564.3070878113517,
          4364.307087811352
        ],
        "64": [
          2608.9731001003,
          6208.9731001003
        ],
        "11": [
          2596.7431832588604,
          4396.743183258861
        ],
        "65": [
          2631.7918878013566,
          6231.791887801357
        ],
        "12": [
          3025.4832186464146,
          4825.483218646415
        ],
        "66": [
          3064.0761088711984,
          6664.076108871199
        ],
        "13": [
          3200.8767348857523,
          5000.876734885753
        ],
        "67": [
          3236.82947579356,
          6836.82947579356
        ],
        "14": [
          3236.0709840692643,
          5036.070984069264
        ],
        "68": [
          3274.489954678512,
          6874.489954678512
        ],
        "15": [
          3455.361116848609,
          5255.3611168486095
        ],
        "69": [
          3499.8764973569782,
          7099.876497356978
        ],
        "16": [
          3673.0262725265047,
          5473.026272526505
        ],
        "70": [
          3718.416554985768,
          7318.416554985768
        ],
        "17": [
          3902.90582529066,
          5702.90582529066
        ],
        "71": [
          3935.3894359105034,
          7535.389435910503
        ],
        "18": [
          4129.964656903785,
          5929.964656903785
        ],
        "72": [
          4167.54924932678,
          7767.54924932678
        ],
        "19": [
          4451.1571845954495,
          6251.1571845954495
        ],
        "73": [
          4497.127025055236,
          8097.127025055236
        ],
        "20": [
          4986.559499289742,
          6786.559499289742
        ],
        "74": [
          5028.766053628415,
          8628.766053628415
        ],
        "21": [
          5357.071897186524,
          7157.071897186524
        ],
        "75": [
          5395.8047904775285,
          8995.804790477529
        ],
        "22": [
          5504.816029047139,
          7304.816029047139
        ],
        "76": [
          5542.920303120018,
          9142.920303120018
        ],
        "23": [
          5613.914103509654,
          7413.914103509654
        ],
        "77": [
          5656.042107348611,
          9256.04210734861
        ],
        "24": [
          5729.911513615933,
          7529.911513615933
        ],
        "78": [
          5769.129665578053,
          9369.129665578053
        ],
        "25": [
          5803.505975858271,
          7603.505975858271
        ],
        "79": [
          5841.512440956791,
          9441.51244095679
        ],