{
  "layout": {
    "width": 200.0,
    "height": 160.0,
    "depot_position": "center",
    "depot_custom_xy": null,
    "num_tasks": 53,
    "zone_strategy": "left_right",
    "pickup_x_range": [
      0.15,
      0.45
    ],
    "pickup_y_range": [
      0.15,
      0.85
    ],
    "delivery_x_range": [
      0.55,
      0.85
    ],
    "delivery_y_range": [
      0.15,
      0.85
    ],
    "grid_noise_ratio": 0.05,
    "uniform_margin": 0.1,
    "demand_range": [
      10.0,
      40.0
    ],
    "demand_fixed": null,
    "service_time": 60.0,
    "time_window_mode": "none",
    "time_window_type": "soft",
    "tw_pickup_width": 120.0,
    "tw_delivery_gap": 30.0,
    "tw_stagger_interval": 45.0,
    "tw_horizon": 10000.0,
    "num_charging_stations": 4,
    "charging_placement": "perimeter",
    "charging_custom_coords": null,
    "seed": 3002
  },
  "episode_length_s": 28800.0,
  "scenarios": [
    {
      "scenario_id": 0,
      "probability": 1.0,
      "task_availability": {
        "1": 1,
        "2": 1,
        "3": 1,
        "4": 1,
        "5": 1,
        "6": 1,
        "7": 1,
        "8": 1,
        "9": 1,
        "10": 1,
        "11": 1,
        "12": 1,
        "13": 1,
        "14": 1,
        "15": 1,
        "16": 1,
        "17": 1,
        "18": 1,
        "19": 1,
        "20": 1,
        "21": 1,
        "22": 1,
        "23": 1,
        "24": 1,
        "25": 1,
        "26": 1,
        "27": 1,
        "28": 1,
        "29": 1,
        "30": 1,
        "31": 1,
        "32": 1,
        "33": 1,
        "34": 1,
        "35": 1,
        "36": 1,
        "37": 1,
        "38": 1,
        "39": 1,
        "40": 1,
        "41": 1,
        "42": 1,
        "43": 1,
        "44": 1,
        "45": 1,
        "46": 1,
        "47": 1,
        "48": 1,
        "49": 1,
        "50": 1,
        "51": 1,
        "52": 1,
        "53": 1
      },
      "task_release_times": {
        "1": 410.4404307104794,
        "2": 1308.4057446341744,
        "3": 2310.7575907462333,
        "4": 4174.496098197294,
        "5": 4745.949539964349,
        "6": 5022.856963340651,
        "7": 5472.469252951003,
        "8": 6421.61029978358,
        "9": 7555.980100984577,
        "10": 8343.3228480482,
        "11": 8351.318854803087,
        "12": 8959.588387785627,
        "13": 10301.87056650336,
        "14": 10311.194129361782,
        "15": 10726.851710267132,
        "16": 10911.696105793362,
        "17": 11056.701036769495,
        "18": 11315.277568789954,
        "19": 11451.96094565524,
        "20": 11537.193475049778,
        "21": 12172.13887962044,
        "22": 12422.701670819846,
        "23": 12507.170323258046,
        "24": 12726.773326814844,
        "25": 12956.627196636615,
        "26": 13005.254232033554,
        "27": 13067.437617950603,
        "28": 13094.680951790284,
        "29": 13107.226315995578,
        "30": 13850.706649027201,
        "31": 14034.188345438906,
        "32": 14293.318985070186,
        "33": 14921.31600716716,
        "34": 15176.65264283122,
        "35": 15432.955569429596,
        "36": 15636.779904205654,
        "37": 16623.673581390758,
        "38": 17454.736232616357,
        "39": 17664.281058380773,
        "40": 17809.720953149157,
        "41": 18745.137315419546,
        "42": 18748.253465256366,
        "43": 19633.670593291736,
        "44": 21398.95654462161,
        "45": 22204.239812633245,
        "46": 22767.479312754884,
        "47": 22928.353890309747,
        "48": 23869.093253853196,
        "49": 24542.399302411966,
        "50": 24905.731722480596,
        "51": 25449.622461428124,
        "52": 26276.57526475892,
        "53": 26579.116764615024
      },
      "node_time_windows": {
        "1": [
          410.4404307104794,
          2210.4404307104796
        ],
        "54": [
          517.547844950711,
          4117.547844950711
        ],
        "2": [
          1308.4057446341744,
          3108.4057446341744
        ],
        "55": [
          1407.7745348267122,
          5007.774534826713
        ],
        "3": [
          2310.7575907462333,
          4110.757590746233
        ],
        "56": [
          2411.4378775707214,
          6011.437877570721
        ],
        "4": [
          4174.496098197294,
          5974.496098197294
        ],
        "57": [
          4274.194020918179,
          7874.194020918179
        ],
        "5": [
          4745.949539964349,
          6545.949539964349
        ],
        "58": [
          4846.910675241505,
          8446.910675241505
        ],
        "6": [
          5022.856963340651,
          6822.856963340651
        ],
        "59": [
          5120.302203006261,
          8720.30220300626
        ],
        "7": [
          5472.469252951003,
          7272.469252951003
        ],
        "60": [
          5575.928453647755,
          9175.928453647755
        ],
        "8": [
          6421.61029978358,
          8221.61029978358
        ],
        "61": [
          6521.5712629353375,
          10121.571262935337
        ],
        "9": [
          7555.980100984577,
          9355.980100984576
        ],
        "62": [
          7659.232837971611,
          11259.232837971611
        ],
        "10": [
          8343.3228480482,
          10143.3228480482
        ],
        "63": [
          8439.298177982097,
          12039.298177982097
        ],
        "11": [
          8351.318854803087,
          10151.318854803087
        ],
        "64": [
          8446.327836580629,
          12046.327836580629
        ],
        "12": [
          8959.588387785627,
          10759.588387785627
        ],
        "65": [
          9055.424086036186,
          12655.424086036186
        ],
        "13": [
          10301.87056650336,
          12101.87056650336
        ],
        "66": [
          10400.585386159113,
          14000.585386159113
        ],
        "14": [
          10311.194129361782,
          12111.194129361782
        ],
        "67": [
          10416.100708268503,
          14016.100708268503
        ],
        "15": [
          10726.851710267132,
          12526.851710267132
        ],
        "68": [
          10825.878787948339,
          14425.878787948339
        ],
        "16": [
          10911.696105793362,
          12711.696105793362
        ],
        "69": [
          11020.336279435756,
          14620.336279435756
        ],
        "17": [
          11056.701036769495,
          12856.701036769495
        ],
        "70": [
          11164.533730832474,
          14764.533730832474
        ],
        "18": [
          11315.277568789954,
          13115.277568789954
        ],
        "71": [
          11412.101919171102,
          15012.101919171102
        ],
        "19": [
          11451.96094565524,
          13251.96094565524
        ],
        "72": [
          11552.977467866254,
          15152.977467866254
        ],
        "20": [
          11537.193475049778,
          13337.193475049778
        ],
        "73": [
          11640.283705467218,
          15240.283705467218
        ],
        "21": [
          12172.13887962044,
          13972.13887962044
        ],
        "74": [
          12264.469995904783,
          15864.469995904783
        ],
        "22": [
          12422.701670819846,
          14222.701670819846
        ],
        "75": [
          12530.0425797785,
          16130.0425797785
        ],
        "23": [
          12507.170323258046,
          14307.170323258046
        ],
        "76": [
          12608.712939156176,
          16208.712939156176
        ],
        "24": [
          12726.773326814844,
          14526.773326814844
        ],
        "77": [
          12833.804507109853,
          16433.804507109853
        ],
        "25": [
          12956.627196636615,
          14756.627196636615
        ],
        "78": [
          13058.458625247982,
          16658.458625247982
        ],