{
  "layout": {
    "width": 200.0,
    "height": 160.0,
    "depot_position": "center",
    "depot_custom_xy": null,
    "num_tasks": 50,
    "zone_strategy": "left_right",
    "pickup_x_range": [
      0.15,
      0.45
    ],
    "pickup_y_range": [
      0.15,
      0.85
    ],
    "delivery_x_range": [
      0.55,
      0.85
    ],
    "delivery_y_range": [
      0.15,
      0.85
    ],
    "grid_noise_ratio": 0.05,
    "uniform_margin": 0.1,
    "demand_range": [
      10.0,
      40.0
    ],
    "demand_fixed": null,
    "service_time": 60.0,
    "time_window_mode": "none",
    "time_window_type": "soft",
    "tw_pickup_width": 120.0,
    "tw_delivery_gap": 30.0,
    "tw_stagger_interval": 45.0,
    "tw_horizon": 10000.0,
    "num_charging_stations": 4,
    "charging_placement": "perimeter",
    "charging_custom_coords": null,
    "seed": 3005
  },
  "episode_length_s": 28800.0,
  "scenarios": [
    {
      "scenario_id": 0,
      "probability": 1.0,
      "task_availability": {
        "1": 1,
        "2": 1,
        "3": 1,
        "4": 1,
        "5": 1,
        "6": 1,
        "7": 1,
        "8": 1,
        "9": 1,
        "10": 1,
        "11": 1,
        "12": 1,
        "13": 1,
        "14": 1,
        "15": 1,
        "16": 1,
        "17": 1,
        "18": 1,
        "19": 1,
        "20": 1,
        "21": 1,
        "22": 1,
        "23": 1,
        "24": 1,
        "25": 1,
        "26": 1,
        "27": 1,
        "28": 1,
        "29": 1,
        "30": 1,
        "31": 1,
        "32": 1,
        "33": 1,
        "34": 1,
        "35": 1,
        "36": 1,
        "37": 1,
        "38": 1,
        "39": 1,
        "40": 1,
        "41": 1,
        "42": 1,
        "43": 1,
        "44": 1,
        "45": 1,
        "46": 1,
        "47": 1,
        "48": 1,
        "49": 1,
        "50": 1
      },
      "task_release_times": {
        "1": 888.3302338236095,
        "2": 1144.307414103274,
        "3": 1471.7875531916486,
        "4": 1653.2919400520277,
        "5": 1715.1408599916394,
        "6": 2284.6362947568477,
        "7": 2756.8847634537187,
        "8": 2930.1523534430876,
        "9": 3674.226248649625,
        "10": 3723.075185130254,
        "11": 3953.355522000692,
        "12": 4188.93224889582,
        "13": 4213.97411901501,
        "14": 4311.941857152335,
        "15": 5987.429198153783,
        "16": 6016.564415330397,
        "17": 6056.488358951444,
        "18": 6253.96553480937,
        "19": 6377.470684705442,
        "20": 6800.672085538398,
        "21": 6837.876892829077,
        "22": 6895.273179772117,
        "23": 7602.312484363761,
        "24": 8242.304007035964,
        "25": 8459.71398703135,
        "26": 8633.51853861046,
        "27": 8805.403143673735,
        "28": 9366.361021070961,
        "29": 10255.00524580433,
        "30": 10275.98554183335,
        "31": 10875.615279553498,
        "32": 11327.795419009539,
        "33": 11979.266781925176,
        "34": 12226.835264158173,
        "35": 13506.642889515579,
        "36": 14229.623628143432,
        "37": 14279.828303013383,
        "38": 14779.98627936094,
        "39": 16926.332650724446,
        "40": 17585.802011971202,
        "41": 18172.427442034936,
        "42": 18547.56625381166,
        "43": 19739.541488755403,
        "44": 20535.480879807583,
        "45": 22025.70217630657,
        "46": 22535.69111672521,
        "47": 25135.915212379172,
        "48": 26265.717277216103,
        "49": 27956.803747338636,
        "50": 28670.4380470396
      },
      "node_time_windows": {
        "1": [
          888.3302338236095,
          2688.3302338236094
        ],
        "51": [
          927.9109425315607,
          4527.910942531561
        ],
        "2": [
          1144.307414103274,
          2944.307414103274
        ],
        "52": [
          1183.5906153991334,
          4783.590615399134
        ],
        "3": [
          1471.7875531916486,
          3271.787553191649
        ],
        "53": [
          1515.1841344495474,
          5115.184134449548
        ],
        "4": [
          1653.2919400520277,
          3453.2919400520277
        ],
        "54": [
          1689.4837426548372,
          5289.483742654837
        ],
        "5": [
          1715.1408599916394,
          3515.1408599916394
        ],
        "55": [
          1752.335535292204,
          5352.335535292204
        ],
        "6": [
          2284.6362947568477,
          4084.6362947568477
        ],
        "56": [
          2321.134530104873,
          5921.134530104873
        ],
        "7": [
          2756.8847634537187,
          4556.884763453719
        ],
        "57": [
          2793.4798084154318,
          6393.479808415432
        ],
        "8": [
          2930.1523534430876,
          4730.152353443087
        ],
        "58": [
          2966.1821407350617,
          6566.182140735062
        ],
        "9": [
          3674.226248649625,
          5474.226248649626
        ],
        "59": [
          3717.938905339273,
          7317.938905339273
        ],
        "10": [
          3723.075185130254,
          5523.075185130254
        ],
        "60": [
          3756.7150262790733,
          7356.715026279073
        ],
        "11": [
          3953.355522000692,
          5753.355522000692
        ],
        "61": [
          3992.706387855365,
          7592.706387855365
        ],
        "12": [
          4188.93224889582,
          5988.93224889582
        ],
        "62": [
          4223.33579544393,
          7823.33579544393
        ],
        "13": [
          4213.97411901501,
          6013.97411901501
        ],
        "63": [
          4252.813391514724,
          7852.813391514724
        ],
        "14": [
          4311.941857152335,
          6111.941857152335
        ],
        "64": [
          4349.818169106865,
          7949.818169106865
        ],
        "15": [
          5987.429198153783,
          7787.429198153783
        ],
        "65": [
          6027.661593577675,
          9627.661593577675
        ],
        "16": [
          6016.564415330397,
          7816.564415330397
        ],
        "66": [
          6053.775500243553,
          9653.775500243553
        ],
        "17": [
          6056.488358951444,
          7856.488358951444
        ],
        "67": [
          6087.586066299008,
          9687.586066299009
        ],
        "18": [
          6253.96553480937,
          8053.96553480937
        ],
        "68": [
          6287.211537943994,
          9887.211537943993
        ],
        "19": [
          6377.470684705442,
          8177.470684705442
        ],
        "69": [
          6417.247642095937,
          10017.247642095937
        ],
        "20": [
          6800.672085538398,
          8600.672085538397
        ],
        "70": [
          6837.409334665048,
          10437.409334665048
        ],
        "21": [
          6837.876892829077,
          8637.876892829077
        ],
        "71": [
          6879.504556111014,
          10479.504556111013
        ],
        "22": [
          6895.273179772117,
          8695.273179772117
        ],
        "72": [
          6927.545317934298,
          10527.545317934299
        ],
        "23": [
          7602.312484363761,
          9402.31248436376
        ],
        "73": [
          7644.986135784591,
          11244.986135784591
        ],
        "24": [
          8242.304007035964,
          10042.304007035964
        ],
        "74": [
          8276.869796942823,
          11876.869796942823
        ],
        "25": [
          8459.71398703135,
          10259.71398703135
        ],
        "75": [
          8506.01290378984,
          12106.01290378984
        ],
        "26": [
          8633.51853861046,
          10433.51853861046
        ],
        "76": [
          8667.562642962128,
          12267.562642962128
        ],