{
  "scenario": "large",
  "init_strategy": "action_specific",
  "seed": 2031,
  "iterations": 44,
  "baseline_cost": 79344.53201872518,
  "optimised_cost": 43098.179569939,
  "improvement_ratio": 0.45682231058130257,
  "runtime": 27093.45121574402,
  "final_epsilon": 0.09624912695661164,
  "q_values": {
    "explore": {
      "('partial_removal', 'regret2')": 402.98111638023363,
      "('random_removal', 'regret2')": 61.34565735142976,
      "('partial_removal', 'random')": 58.223914227028466,
      "('random_removal', 'random')": 50.0,
      "('partial_removal', 'greedy')": 50.0,
      "('random_removal', 'greedy')": -12.773351251405515,
      "('partial_removal', 'lp')": -32.46461345099084,
      "('random_removal', 'lp')": -155.6504190905572
    },
    "stuck": {
      "('partial_removal', 'regret2')": 94.3876774884611,
      "('partial_removal', 'greedy')": 50.0,
      "('partial_removal', 'random')": 50.0,
      "('random_removal', 'greedy')": 39.65563079334986,
      "('random_removal', 'regret2')": 37.603069245040636,
      "('partial_removal', 'lp')": -103.73103771789584,
      "('random_removal', 'random')": -199.03294976589683,
      "('random_removal', 'lp')": -337.0838836449689
    },
    "deep_stuck": {
      "('random_removal', 'lp')": 100.0,
      "('partial_removal', 'lp')": 100.0,
      "('random_removal', 'greedy')": 50.0,
      "('random_removal', 'regret2')": 50.0,
      "('random_removal', 'random')": 50.0,
      "('partial_removal', 'greedy')": 50.0,
      "('partial_removal', 'regret2')": 50.0,
      "('partial_removal', 'random')": 50.0
    }
  },
  "experiment_timestamp": "2025-11-12 09:46:24"
}