{
  "scenario": "small",
  "init_strategy": "action_specific",
  "seed": 2026,
  "iterations": 40,
  "baseline_cost": 48349.40944584828,
  "optimised_cost": 32771.14412847667,
  "improvement_ratio": 0.32220177031985037,
  "runtime": 112.77728033065796,
  "final_epsilon": 0.0981984145227209,
  "q_values": {
    "explore": {
      "('partial_removal', 'random')": 24.529841244745672,
      "('random_removal', 'lp')": -8.649352709706108,
      "('random_removal', 'greedy')": -20.758111275952174,
      "('random_removal', 'regret2')": -23.85790552716383,
      "('partial_removal', 'lp')": -92.47456734327733,
      "('partial_removal', 'regret2')": -112.21128983132948,
      "('partial_removal', 'greedy')": -227.4400209493732,
      "('random_removal', 'random')": -278.33375803471023
    },
    "stuck": {
      "('partial_removal', 'random')": 50.0,
      "('random_removal', 'lp')": 36.17606228881723,
      "('random_removal', 'greedy')": -5.99842447218154,
      "('random_removal', 'random')": -15.092387554708665,
      "('partial_removal', 'lp')": -172.75531001993667,
      "('partial_removal', 'greedy')": -192.90023978799442,
      "('partial_removal', 'regret2')": -230.49622503278175,
      "('random_removal', 'regret2')": -272.0643741911417
    },
    "deep_stuck": {
      "('random_removal', 'lp')": 100.0,
      "('partial_removal', 'lp')": 100.0,
      "('random_removal', 'greedy')": 50.0,
      "('random_removal', 'regret2')": 50.0,
      "('random_removal', 'random')": 50.0,
      "('partial_removal', 'greedy')": 50.0,
      "('partial_removal', 'regret2')": 50.0,
      "('partial_removal', 'random')": 50.0
    }
  },
  "experiment_timestamp": "2025-11-12 00:16:27"
}