{
  "scenario": "small",
  "init_strategy": "action_specific",
  "seed": 2034,
  "iterations": 40,
  "baseline_cost": 48349.40944584828,
  "optimised_cost": 30733.206998801605,
  "improvement_ratio": 0.3643519672515744,
  "runtime": 142.8321406841278,
  "final_epsilon": 0.0981984145227209,
  "q_values": {
    "explore": {
      "('random_removal', 'greedy')": 147.09612849579884,
      "('random_removal', 'regret2')": 57.58772854292336,
      "('random_removal', 'lp')": 50.0,
      "('partial_removal', 'greedy')": 50.0,
      "('partial_removal', 'lp')": 50.0,
      "('random_removal', 'random')": 34.425,
      "('partial_removal', 'regret2')": -68.67990060707976,
      "('partial_removal', 'random')": -230.8130195653871
    },
    "stuck": {
      "('random_removal', 'random')": 34.425,
      "('random_removal', 'greedy')": 27.66082513654414,
      "('random_removal', 'regret2')": 24.692811300538242,
      "('random_removal', 'lp')": 21.960883126459777,
      "('partial_removal', 'greedy')": -236.13520819095075,
      "('partial_removal', 'regret2')": -243.90531060447762,
      "('partial_removal', 'random')": -247.98069697198088,
      "('partial_removal', 'lp')": -249.72956338850616
    },
    "deep_stuck": {
      "('random_removal', 'greedy')": 50.0,
      "('random_removal', 'regret2')": 50.0,
      "('random_removal', 'random')": 50.0,
      "('partial_removal', 'greedy')": 50.0,
      "('partial_removal', 'regret2')": 50.0,
      "('partial_removal', 'random')": 50.0,
      "('partial_removal', 'lp')": -251.28842125353452,
      "('random_removal', 'lp')": -299.3019299113456
    }
  },
  "experiment_timestamp": "2025-11-10 21:24:53"
}