{
  "scenario": "small",
  "init_strategy": "uniform",
  "seed": 2033,
  "iterations": 40,
  "baseline_cost": 48349.40944584828,
  "optimised_cost": 30829.391437160095,
  "improvement_ratio": 0.3623626060688651,
  "runtime": 81.96305990219116,
  "final_epsilon": 0.0981984145227209,
  "q_values": {
    "explore": {
      "('partial_removal', 'greedy')": 133.29460596086113,
      "('random_removal', 'greedy')": 43.16936630348598,
      "('random_removal', 'lp')": 37.47878661728206,
      "('partial_removal', 'regret2')": 34.425,
      "('partial_removal', 'random')": 34.425,
      "('random_removal', 'random')": 34.268307944731845,
      "('random_removal', 'regret2')": 9.040743214174633,
      "('partial_removal', 'lp')": -241.1875372570742
    },
    "stuck": {
      "('partial_removal', 'random')": 50.0,
      "('random_removal', 'greedy')": 34.42766361251386,
      "('random_removal', 'random')": 34.425,
      "('random_removal', 'regret2')": 27.686398120470077,
      "('random_removal', 'lp')": 13.157745647586538,
      "('partial_removal', 'regret2')": -225.12720377711145,
      "('partial_removal', 'greedy')": -245.15941947052954,
      "('partial_removal', 'lp')": -249.21154827899028
    },
    "deep_stuck": {
      "('random_removal', 'greedy')": 50.0,
      "('random_removal', 'regret2')": 50.0,
      "('random_removal', 'random')": 50.0,
      "('random_removal', 'lp')": 50.0,
      "('partial_removal', 'greedy')": 50.0,
      "('partial_removal', 'regret2')": 50.0,
      "('partial_removal', 'random')": 50.0,
      "('partial_removal', 'lp')": 50.0
    }
  },
  "experiment_timestamp": "2025-11-10 21:22:19"
}