{
  "scenario": "small",
  "init_strategy": "state_specific",
  "seed": 2030,
  "iterations": 40,
  "baseline_cost": 48349.40944584828,
  "optimised_cost": 26109.548106288945,
  "improvement_ratio": 0.4599820679189092,
  "runtime": 59.24817156791687,
  "final_epsilon": 0.0981984145227209,
  "q_values": {
    "explore": {
      "('random_removal', 'regret2')": -44.87300778866628,
      "('random_removal', 'greedy')": -47.72449489877934,
      "('random_removal', 'random')": -48.834346210481726,
      "('random_removal', 'lp')": -95.76382779662529,
      "('partial_removal', 'lp')": -111.18581043593716,
      "('partial_removal', 'regret2')": -159.56790130428308,
      "('partial_removal', 'greedy')": -383.0826677038355,
      "('partial_removal', 'random')": -390.02222841896173
    },
    "stuck": {
      "('partial_removal', 'regret2')": 71.17819722798355,
      "('random_removal', 'regret2')": 70.0,
      "('partial_removal', 'random')": 70.0,
      "('random_removal', 'greedy')": 54.075,
      "('random_removal', 'lp')": 45.841328362454796,
      "('partial_removal', 'greedy')": -277.1294007130368,
      "('partial_removal', 'lp')": -278.5026324572208,
      "('random_removal', 'random')": -324.16749995956155
    },
    "deep_stuck": {
      "('random_removal', 'greedy')": 120.0,
      "('random_removal', 'regret2')": 120.0,
      "('random_removal', 'random')": 120.0,
      "('random_removal', 'lp')": 120.0,
      "('partial_removal', 'greedy')": 120.0,
      "('partial_removal', 'regret2')": 120.0,
      "('partial_removal', 'random')": 120.0,
      "('partial_removal', 'lp')": 120.0
    }
  },
  "experiment_timestamp": "2025-11-10 21:16:18"
}