{
  "scenario": "small",
  "init_strategy": "action_specific",
  "seed": 2030,
  "iterations": 40,
  "baseline_cost": 48349.40944584828,
  "optimised_cost": 26109.548106288945,
  "improvement_ratio": 0.4599820679189092,
  "runtime": 57.49890899658203,
  "final_epsilon": 0.0981984145227209,
  "q_values": {
    "explore": {
      "('random_removal', 'regret2')": -25.57015461416421,
      "('random_removal', 'greedy')": -29.087322102020128,
      "('random_removal', 'random')": -29.978415912825454,
      "('random_removal', 'lp')": -89.37864687425844,
      "('partial_removal', 'lp')": -92.24795618090025,
      "('partial_removal', 'regret2')": -139.91790130428308,
      "('partial_removal', 'greedy')": -366.2587658391185,
      "('partial_removal', 'random')": -372.03246922862564
    },
    "stuck": {
      "('partial_removal', 'regret2')": 64.37477466730581,
      "('random_removal', 'regret2')": 50.0,
      "('partial_removal', 'random')": 50.0,
      "('random_removal', 'greedy')": 34.425,
      "('random_removal', 'lp')": 26.361182893459976,
      "('partial_removal', 'greedy')": -296.7794007130368,
      "('partial_removal', 'lp')": -298.18741620622944,
      "('random_removal', 'random')": -343.15739031476505
    },
    "deep_stuck": {
      "('random_removal', 'greedy')": 50.0,
      "('random_removal', 'regret2')": 50.0,
      "('random_removal', 'random')": 50.0,
      "('random_removal', 'lp')": 50.0,
      "('partial_removal', 'greedy')": 50.0,
      "('partial_removal', 'regret2')": 50.0,
      "('partial_removal', 'random')": 50.0,
      "('partial_removal', 'lp')": 50.0
    }
  },
  "experiment_timestamp": "2025-11-10 21:18:36"
}