{
  "scenario": "medium",
  "init_strategy": "uniform",
  "seed": 2026,
  "iterations": 44,
  "baseline_cost": 43220.30835771936,
  "optimised_cost": 38626.90932251922,
  "improvement_ratio": 0.10627871965147001,
  "runtime": 1257.4827275276184,
  "final_epsilon": 0.09624912695661164,
  "q_values": {
    "explore": {
      "('partial_removal', 'greedy')": 349.0965626800722,
      "('random_removal', 'greedy')": 50.0,
      "('random_removal', 'random')": 50.0,
      "('partial_removal', 'regret2')": 50.0,
      "('partial_removal', 'lp')": 48.83723134398833,
      "('random_removal', 'lp')": 37.1362009735828,
      "('partial_removal', 'random')": -163.48430402354734,
      "('random_removal', 'regret2')": -200.5303394839998
    },
    "stuck": {
      "('partial_removal', 'lp')": 52.43973394638963,
      "('partial_removal', 'greedy')": 50.0,
      "('partial_removal', 'regret2')": 50.0,
      "('partial_removal', 'random')": 50.0,
      "('random_removal', 'regret2')": -43.297459266535725,
      "('random_removal', 'random')": -45.61365527270844,
      "('random_removal', 'greedy')": -46.42006217946677,
      "('random_removal', 'lp')": -280.0867713851361
    },
    "deep_stuck": {
      "('random_removal', 'greedy')": 50.0,
      "('random_removal', 'regret2')": 50.0,
      "('random_removal', 'random')": 50.0,
      "('partial_removal', 'greedy')": 50.0,
      "('partial_removal', 'regret2')": 50.0,
      "('partial_removal', 'random')": 50.0,
      "('partial_removal', 'lp')": 49.350382805473345,
      "('random_removal', 'lp')": -113.62069305307469
    }
  },
  "experiment_timestamp": "2025-11-11 04:24:07"
}