{
  "scenario": "small",
  "init_strategy": "state_specific",
  "seed": 2026,
  "iterations": 40,
  "baseline_cost": 48349.40944584828,
  "optimised_cost": 32283.052470893792,
  "improvement_ratio": 0.332296860687594,
  "runtime": 133.96546936035156,
  "final_epsilon": 0.0981984145227209,
  "q_values": {
    "explore": {
      "('partial_removal', 'lp')": 47.371737567389566,
      "('random_removal', 'regret2')": 17.57957899181201,
      "('partial_removal', 'random')": 14.775,
      "('random_removal', 'random')": 14.074289381212022,
      "('random_removal', 'greedy')": 8.210605044499545,
      "('random_removal', 'lp')": -26.948952783370345,
      "('partial_removal', 'regret2')": -124.58004424898321,
      "('partial_removal', 'greedy')": -251.1795020861488
    },
    "stuck": {
      "('partial_removal', 'regret2')": 88.9,
      "('partial_removal', 'lp')": 65.08081738870537,
      "('random_removal', 'regret2')": 50.8696569009402,
      "('random_removal', 'greedy')": 49.18053538871562,
      "('random_removal', 'random')": 18.877908344919454,
      "('random_removal', 'lp')": 1.3574672993912884,
      "('partial_removal', 'random')": -116.70643689573991,
      "('partial_removal', 'greedy')": -204.6116544053834
    },
    "deep_stuck": {
      "('random_removal', 'greedy')": 120.0,
      "('random_removal', 'regret2')": 120.0,
      "('random_removal', 'random')": 120.0,
      "('partial_removal', 'greedy')": 120.0,
      "('partial_removal', 'regret2')": 120.0,
      "('partial_removal', 'random')": 120.0,
      "('random_removal', 'lp')": 4.079307546341411,
      "('partial_removal', 'lp')": -165.50036989154074
    }
  },
  "experiment_timestamp": "2025-11-10 21:11:58"
}