{
  "scenario": "small",
  "init_strategy": "state_specific",
  "seed": 2034,
  "iterations": 40,
  "baseline_cost": 48349.40944584828,
  "optimised_cost": 30733.206998801605,
  "improvement_ratio": 0.3643519672515744,
  "runtime": 143.0171558856964,
  "final_epsilon": 0.0981984145227209,
  "q_values": {
    "explore": {
      "('random_removal', 'greedy')": 144.15568973475513,
      "('random_removal', 'regret2')": 40.24166160640577,
      "('random_removal', 'lp')": 30.0,
      "('partial_removal', 'greedy')": 30.0,
      "('partial_removal', 'lp')": 30.0,
      "('random_removal', 'random')": 14.775,
      "('partial_removal', 'regret2')": -87.54147445920027,
      "('partial_removal', 'random')": -250.0893410611314
    },
    "stuck": {
      "('random_removal', 'greedy')": 63.34273691004199,
      "('random_removal', 'random')": 54.075,
      "('random_removal', 'regret2')": 44.37692357453831,
      "('random_removal', 'lp')": 41.96490240745563,
      "('partial_removal', 'greedy')": -216.8290831909507,
      "('partial_removal', 'regret2')": -224.59918560447758,
      "('partial_removal', 'random')": -228.22491883796437,
      "('partial_removal', 'lp')": -230.3607147590145
    },
    "deep_stuck": {
      "('random_removal', 'greedy')": 120.0,
      "('random_removal', 'regret2')": 120.0,
      "('random_removal', 'random')": 120.0,
      "('partial_removal', 'greedy')": 120.0,
      "('partial_removal', 'regret2')": 120.0,
      "('partial_removal', 'random')": 120.0,
      "('partial_removal', 'lp')": -182.41245461854845,
      "('random_removal', 'lp')": -230.89488345885513
    }
  },
  "experiment_timestamp": "2025-11-10 21:23:25"
}