{
  "scenario": "medium",
  "init_strategy": "action_specific",
  "seed": 2026,
  "iterations": 44,
  "baseline_cost": 43220.30835771936,
  "optimised_cost": 38626.90932251922,
  "improvement_ratio": 0.10627871965147001,
  "runtime": 1247.5043132305145,
  "final_epsilon": 0.09624912695661164,
  "q_values": {
    "explore": {
      "('partial_removal', 'greedy')": 349.0965626800722,
      "('random_removal', 'greedy')": 50.0,
      "('random_removal', 'random')": 50.0,
      "('partial_removal', 'regret2')": 50.0,
      "('partial_removal', 'lp')": 48.832607043202614,
      "('random_removal', 'lp')": 37.91664124398597,
      "('partial_removal', 'random')": -163.48430402354734,
      "('random_removal', 'regret2')": -200.51918587299934
    },
    "stuck": {
      "('partial_removal', 'lp')": 52.69465018582387,
      "('partial_removal', 'greedy')": 50.0,
      "('partial_removal', 'regret2')": 50.0,
      "('partial_removal', 'random')": 50.0,
      "('random_removal', 'regret2')": -43.29063118653545,
      "('random_removal', 'random')": -45.16775966871046,
      "('random_removal', 'greedy')": -46.40766039846699,
      "('random_removal', 'lp')": -279.6717790955345
    },
    "deep_stuck": {
      "('random_removal', 'greedy')": 50.0,
      "('random_removal', 'regret2')": 50.0,
      "('random_removal', 'random')": 50.0,
      "('partial_removal', 'greedy')": 50.0,
      "('partial_removal', 'regret2')": 50.0,
      "('partial_removal', 'random')": 50.0,
      "('partial_removal', 'lp')": 49.64602011330581,
      "('random_removal', 'lp')": -113.66246734507467
    }
  },
  "experiment_timestamp": "2025-11-11 04:25:18"
}