{
  "scenario": "small",
  "init_strategy": "uniform",
  "seed": 2028,
  "iterations": 40,
  "baseline_cost": 48349.40944584828,
  "optimised_cost": 31393.914254416268,
  "improvement_ratio": 0.3506867071545579,
  "runtime": 163.2824742794037,
  "final_epsilon": 0.0981984145227209,
  "q_values": {
    "explore": {
      "('random_removal', 'regret2')": 50.0,
      "('partial_removal', 'random')": 46.38978743075051,
      "('random_removal', 'greedy')": 39.43985388247619,
      "('partial_removal', 'regret2')": 34.425,
      "('random_removal', 'random')": 19.10283668384552,
      "('partial_removal', 'greedy')": -200.94317224712296,
      "('random_removal', 'lp')": -240.17353064948122,
      "('partial_removal', 'lp')": -243.69902086555402
    },
    "stuck": {
      "('random_removal', 'random')": 50.0,
      "('partial_removal', 'random')": 37.13537099940252,
      "('random_removal', 'regret2')": 28.004810864162543,
      "('random_removal', 'lp')": -13.359602592554147,
      "('random_removal', 'greedy')": -16.67488152805113,
      "('partial_removal', 'greedy')": -234.7090907700345,
      "('partial_removal', 'regret2')": -242.61537843314073,
      "('partial_removal', 'lp')": -242.974988862337
    },
    "deep_stuck": {
      "('random_removal', 'greedy')": 50.0,
      "('random_removal', 'regret2')": 50.0,
      "('random_removal', 'random')": 50.0,
      "('partial_removal', 'greedy')": 50.0,
      "('partial_removal', 'regret2')": 50.0,
      "('partial_removal', 'random')": 50.0,
      "('random_removal', 'lp')": -163.61126427486514,
      "('partial_removal', 'lp')": -373.32881056310305
    }
  },
  "experiment_timestamp": "2025-11-10 21:15:53"
}