{
  "scenario": "medium",
  "init_strategy": "state_specific",
  "seed": 2026,
  "iterations": 44,
  "baseline_cost": 43220.30835771936,
  "optimised_cost": 38626.90932251922,
  "improvement_ratio": 0.10627871965147001,
  "runtime": 1230.529086112976,
  "final_epsilon": 0.09624912695661164,
  "q_values": {
    "explore": {
      "('partial_removal', 'greedy')": 347.2366565521138,
      "('random_removal', 'greedy')": 30.0,
      "('random_removal', 'random')": 30.0,
      "('partial_removal', 'regret2')": 30.0,
      "('partial_removal', 'lp')": 29.2181257376048,
      "('random_removal', 'lp')": 18.223184700803948,
      "('partial_removal', 'random')": -183.13430402354732,
      "('random_removal', 'regret2')": -219.9404976440001
    },
    "stuck": {
      "('partial_removal', 'regret2')": 96.03945793468667,
      "('partial_removal', 'greedy')": 70.0,
      "('partial_removal', 'random')": 70.0,
      "('partial_removal', 'lp')": 69.54812327119254,
      "('random_removal', 'regret2')": -23.651751015535396,
      "('random_removal', 'random')": -26.05178582150178,
      "('random_removal', 'greedy')": -26.767238673466494,
      "('random_removal', 'lp')": -260.43642710275486
    },
    "deep_stuck": {
      "('random_removal', 'greedy')": 120.0,
      "('random_removal', 'regret2')": 120.0,
      "('random_removal', 'random')": 120.0,
      "('partial_removal', 'greedy')": 120.0,
      "('partial_removal', 'regret2')": 120.0,
      "('partial_removal', 'random')": 120.0,
      "('partial_removal', 'lp')": 116.87556754369473,
      "('random_removal', 'lp')": -45.010665407489114
    }
  },
  "experiment_timestamp": "2025-11-11 04:23:42"
}