{
  "scenario": "large",
  "init_strategy": "uniform",
  "seed": 2028,
  "iterations": 44,
  "baseline_cost": 79344.53201872518,
  "optimised_cost": 69389.39859784837,
  "improvement_ratio": 0.12546716412074135,
  "runtime": 478.8588101863861,
  "final_epsilon": 0.09624912695661164,
  "q_values": {
    "explore": {
      "('partial_removal', 'lp')": 232.8038807650637,
      "('partial_removal', 'greedy')": 150.03186136676703,
      "('partial_removal', 'regret2')": 85.87052198173436,
      "('random_removal', 'greedy')": 50.0,
      "('random_removal', 'regret2')": 50.0,
      "('random_removal', 'lp')": 50.0,
      "('partial_removal', 'random')": 50.0,
      "('random_removal', 'random')": -73.76388295294821
    },
    "stuck": {
      "('partial_removal', 'regret2')": 57.6546944140625,
      "('partial_removal', 'greedy')": 50.0,
      "('partial_removal', 'lp')": 47.626169088804865,
      "('partial_removal', 'random')": 34.425,
      "('random_removal', 'greedy')": -33.219742270614674,
      "('random_removal', 'random')": -38.043357919695595,
      "('random_removal', 'regret2')": -86.2965363550275,
      "('random_removal', 'lp')": -163.31633265012843
    },
    "deep_stuck": {
      "('random_removal', 'greedy')": 50.0,
      "('random_removal', 'regret2')": 50.0,
      "('random_removal', 'random')": 50.0,
      "('partial_removal', 'greedy')": 50.0,
      "('partial_removal', 'regret2')": 50.0,
      "('partial_removal', 'random')": 50.0,
      "('partial_removal', 'lp')": 34.22002184065133,
      "('random_removal', 'lp')": -92.48938071619276
    }
  },
  "experiment_timestamp": "2025-11-11 04:05:19"
}