{
  "scenario": "small",
  "init_strategy": "uniform",
  "seed": 2026,
  "iterations": 40,
  "baseline_cost": 48349.40944584828,
  "optimised_cost": 32283.052470893792,
  "improvement_ratio": 0.332296860687594,
  "runtime": 135.24048113822937,
  "final_epsilon": 0.0981984145227209,
  "q_values": {
    "explore": {
      "('partial_removal', 'lp')": 58.242717054886775,
      "('random_removal', 'regret2')": 36.89538249811594,
      "('partial_removal', 'random')": 34.425,
      "('random_removal', 'random')": 33.71635762521257,
      "('random_removal', 'greedy')": 12.060725083879483,
      "('random_removal', 'lp')": -7.4395184778909,
      "('partial_removal', 'regret2')": -105.8423464540425,
      "('partial_removal', 'greedy')": -231.87337708614876
    },
    "stuck": {
      "('partial_removal', 'regret2')": 52.625,
      "('partial_removal', 'lp')": 45.35866338369149,
      "('random_removal', 'regret2')": 31.245103363939585,
      "('random_removal', 'greedy')": 29.490841272730435,
      "('random_removal', 'random')": 3.7965244564321026,
      "('random_removal', 'lp')": -17.733715634111434,
      "('partial_removal', 'random')": -136.1289368957399,
      "('partial_removal', 'greedy')": -210.528686997819
    },
    "deep_stuck": {
      "('random_removal', 'greedy')": 50.0,
      "('random_removal', 'regret2')": 50.0,
      "('random_removal', 'random')": 50.0,
      "('partial_removal', 'greedy')": 50.0,
      "('partial_removal', 'regret2')": 50.0,
      "('partial_removal', 'random')": 50.0,
      "('random_removal', 'lp')": -63.836231318734555,
      "('partial_removal', 'lp')": -234.48996577302455
    }
  },
  "experiment_timestamp": "2025-11-10 21:11:30"
}