{
  "scenario": "small",
  "init_strategy": "state_specific",
  "seed": 2031,
  "iterations": 40,
  "baseline_cost": 48349.40944584828,
  "optimised_cost": 30732.02150263554,
  "improvement_ratio": 0.364376486603096,
  "runtime": 90.35600566864014,
  "final_epsilon": 0.0981984145227209,
  "q_values": {
    "explore": {
      "('random_removal', 'regret2')": -14.370627902048735,
      "('random_removal', 'greedy')": -45.56477352206758,
      "('partial_removal', 'regret2')": -74.54752638696017,
      "('partial_removal', 'random')": -152.61832832116704,
      "('partial_removal', 'lp')": -228.73766760581293,
      "('random_removal', 'random')": -265.4655355180147,
      "('partial_removal', 'greedy')": -283.26703879696896,
      "('random_removal', 'lp')": -307.5417120406697
    },
    "stuck": {
      "('random_removal', 'random')": 70.0,
      "('partial_removal', 'random')": 70.0,
      "('random_removal', 'lp')": 59.977438266067885,
      "('random_removal', 'greedy')": 51.09572279483223,
      "('partial_removal', 'greedy')": -206.17163340121894,
      "('partial_removal', 'lp')": -222.50783754746516,
      "('partial_removal', 'regret2')": -224.62424703436298,
      "('random_removal', 'regret2')": -241.62829392878808
    },
    "deep_stuck": {
      "('random_removal', 'greedy')": 120.0,
      "('random_removal', 'regret2')": 120.0,
      "('random_removal', 'random')": 120.0,
      "('random_removal', 'lp')": 120.0,
      "('partial_removal', 'greedy')": 120.0,
      "('partial_removal', 'regret2')": 120.0,
      "('partial_removal', 'random')": 120.0,
      "('partial_removal', 'lp')": 120.0
    }
  },
  "experiment_timestamp": "2025-11-10 21:17:48"
}