{
  "scenario": "medium",
  "init_strategy": "action_specific",
  "seed": 2030,
  "iterations": 44,
  "baseline_cost": 43220.30835771936,
  "optimised_cost": 23480.494594307096,
  "improvement_ratio": 0.45672542639059255,
  "runtime": 20405.791954755783,
  "final_epsilon": 0.09624912695661164,
  "q_values": {
    "explore": {
      "('partial_removal', 'greedy')": 84.35047273556256,
      "('partial_removal', 'regret2')": 37.0040625,
      "('random_removal', 'random')": 34.425,
      "('random_removal', 'lp')": 32.17171870433809,
      "('random_removal', 'greedy')": 31.816735387564204,
      "('partial_removal', 'lp')": -122.985566560867,
      "('partial_removal', 'random')": -164.31613119433771,
      "('random_removal', 'regret2')": -450.3470250785557
    },
    "stuck": {
      "('random_removal', 'greedy')": 99.2433407027722,
      "('random_removal', 'regret2')": 23.68870080972974,
      "('random_removal', 'lp')": 12.002186035213725,
      "('random_removal', 'random')": -53.639124742885286,
      "('partial_removal', 'lp')": -283.57129957626887,
      "('partial_removal', 'regret2')": -321.8693941717328,
      "('partial_removal', 'greedy')": -324.8807481680874,
      "('partial_removal', 'random')": -332.78241586369427
    },
    "deep_stuck": {
      "('random_removal', 'lp')": 100.0,
      "('partial_removal', 'lp')": 100.0,
      "('random_removal', 'greedy')": 50.0,
      "('random_removal', 'regret2')": 50.0,
      "('random_removal', 'random')": 50.0,
      "('partial_removal', 'greedy')": 50.0,
      "('partial_removal', 'regret2')": 50.0,
      "('partial_removal', 'random')": 50.0
    }
  },
  "experiment_timestamp": "2025-11-12 12:28:49"
}