{
  "scenario": "small",
  "init_strategy": "action_specific",
  "seed": 2026,
  "iterations": 40,
  "baseline_cost": 48349.40944584828,
  "optimised_cost": 32283.052470893792,
  "improvement_ratio": 0.332296860687594,
  "runtime": 135.4609408378601,
  "final_epsilon": 0.0981984145227209,
  "q_values": {
    "explore": {
      "('partial_removal', 'lp')": 58.26679118189688,
      "('random_removal', 'regret2')": 36.893164394324835,
      "('partial_removal', 'random')": 34.425,
      "('random_removal', 'random')": 33.723049772211695,
      "('random_removal', 'greedy')": 12.069069428691108,
      "('random_removal', 'lp')": -7.216146559874851,
      "('partial_removal', 'regret2')": -105.83532570681763,
      "('partial_removal', 'greedy')": -231.87337708614876
    },
    "stuck": {
      "('partial_removal', 'regret2')": 52.625,
      "('partial_removal', 'lp')": 45.404456246193334,
      "('random_removal', 'regret2')": 31.240719935939584,
      "('random_removal', 'greedy')": 29.26601544071968,
      "('random_removal', 'random')": 3.867994701416187,
      "('random_removal', 'lp')": -18.201326277619145,
      "('partial_removal', 'random')": -136.1289368957399,
      "('partial_removal', 'greedy')": -210.528686997819
    },
    "deep_stuck": {
      "('random_removal', 'greedy')": 50.0,
      "('random_removal', 'regret2')": 50.0,
      "('random_removal', 'random')": 50.0,
      "('partial_removal', 'greedy')": 50.0,
      "('partial_removal', 'regret2')": 50.0,
      "('partial_removal', 'random')": 50.0,
      "('random_removal', 'lp')": -64.11186089960299,
      "('partial_removal', 'lp')": -234.41716496804383
    }
  },
  "experiment_timestamp": "2025-11-10 21:11:45"
}