{
  "scenario": "small",
  "init_strategy": "action_specific",
  "seed": 2030,
  "iterations": 40,
  "baseline_cost": 48349.40944584828,
  "optimised_cost": 29464.059654337387,
  "improvement_ratio": 0.39060145734898033,
  "runtime": 212.9522304534912,
  "final_epsilon": 0.0981984145227209,
  "q_values": {
    "explore": {
      "('random_removal', 'greedy')": 46.18268926003719,
      "('partial_removal', 'regret2')": 34.425,
      "('partial_removal', 'random')": 34.425,
      "('random_removal', 'regret2')": 3.0775639535815458,
      "('partial_removal', 'lp')": -51.291721586662426,
      "('partial_removal', 'greedy')": -74.7903998601052,
      "('random_removal', 'lp')": -83.37828225473524,
      "('random_removal', 'random')": -103.47647108223381
    },
    "stuck": {
      "('random_removal', 'random')": 30.76959419008542,
      "('random_removal', 'greedy')": 24.744074515176113,
      "('random_removal', 'regret2')": 22.910925228518586,
      "('random_removal', 'lp')": -19.079854186649207,
      "('partial_removal', 'lp')": -212.56452247235694,
      "('partial_removal', 'greedy')": -261.3900900300025,
      "('partial_removal', 'random')": -261.62706320954885,
      "('partial_removal', 'regret2')": -262.2913821809739
    },
    "deep_stuck": {
      "('random_removal', 'greedy')": 50.0,
      "('random_removal', 'regret2')": 50.0,
      "('random_removal', 'random')": 50.0,
      "('partial_removal', 'greedy')": 50.0,
      "('partial_removal', 'regret2')": 50.0,
      "('partial_removal', 'random')": 50.0,
      "('partial_removal', 'lp')": -534.5401667498395,
      "('random_removal', 'lp')": -682.2553748687388
    }
  },
  "experiment_timestamp": "2025-11-12 00:25:24"
}