{
  "scenario": "large",
  "init_strategy": "action_specific",
  "seed": 2027,
  "iterations": 44,
  "baseline_cost": 79344.53201872518,
  "optimised_cost": 63865.089085518004,
  "improvement_ratio": 0.19509148947471328,
  "runtime": 1770.2474858760834,
  "final_epsilon": 0.09624912695661164,
  "q_values": {
    "explore": {
      "('partial_removal', 'regret2')": 164.24047451222032,
      "('partial_removal', 'lp')": 34.85511469085209,
      "('partial_removal', 'random')": 11.351847492869062,
      "('random_removal', 'regret2')": 8.528550556216494,
      "('random_removal', 'greedy')": -21.99168721614876,
      "('random_removal', 'random')": -56.67845427460213,
      "('partial_removal', 'greedy')": -66.67035963266089,
      "('random_removal', 'lp')": -124.33286916772389
    },
    "stuck": {
      "('partial_removal', 'lp')": 78.50123317501304,
      "('partial_removal', 'greedy')": 65.4442807556434,
      "('random_removal', 'greedy')": 50.0,
      "('random_removal', 'regret2')": 50.0,
      "('random_removal', 'random')": 50.0,
      "('partial_removal', 'regret2')": 50.0,
      "('partial_removal', 'random')": 50.0,
      "('random_removal', 'lp')": -132.41148383485648
    },
    "deep_stuck": {
      "('partial_removal', 'lp')": 85.99051333314576,
      "('random_removal', 'greedy')": 50.0,
      "('random_removal', 'regret2')": 50.0,
      "('random_removal', 'random')": 50.0,
      "('partial_removal', 'greedy')": 50.0,
      "('partial_removal', 'regret2')": 50.0,
      "('partial_removal', 'random')": 50.0,
      "('random_removal', 'lp')": -62.03107704846357
    }
  },
  "experiment_timestamp": "2025-11-12 01:50:59"
}