{
  "layout": {
    "width": 150.0,
    "height": 120.0,
    "depot_position": "center",
    "depot_custom_xy": null,
    "num_tasks": 32,
    "zone_strategy": "left_right",
    "pickup_x_range": [
      0.15,
      0.45
    ],
    "pickup_y_range": [
      0.15,
      0.85
    ],
    "delivery_x_range": [
      0.55,
      0.85
    ],
    "delivery_y_range": [
      0.15,
      0.85
    ],
    "grid_noise_ratio": 0.05,
    "uniform_margin": 0.1,
    "demand_range": [
      10.0,
      40.0
    ],
    "demand_fixed": null,
    "service_time": 60.0,
    "time_window_mode": "none",
    "time_window_type": "soft",
    "tw_pickup_width": 120.0,
    "tw_delivery_gap": 30.0,
    "tw_stagger_interval": 45.0,
    "tw_horizon": 10000.0,
    "num_charging_stations": 3,
    "charging_placement": "perimeter",
    "charging_custom_coords": null,
    "seed": 2010
  },
  "episode_length_s": 28800.0,
  "scenarios": [
    {
      "scenario_id": 0,
      "probability": 1.0,
      "task_availability": {
        "1": 1,
        "2": 1,
        "3": 1,
        "4": 1,
        "5": 1,
        "6": 1,
        "7": 1,
        "8": 1,
        "9": 1,
        "10": 1,
        "11": 1,
        "12": 1,
        "13": 1,
        "14": 1,
        "15": 1,
        "16": 1,
        "17": 1,
        "18": 1,
        "19": 1,
        "20": 1,
        "21": 1,
        "22": 1,
        "23": 1,
        "24": 1,
        "25": 1,
        "26": 1,
        "27": 1,
        "28": 1,
        "29": 1,
        "30": 1,
        "31": 1,
        "32": 1
      },
      "task_release_times": {
        "1": 289.73606655022337,
        "2": 848.4930012215706,
        "3": 858.780998465901,
        "4": 1235.937450725432,
        "5": 1328.7221801599653,
        "6": 1991.1776791579628,
        "7": 2029.6379172235831,
        "8": 2321.8323146246726,
        "9": 3013.550331540235,
        "10": 3047.4154315306628,
        "11": 3269.8556786658,
        "12": 3501.8308290035616,
        "13": 3861.007856926165,
        "14": 4024.0700549548965,
        "15": 5563.593072347249,
        "16": 5998.140645475131,
        "17": 7543.440648728555,
        "18": 7866.771150404388,
        "19": 8051.8473604722385,
        "20": 8080.899128429162,
        "21": 8640.464832311029,
        "22": 9153.892131136225,
        "23": 9269.330085832069,
        "24": 9457.9467131552,
        "25": 9751.40573097955,
        "26": 15495.411050622817,
        "27": 18725.787880854914,
        "28": 18772.582924736776,
        "29": 20854.171813626323,
        "30": 22174.498620276947,
        "31": 24774.74136625846,
        "32": 28251.927427836556
      },
      "node_time_windows": {
        "1": [
          289.73606655022337,
          2089.7360665502233
        ],
        "33": [
          318.8087530354305,
          3918.8087530354305
        ],
        "2": [
          848.4930012215706,
          2648.4930012215705
        ],
        "34": [
          883.8970663706355,
          4483.897066370635
        ],
        "3": [
          858.780998465901,
          2658.780998465901
        ],
        "35": [
          888.7096812327937,
          4488.709681232794
        ],
        "4": [
          1235.937450725432,
          3035.937450725432
        ],
        "36": [
          1271.5622349886996,
          4871.5622349887
        ],
        "5": [
          1328.7221801599653,
          3128.7221801599653
        ],
        "37": [
          1359.1072097652118,
          4959.107209765212
        ],
        "6": [
          1991.1776791579628,
          3791.1776791579628
        ],
        "38": [
          2020.105033430609,
          5620.105033430609
        ],
        "7": [
          2029.6379172235831,
          3829.637917223583
        ],
        "39": [
          2063.8732828089346,
          5663.873282808934
        ],
        "8": [
          2321.8323146246726,
          4121.832314624673
        ],
        "40": [
          2347.7823836962725,
          5947.7823836962725
        ],
        "9": [
          3013.550331540235,
          4813.550331540235
        ],
        "41": [
          3039.9771242952424,
          6639.977124295243
        ],
        "10": [
          3047.4154315306628,
          4847.415431530662
        ],
        "42": [
          3084.3410564926266,
          6684.341056492627
        ],
        "11": [
          3269.8556786658,
          5069.8556786658
        ],
        "43": [
          3304.7980953241345,
          6904.798095324135
        ],
        "12": [
          3501.8308290035616,
          5301.830829003562
        ],
        "44": [
          3531.249033956426,
          7131.2490339564265
        ],
        "13": [
          3861.007856926165,
          5661.007856926165
        ],
        "45": [
          3895.1599323523023,
          7495.159932352302
        ],
        "14": [
          4024.0700549548965,
          5824.0700549548965
        ],
        "46": [
          4054.543022448676,
          7654.543022448675
        ],
        "15": [
          5563.593072347249,
          7363.593072347249
        ],
        "47": [
          5592.575796831287,
          9192.575796831286
        ],
        "16": [
          5998.140645475131,
          7798.140645475131
        ],
        "48": [
          6031.5692262535695,
          9631.56922625357
        ],
        "17": [
          7543.440648728555,
          9343.440648728556
        ],
        "49": [
          7572.635471930934,
          11172.635471930935
        ],
        "18": [
          7866.771150404388,
          9666.771150404387
        ],
        "50": [
          7899.131639306407,
          11499.131639306408
        ],
        "19": [
          8051.8473604722385,
          9851.847360472239
        ],
        "51": [
          8078.679769269977,
          11678.679769269977
        ],
        "20": [
          8080.899128429162,
          9880.899128429162
        ],
        "52": [
          8109.259464700012,
          11709.259464700011
        ],
        "21": [
          8640.464832311029,
          10440.464832311029
        ],
        "53": [
          8666.100394870284,
          12266.100394870284
        ],
        "22": [
          9153.892131136225,
          10953.892131136225
        ],
        "54": [
          9188.646878946236,
          12788.646878946236
        ],
        "23": [
          9269.330085832069,
          11069.330085832069
        ],
        "55": [
          9299.48239803149,
          12899.48239803149
        ],
        "24": [
          9457.9467131552,
          11257.9467131552
        ],
        "56": [
          9487.03873377233,
          13087.03873377233
        ],
        "25": [
          9751.40573097955,
          11551.40573097955
        ],
        "57": [
          9776.391704629383,
          13376.391704629383
        ],
        "26": [
          15495.411050622817,
          17295.411050622817
        ],
        "58": [
          15529.300581288851,
          19129.30058128885
        ],
        "27": [
          18725.787880854914,
          20525.787880854914
        ],
        "59": [
          18757.649694988613,
          22357.649694988613
        ],
        "28": [
          18772.582924736776,
          20572.582924736776
        ],
        "60": [
          18801.965160345288,
          22401.965160345288
        ],
        "29": [
          20854.171813626323,
          22654.171813626323
        ],
        "61": [
          20886.794611920013,
          24486.794611920013
        ],
        "30": [
          22174.498620276947,
          23974.498620276947
        ],
        "62": [
          22199.215809681555,
          25799.215809681555
        ],
        "31": [
          24774.74136625846,
          26574.74136625846
        ],
        "63": [
          24810.212429705003,
          28410.212429705003
        ],
        "32": [
          28251.927427836556,
          30051.927427836556
        ],