{
  "layout": {
    "width": 150.0,
    "height": 120.0,
    "depot_position": "center",
    "depot_custom_xy": null,
    "num_tasks": 39,
    "zone_strategy": "left_right",
    "pickup_x_range": [
      0.15,
      0.45
    ],
    "pickup_y_range": [
      0.15,
      0.85
    ],
    "delivery_x_range": [
      0.55,
      0.85
    ],
    "delivery_y_range": [
      0.15,
      0.85
    ],
    "grid_noise_ratio": 0.05,
    "uniform_margin": 0.1,
    "demand_range": [
      10.0,
      40.0
    ],
    "demand_fixed": null,
    "service_time": 60.0,
    "time_window_mode": "none",
    "time_window_type": "soft",
    "tw_pickup_width": 120.0,
    "tw_delivery_gap": 30.0,
    "tw_stagger_interval": 45.0,
    "tw_horizon": 10000.0,
    "num_charging_stations": 3,
    "charging_placement": "perimeter",
    "charging_custom_coords": null,
    "seed": 2001
  },
  "episode_length_s": 28800.0,
  "scenarios": [
    {
      "scenario_id": 0,
      "probability": 1.0,
      "task_availability": {
        "1": 1,
        "2": 1,
        "3": 1,
        "4": 1,
        "5": 1,
        "6": 1,
        "7": 1,
        "8": 1,
        "9": 1,
        "10": 1,
        "11": 1,
        "12": 1,
        "13": 1,
        "14": 1,
        "15": 1,
        "16": 1,
        "17": 1,
        "18": 1,
        "19": 1,
        "20": 1,
        "21": 1,
        "22": 1,
        "23": 1,
        "24": 1,
        "25": 1,
        "26": 1,
        "27": 1,
        "28": 1,
        "29": 1,
        "30": 1,
        "31": 1,
        "32": 1,
        "33": 1,
        "34": 1,
        "35": 1,
        "36": 1,
        "37": 1,
        "38": 1,
        "39": 1
      },
      "task_release_times": {
        "1": 3195.434445131841,
        "2": 6977.535554817323,
        "3": 7070.985570079295,
        "4": 10030.985196911095,
        "5": 10220.284992970963,
        "6": 10354.294355812239,
        "7": 10384.782237668815,
        "8": 11159.148983581585,
        "9": 11397.30798166083,
        "10": 11505.697453491523,
        "11": 12204.989310290612,
        "12": 12708.216635563826,
        "13": 12990.49001428789,
        "14": 13042.085237997973,
        "15": 13066.02073954586,
        "16": 13163.179898563105,
        "17": 13245.697560295854,
        "18": 13896.278506620312,
        "19": 14354.53734702635,
        "20": 14732.698368882164,
        "21": 15556.377688969136,
        "22": 16088.912381099815,
        "23": 16860.94758831548,
        "24": 16929.155717271562,
        "25": 17326.77733211572,
        "26": 17372.079562526953,
        "27": 17497.83581695979,
        "28": 17523.628964378382,
        "29": 18121.697013061064,
        "30": 18162.27368704691,
        "31": 18389.780255860744,
        "32": 19045.758010135763,
        "33": 20118.274369225117,
        "34": 21088.744967341227,
        "35": 21391.408179200036,
        "36": 26872.250493982618,
        "37": 28186.352614363022,
        "38": 28217.613914626036,
        "39": 28330.56176784214
      },
      "node_time_windows": {
        "1": [
          3195.434445131841,
          4995.434445131841
        ],
        "40": [
          3281.753556170953,
          6881.753556170953
        ],
        "2": [
          6977.535554817323,
          8777.535554817323
        ],
        "41": [
          7069.765683522561,
          10669.76568352256
        ],
        "3": [
          7070.985570079295,
          8870.985570079294
        ],
        "42": [
          7154.033103117002,
          10754.033103117003
        ],
        "4": [
          10030.985196911095,
          11830.985196911095
        ],
        "43": [
          10122.139260018519,
          13722.139260018519
        ],
        "5": [
          10220.284992970963,
          12020.284992970963
        ],
        "44": [
          10311.63849973662,
          13911.63849973662
        ],
        "6": [
          10354.294355812239,
          12154.294355812239
        ],
        "45": [
          10444.123609342261,
          14044.123609342261
        ],
        "7": [
          10384.782237668815,
          12184.782237668815
        ],
        "46": [
          10475.82227023576,
          14075.82227023576
        ],
        "8": [
          11159.148983581585,
          12959.148983581585
        ],
        "47": [
          11243.242634005766,
          14843.242634005766
        ],
        "9": [
          11397.30798166083,
          13197.30798166083
        ],
        "48": [
          11484.42562249866,
          15084.42562249866
        ],
        "10": [
          11505.697453491523,
          13305.697453491523
        ],
        "49": [
          11593.819756804305,
          15193.819756804305
        ],
        "11": [
          12204.989310290612,
          14004.989310290612
        ],
        "50": [
          12293.508839900478,
          15893.508839900478
        ],
        "12": [
          12708.216635563826,
          14508.216635563826
        ],
        "51": [
          12796.449769842815,
          16396.449769842817
        ],
        "13": [
          12990.49001428789,
          14790.49001428789
        ],
        "52": [
          13082.194057704717,
          16682.194057704717
        ],
        "14": [
          13042.085237997973,
          14842.085237997973
        ],
        "53": [
          13131.738904480195,
          16731.738904480197
        ],
        "15": [
          13066.02073954586,
          14866.02073954586
        ],
        "54": [
          13150.309189844555,
          16750.309189844556
        ],
        "16": [
          13163.179898563105,
          14963.179898563105
        ],
        "55": [
          13254.029493055708,
          16854.029493055707
        ],
        "17": [
          13245.697560295854,
          15045.697560295854
        ],
        "56": [
          13340.247610712708,
          16940.247610712708
        ],
        "18": [
          13896.278506620312,
          15696.278506620312
        ],
        "57": [
          13986.247736126712,
          17586.247736126712
        ],
        "19": [
          14354.53734702635,
          16154.53734702635
        ],
        "58": [
          14443.130790040952,
          18043.130790040952
        ],
        "20": [
          14732.698368882164,
          16532.698368882164
        ],
        "59": [
          14821.042265993421,
          18421.04226599342
        ],
        "21": [
          15556.377688969136,
          17356.377688969136
        ],
        "60": [
          15639.56693961502,
          19239.56693961502
        ],
        "22": [
          16088.912381099815,
          17888.912381099814
        ],
        "61": [
          16176.505226824602,
          19776.5052268246
        ],
        "23": [
          16860.94758831548,
          18660.94758831548
        ],
        "62": [
          16946.892681721707,
          20546.892681721707
        ],
        "24": [
          16929.155717271562,
          18729.155717271562
        ],
        "63": [
          17018.748190799102,
          20618.748190799102
        ],
        "25": [
          17326.77733211572,
          19126.77733211572
        ],
        "64": [
          17420.804528423527,
          21020.804528423527
        ],
        "26": [
          17372.079562526953,
          19172.079562526953
        ],
        "65": [
          17463.50797777709,
          21063.50797777709
        ],
        "27": [
          17497.83581695979,
          19297.83581695979
        ],
        "66": [
          17585.05808306985,
          21185.05808306985
        ],
        "28": [
          17523.628964378382,
          19323.628964378382
        ],
        "67": [
          17612.03499353379,
          21212.03499353379
        ],
        "29": [
          18121.697013061064,
          19921.697013061064
        ],
        "68": [
          18214.44607810499,
          21814.44607810499
        ],