{
  "layout": {
    "width": 150.0,
    "height": 120.0,
    "depot_position": "center",
    "depot_custom_xy": null,
    "num_tasks": 38,
    "zone_strategy": "left_right",
    "pickup_x_range": [
      0.15,
      0.45
    ],
    "pickup_y_range": [
      0.15,
      0.85
    ],
    "delivery_x_range": [
      0.55,
      0.85
    ],
    "delivery_y_range": [
      0.15,
      0.85
    ],
    "grid_noise_ratio": 0.05,
    "uniform_margin": 0.1,
    "demand_range": [
      10.0,
      40.0
    ],
    "demand_fixed": null,
    "service_time": 60.0,
    "time_window_mode": "none",
    "time_window_type": "soft",
    "tw_pickup_width": 120.0,
    "tw_delivery_gap": 30.0,
    "tw_stagger_interval": 45.0,
    "tw_horizon": 10000.0,
    "num_charging_stations": 3,
    "charging_placement": "perimeter",
    "charging_custom_coords": null,
    "seed": 2006
  },
  "episode_length_s": 28800.0,
  "scenarios": [
    {
      "scenario_id": 0,
      "probability": 1.0,
      "task_availability": {
        "1": 1,
        "2": 1,
        "3": 1,
        "4": 1,
        "5": 1,
        "6": 1,
        "7": 1,
        "8": 1,
        "9": 1,
        "10": 1,
        "11": 1,
        "12": 1,
        "13": 1,
        "14": 1,
        "15": 1,
        "16": 1,
        "17": 1,
        "18": 1,
        "19": 1,
        "20": 1,
        "21": 1,
        "22": 1,
        "23": 1,
        "24": 1,
        "25": 1,
        "26": 1,
        "27": 1,
        "28": 1,
        "29": 1,
        "30": 1,
        "31": 1,
        "32": 1,
        "33": 1,
        "34": 1,
        "35": 1,
        "36": 1,
        "37": 1,
        "38": 1
      },
      "task_release_times": {
        "1": 55.6427211396219,
        "2": 83.93686702382013,
        "3": 846.4672128146351,
        "4": 896.2742828150901,
        "5": 1000.5793697623905,
        "6": 1247.6466932999729,
        "7": 1400.631477907534,
        "8": 1850.921463623909,
        "9": 1870.4109118965637,
        "10": 2350.876653042391,
        "11": 3225.2034708623496,
        "12": 4094.781076991136,
        "13": 4367.70056138782,
        "14": 4433.945296650416,
        "15": 4520.685892897171,
        "16": 4615.804527181839,
        "17": 5023.130300280892,
        "18": 5193.665914257114,
        "19": 5347.038307407577,
        "20": 5399.43954437244,
        "21": 5887.84635241483,
        "22": 6179.9368022375465,
        "23": 6803.006638119437,
        "24": 7649.589986430993,
        "25": 8200.088748156444,
        "26": 8682.195966696263,
        "27": 8889.833454159207,
        "28": 9050.322075006678,
        "29": 9317.74297147121,
        "30": 9462.514334273987,
        "31": 11298.058448971145,
        "32": 14051.009183557704,
        "33": 14523.58960377628,
        "34": 16733.382696369055,
        "35": 17816.695531470134,
        "36": 19069.693553492853,
        "37": 21146.91657036636,
        "38": 26008.38218346723
      },
      "node_time_windows": {
        "1": [
          55.6427211396219,
          1855.642721139622
        ],
        "39": [
          87.17170052255568,
          3687.1717005225555
        ],
        "2": [
          83.93686702382013,
          1883.93686702382
        ],
        "40": [
          109.98793100524253,
          3709.9879310052424
        ],
        "3": [
          846.4672128146351,
          2646.467212814635
        ],
        "41": [
          877.4100343832401,
          4477.41003438324
        ],
        "4": [
          896.2742828150901,
          2696.2742828150904
        ],
        "42": [
          930.4794492408713,
          4530.479449240871
        ],
        "5": [
          1000.5793697623905,
          2800.5793697623903
        ],
        "43": [
          1029.4325825903277,
          4629.432582590328
        ],
        "6": [
          1247.6466932999729,
          3047.646693299973
        ],
        "44": [
          1273.068816258255,
          4873.0688162582555
        ],
        "7": [
          1400.631477907534,
          3200.6314779075337
        ],
        "45": [
          1426.897800309552,
          5026.897800309552
        ],
        "8": [
          1850.921463623909,
          3650.921463623909
        ],
        "46": [
          1885.3486749659166,
          5485.348674965917
        ],
        "9": [
          1870.4109118965637,
          3670.4109118965634
        ],
        "47": [
          1905.2805411503643,
          5505.280541150364
        ],
        "10": [
          2350.876653042391,
          4150.876653042391
        ],
        "48": [
          2379.5826251876015,
          5979.5826251876015
        ],
        "11": [
          3225.2034708623496,
          5025.20347086235
        ],
        "49": [
          3259.7104162610776,
          6859.710416261078
        ],
        "12": [
          4094.781076991136,
          5894.781076991136
        ],
        "50": [
          4124.2718220928045,
          7724.2718220928045
        ],
        "13": [
          4367.70056138782,
          6167.70056138782
        ],
        "51": [
          4394.509064371413,
          7994.509064371413
        ],
        "14": [
          4433.945296650416,
          6233.945296650416
        ],
        "52": [
          4466.549233003687,
          8066.549233003687
        ],
        "15": [
          4520.685892897171,
          6320.685892897171
        ],
        "53": [
          4550.82575846744,
          8150.82575846744
        ],
        "16": [
          4615.804527181839,
          6415.804527181839
        ],
        "54": [
          4648.8915380608405,
          8248.891538060841
        ],
        "17": [
          5023.130300280892,
          6823.130300280892
        ],
        "55": [
          5051.615888546658,
          8651.615888546658
        ],
        "18": [
          5193.665914257114,
          6993.665914257114
        ],
        "56": [
          5219.271948616341,
          8819.27194861634
        ],
        "19": [
          5347.038307407577,
          7147.038307407577
        ],
        "57": [
          5378.482524909465,
          8978.482524909465
        ],
        "20": [
          5399.43954437244,
          7199.43954437244
        ],
        "58": [
          5427.503958941905,
          9027.503958941905
        ],
        "21": [
          5887.84635241483,
          7687.84635241483
        ],
        "59": [
          5922.146757427077,
          9522.146757427077
        ],
        "22": [
          6179.9368022375465,
          7979.9368022375465
        ],
        "60": [
          6207.069601939701,
          9807.0696019397
        ],
        "23": [
          6803.006638119437,
          8603.006638119437
        ],
        "61": [
          6827.700414381851,
          10427.700414381852
        ],
        "24": [
          7649.589986430993,
          9449.589986430994
        ],
        "62": [
          7679.095103274081,
          11279.095103274081
        ],
        "25": [
          8200.088748156444,
          10000.088748156444
        ],
        "63": [
          8230.204523153265,
          11830.204523153265
        ],
        "26": [
          8682.195966696263,
          10482.195966696263
        ],
        "64": [
          8709.06349916821,
          12309.06349916821
        ],
        "27": [
          8889.833454159207,
          10689.833454159207
        ],
        "65": [
          8920.975201999661,
          12520.975201999661
        ],
        "28": [
          9050.322075006678,
          10850.322075006678
        ],
        "66": [
          9082.680755672896,
          12682.680755672896
        ],
        "29": [
          9317.74297147121,
          11117.74297147121
        ],
        "67": [
          9349.60408382384,
          12949.60408382384
        ],
        "30": [
          9462.514334273987,
          11262.514334273987
        ],