{
  "layout": {
    "width": 150.0,
    "height": 120.0,
    "depot_position": "center",
    "depot_custom_xy": null,
    "num_tasks": 34,
    "zone_strategy": "left_right",
    "pickup_x_range": [
      0.15,
      0.45
    ],
    "pickup_y_range": [
      0.15,
      0.85
    ],
    "delivery_x_range": [
      0.55,
      0.85
    ],
    "delivery_y_range": [
      0.15,
      0.85
    ],
    "grid_noise_ratio": 0.05,
    "uniform_margin": 0.1,
    "demand_range": [
      10.0,
      40.0
    ],
    "demand_fixed": null,
    "service_time": 60.0,
    "time_window_mode": "none",
    "time_window_type": "soft",
    "tw_pickup_width": 120.0,
    "tw_delivery_gap": 30.0,
    "tw_stagger_interval": 45.0,
    "tw_horizon": 10000.0,
    "num_charging_stations": 3,
    "charging_placement": "perimeter",
    "charging_custom_coords": null,
    "seed": 2009
  },
  "episode_length_s": 28800.0,
  "scenarios": [
    {
      "scenario_id": 0,
      "probability": 1.0,
      "task_availability": {
        "1": 1,
        "2": 1,
        "3": 1,
        "4": 1,
        "5": 1,
        "6": 1,
        "7": 1,
        "8": 1,
        "9": 1,
        "10": 1,
        "11": 1,
        "12": 1,
        "13": 1,
        "14": 1,
        "15": 1,
        "16": 1,
        "17": 1,
        "18": 1,
        "19": 1,
        "20": 1,
        "21": 1,
        "22": 1,
        "23": 1,
        "24": 1,
        "25": 1,
        "26": 1,
        "27": 1,
        "28": 1,
        "29": 1,
        "30": 1,
        "31": 1,
        "32": 1,
        "33": 1,
        "34": 1
      },
      "task_release_times": {
        "1": 162.01584550804034,
        "2": 2050.326728090424,
        "3": 2810.173285886665,
        "4": 2929.6613427949173,
        "5": 3000.527691800612,
        "6": 3345.5686065531877,
        "7": 3867.799020835983,
        "8": 4079.0371107836795,
        "9": 4701.538656192127,
        "10": 4940.414746377123,
        "11": 5167.9140619189275,
        "12": 5296.415715957696,
        "13": 5523.6963547507685,
        "14": 6650.281064753764,
        "15": 6981.847710184639,
        "16": 7086.467409338068,
        "17": 7441.748632905548,
        "18": 7868.5162055802775,
        "19": 8637.857850536175,
        "20": 8856.447017321978,
        "21": 14120.237304669281,
        "22": 14561.67764521631,
        "23": 15337.830061398989,
        "24": 16367.209559984407,
        "25": 18008.18637161429,
        "26": 18057.47154242229,
        "27": 19221.515583694116,
        "28": 19811.540752591725,
        "29": 23427.323392293707,
        "30": 24205.841761065964,
        "31": 25278.89207223329,
        "32": 26049.725910931375,
        "33": 26144.92456434777,
        "34": 27478.995335413754
      },
      "node_time_windows": {
        "1": [
          162.01584550804034,
          1962.0158455080405
        ],
        "35": [
          190.57737152780373,
          3790.5773715278037
        ],
        "2": [
          2050.326728090424,
          3850.326728090424
        ],
        "36": [
          2076.931198815049,
          5676.931198815049
        ],
        "3": [
          2810.173285886665,
          4610.173285886665
        ],
        "37": [
          2841.6528899311206,
          6441.652889931121
        ],
        "4": [
          2929.6613427949173,
          4729.661342794918
        ],
        "38": [
          2961.9291230028507,
          6561.92912300285
        ],
        "5": [
          3000.527691800612,
          4800.527691800612
        ],
        "39": [
          3027.749454740123,
          6627.749454740123
        ],
        "6": [
          3345.5686065531877,
          5145.568606553188
        ],
        "40": [
          3378.008748291833,
          6978.008748291833
        ],
        "7": [
          3867.799020835983,
          5667.799020835982
        ],
        "41": [
          3897.9406631082284,
          7497.940663108228
        ],
        "8": [
          4079.0371107836795,
          5879.03711078368
        ],
        "42": [
          4107.139718262518,
          7707.139718262518
        ],
        "9": [
          4701.538656192127,
          6501.538656192127
        ],
        "43": [
          4731.99420016465,
          8331.994200164649
        ],
        "10": [
          4940.414746377123,
          6740.414746377123
        ],
        "44": [
          4967.0169750190935,
          8567.016975019094
        ],
        "11": [
          5167.9140619189275,
          6967.9140619189275
        ],
        "45": [
          5195.18343733694,
          8795.18343733694
        ],
        "12": [
          5296.415715957696,
          7096.415715957696
        ],
        "46": [
          5323.0265611293835,
          8923.026561129383
        ],
        "13": [
          5523.6963547507685,
          7323.6963547507685
        ],
        "47": [
          5553.0133855259455,
          9153.013385525945
        ],
        "14": [
          6650.281064753764,
          8450.281064753764
        ],
        "48": [
          6677.411157961378,
          10277.411157961378
        ],
        "15": [
          6981.847710184639,
          8781.84771018464
        ],
        "49": [
          7010.9610609656165,
          10610.961060965616
        ],
        "16": [
          7086.467409338068,
          8886.467409338067
        ],
        "50": [
          7122.971804299709,
          10722.971804299708
        ],
        "17": [
          7441.748632905548,
          9241.748632905548
        ],
        "51": [
          7468.518863622804,
          11068.518863622805
        ],
        "18": [
          7868.5162055802775,
          9668.516205580278
        ],
        "52": [
          7897.425972945695,
          11497.425972945695
        ],
        "19": [
          8637.857850536175,
          10437.857850536175
        ],
        "53": [
          8669.167581555628,
          12269.167581555628
        ],
        "20": [
          8856.447017321978,
          10656.447017321978
        ],
        "54": [
          8885.961839348687,
          12485.961839348687
        ],
        "21": [
          14120.237304669281,
          15920.237304669281
        ],
        "55": [
          14148.297458990772,
          17748.29745899077
        ],
        "22": [
          14561.67764521631,
          16361.67764521631
        ],
        "56": [
          14589.756976770776,
          18189.756976770776
        ],
        "23": [
          15337.830061398989,
          17137.83006139899
        ],
        "57": [
          15364.559099944474,
          18964.559099944476
        ],
        "24": [
          16367.209559984407,
          18167.209559984407
        ],
        "58": [
          16397.234839485092,
          19997.234839485092
        ],
        "25": [
          18008.18637161429,
          19808.18637161429
        ],
        "59": [
          18041.40249878363,
          21641.40249878363
        ],
        "26": [
          18057.47154242229,
          19857.47154242229
        ],
        "60": [
          18090.57755907153,
          21690.57755907153
        ],
        "27": [
          19221.515583694116,
          21021.515583694116
        ],
        "61": [
          19255.184030638735,
          22855.184030638735
        ],
        "28": [
          19811.540752591725,
          21611.540752591725
        ],
        "62": [
          19836.319513186583,
          23436.319513186583
        ],
        "29": [
          23427.323392293707,
          25227.323392293707
        ],
        "63": [
          23458.688924416623,
          27058.688924416623
        ],
        "30": [
          24205.841761065964,
          26005.841761065964
        ],
        "64": [
          24229.0591671572,
          27829.0591671572
        ],
        "31": [
          25278.89207223329,
          27078.89207223329
        ],