{
  "layout": {
    "width": 150.0,
    "height": 120.0,
    "depot_position": "center",
    "depot_custom_xy": null,
    "num_tasks": 33,
    "zone_strategy": "left_right",
    "pickup_x_range": [
      0.15,
      0.45
    ],
    "pickup_y_range": [
      0.15,
      0.85
    ],
    "delivery_x_range": [
      0.55,
      0.85
    ],
    "delivery_y_range": [
      0.15,
      0.85
    ],
    "grid_noise_ratio": 0.05,
    "uniform_margin": 0.1,
    "demand_range": [
      10.0,
      40.0
    ],
    "demand_fixed": null,
    "service_time": 60.0,
    "time_window_mode": "none",
    "time_window_type": "soft",
    "tw_pickup_width": 120.0,
    "tw_delivery_gap": 30.0,
    "tw_stagger_interval": 45.0,
    "tw_horizon": 10000.0,
    "num_charging_stations": 3,
    "charging_placement": "perimeter",
    "charging_custom_coords": null,
    "seed": 2007
  },
  "episode_length_s": 28800.0,
  "scenarios": [
    {
      "scenario_id": 0,
      "probability": 1.0,
      "task_availability": {
        "1": 1,
        "2": 1,
        "3": 1,
        "4": 1,
        "5": 1,
        "6": 1,
        "7": 1,
        "8": 1,
        "9": 1,
        "10": 1,
        "11": 1,
        "12": 1,
        "13": 1,
        "14": 1,
        "15": 1,
        "16": 1,
        "17": 1,
        "18": 1,
        "19": 1,
        "20": 1,
        "21": 1,
        "22": 1,
        "23": 1,
        "24": 1,
        "25": 1,
        "26": 1,
        "27": 1,
        "28": 1,
        "29": 1,
        "30": 1,
        "31": 1,
        "32": 1,
        "33": 1
      },
      "task_release_times": {
        "1": 427.5571184841379,
        "2": 687.881122287606,
        "3": 5559.7072352896885,
        "4": 8633.220215425243,
        "5": 9703.287787447698,
        "6": 9959.774681187482,
        "7": 10120.387814808324,
        "8": 11413.39104949941,
        "9": 11769.911212684456,
        "10": 11852.53207230313,
        "11": 11943.247374783947,
        "12": 12564.038481257148,
        "13": 13476.685807312047,
        "14": 15305.315635018593,
        "15": 15701.069181910432,
        "16": 17139.147804632994,
        "17": 17264.320203842508,
        "18": 17319.28840730026,
        "19": 17323.11791497802,
        "20": 17677.465865066446,
        "21": 18570.031908125435,
        "22": 18950.96260690711,
        "23": 20226.218279962344,
        "24": 20410.92362783433,
        "25": 21409.520743810994,
        "26": 22547.47080033116,
        "27": 22995.74687439831,
        "28": 23221.044010458147,
        "29": 24731.591762406177,
        "30": 24877.155073236107,
        "31": 26937.559258901456,
        "32": 27109.147413772884,
        "33": 28114.279542301916
      },
      "node_time_windows": {
        "1": [
          427.5571184841379,
          2227.557118484138
        ],
        "34": [
          519.8871388074389,
          4119.8871388074385
        ],
        "2": [
          687.881122287606,
          2487.881122287606
        ],
        "35": [
          778.9191872888232,
          4378.919187288823
        ],
        "3": [
          5559.7072352896885,
          7359.7072352896885
        ],
        "36": [
          5643.78772608075,
          9243.78772608075
        ],
        "4": [
          8633.220215425243,
          10433.220215425243
        ],
        "37": [
          8718.279015858607,
          12318.279015858607
        ],
        "5": [
          9703.287787447698,
          11503.287787447698
        ],
        "38": [
          9796.299609683976,
          13396.299609683976
        ],
        "6": [
          9959.774681187482,
          11759.774681187482
        ],
        "39": [
          10044.571585553074,
          13644.571585553074
        ],
        "7": [
          10120.387814808324,
          11920.387814808324
        ],
        "40": [
          10209.223021053855,
          13809.223021053855
        ],
        "8": [
          11413.39104949941,
          13213.39104949941
        ],
        "41": [
          11503.21804899657,
          15103.21804899657
        ],
        "9": [
          11769.911212684456,
          13569.911212684456
        ],
        "42": [
          11863.997802878866,
          15463.997802878866
        ],
        "10": [
          11852.53207230313,
          13652.53207230313
        ],
        "43": [
          11946.879085405099,
          15546.879085405099
        ],
        "11": [
          11943.247374783947,
          13743.247374783947
        ],
        "44": [
          12030.389434643152,
          15630.389434643152
        ],
        "12": [
          12564.038481257148,
          14364.038481257148
        ],
        "45": [
          12658.029216937906,
          16258.029216937906
        ],
        "13": [
          13476.685807312047,
          15276.685807312047
        ],
        "46": [
          13567.495147549736,
          17167.495147549736
        ],
        "14": [
          15305.315635018593,
          17105.315635018593
        ],
        "47": [
          15400.467750955793,
          19000.467750955795
        ],
        "15": [
          15701.069181910432,
          17501.069181910432
        ],
        "48": [
          15786.0695680943,
          19386.069568094303
        ],
        "16": [
          17139.147804632994,
          18939.147804632994
        ],
        "49": [
          17232.57976288372,
          20832.57976288372
        ],
        "17": [
          17264.320203842508,
          19064.320203842508
        ],
        "50": [
          17352.30591059174,
          20952.30591059174
        ],
        "18": [
          17319.28840730026,
          19119.28840730026
        ],
        "51": [
          17411.321108361084,
          21011.321108361084
        ],
        "19": [
          17323.11791497802,
          19123.11791497802
        ],
        "52": [
          17406.530613127743,
          21006.530613127743
        ],
        "20": [
          17677.465865066446,
          19477.465865066446
        ],
        "53": [
          17767.778456357344,
          21367.778456357344
        ],
        "21": [
          18570.031908125435,
          20370.031908125435
        ],
        "54": [
          18656.92720759605,
          22256.92720759605
        ],
        "22": [
          18950.96260690711,
          20750.96260690711
        ],
        "55": [
          19040.604373755818,
          22640.604373755818
        ],
        "23": [
          20226.218279962344,
          22026.218279962344
        ],
        "56": [
          20318.204036775787,
          23918.204036775787
        ],
        "24": [
          20410.92362783433,
          22210.92362783433
        ],
        "57": [
          20499.213422707402,
          24099.213422707402
        ],
        "25": [
          21409.520743810994,
          23209.520743810994
        ],
        "58": [
          21504.27534609694,
          25104.27534609694
        ],
        "26": [
          22547.47080033116,
          24347.47080033116
        ],
        "59": [
          22638.344864187377,
          26238.344864187377
        ],
        "27": [
          22995.74687439831,
          24795.74687439831
        ],
        "60": [
          23088.730099767858,
          26688.730099767858
        ],
        "28": [
          23221.044010458147,
          25021.044010458147
        ],
        "61": [
          23316.407850581752,
          26916.407850581752
        ],
        "29": [
          24731.591762406177,
          26531.591762406177
        ],
        "62": [
          24822.277025691492,
          28422.277025691492
        ],
        "30": [
          24877.155073236107,
          26677.155073236107
        ],
        "63": [
          24970.6633587906,
          28570.6633587906
        ],
        "31": [
          26937.559258901456,
          28737.559258901456
        ],
        "64": [
          27029.55444083518,
          30629.55444083518
        ],