{
  "layout": {
    "width": 150.0,
    "height": 120.0,
    "depot_position": "center",
    "depot_custom_xy": null,
    "num_tasks": 32,
    "zone_strategy": "left_right",
    "pickup_x_range": [
      0.15,
      0.45
    ],
    "pickup_y_range": [
      0.15,
      0.85
    ],
    "delivery_x_range": [
      0.55,
      0.85
    ],
    "delivery_y_range": [
      0.15,
      0.85
    ],
    "grid_noise_ratio": 0.05,
    "uniform_margin": 0.1,
    "demand_range": [
      10.0,
      40.0
    ],
    "demand_fixed": null,
    "service_time": 60.0,
    "time_window_mode": "none",
    "time_window_type": "soft",
    "tw_pickup_width": 120.0,
    "tw_delivery_gap": 30.0,
    "tw_stagger_interval": 45.0,
    "tw_horizon": 10000.0,
    "num_charging_stations": 3,
    "charging_placement": "perimeter",
    "charging_custom_coords": null,
    "seed": 2008
  },
  "episode_length_s": 28800.0,
  "scenarios": [
    {
      "scenario_id": 0,
      "probability": 1.0,
      "task_availability": {
        "1": 1,
        "2": 1,
        "3": 1,
        "4": 1,
        "5": 1,
        "6": 1,
        "7": 1,
        "8": 1,
        "9": 1,
        "10": 1,
        "11": 1,
        "12": 1,
        "13": 1,
        "14": 1,
        "15": 1,
        "16": 1,
        "17": 1,
        "18": 1,
        "19": 1,
        "20": 1,
        "21": 1,
        "22": 1,
        "23": 1,
        "24": 1,
        "25": 1,
        "26": 1,
        "27": 1,
        "28": 1,
        "29": 1,
        "30": 1,
        "31": 1,
        "32": 1
      },
      "task_release_times": {
        "1": 77.5583477608734,
        "2": 126.4076959696311,
        "3": 1053.0711162311636,
        "4": 1237.3202814354024,
        "5": 1329.445191067859,
        "6": 1944.6245294175733,
        "7": 2224.6087718848057,
        "8": 2726.8666956864113,
        "9": 2793.6059366623313,
        "10": 4164.127540511931,
        "11": 5451.158452820979,
        "12": 6548.686122428963,
        "13": 6779.643854378275,
        "14": 7400.457956136794,
        "15": 7601.575119503939,
        "16": 8086.303929143966,
        "17": 8387.874539437016,
        "18": 8466.045782723806,
        "19": 9485.304336104027,
        "20": 13141.959753005285,
        "21": 13365.47234364019,
        "22": 13694.25720411855,
        "23": 15254.64433321042,
        "24": 16843.533698667932,
        "25": 17915.488248469985,
        "26": 19376.341271828507,
        "27": 19548.27843601544,
        "28": 19759.38560826891,
        "29": 21734.389141482836,
        "30": 23590.017261053596,
        "31": 26939.152213525726,
        "32": 28698.547038742036
      },
      "node_time_windows": {
        "1": [
          77.5583477608734,
          1877.5583477608734
        ],
        "33": [
          101.40016671026679,
          3701.4001667102666
        ],
        "2": [
          126.4076959696311,
          1926.407695969631
        ],
        "34": [
          156.63407688170943,
          3756.6340768817095
        ],
        "3": [
          1053.0711162311636,
          2853.0711162311636
        ],
        "35": [
          1083.208425638597,
          4683.208425638597
        ],
        "4": [
          1237.3202814354024,
          3037.3202814354026
        ],
        "36": [
          1260.9509074078026,
          4860.950907407802
        ],
        "5": [
          1329.445191067859,
          3129.445191067859
        ],
        "37": [
          1357.1623083758989,
          4957.162308375899
        ],
        "6": [
          1944.6245294175733,
          3744.6245294175733
        ],
        "38": [
          1973.1635138482598,
          5573.16351384826
        ],
        "7": [
          2224.6087718848057,
          4024.6087718848057
        ],
        "39": [
          2250.9111987810516,
          5850.911198781052
        ],
        "8": [
          2726.8666956864113,
          4526.866695686411
        ],
        "40": [
          2756.8564483797904,
          6356.856448379791
        ],
        "9": [
          2793.6059366623313,
          4593.605936662331
        ],
        "41": [
          2824.2037183231387,
          6424.203718323139
        ],
        "10": [
          4164.127540511931,
          5964.127540511931
        ],
        "42": [
          4192.405869482508,
          7792.405869482508
        ],
        "11": [
          5451.158452820979,
          7251.158452820979
        ],
        "43": [
          5477.81457121095,
          9077.81457121095
        ],
        "12": [
          6548.686122428963,
          8348.686122428964
        ],
        "44": [
          6578.229480501241,
          10178.22948050124
        ],
        "13": [
          6779.643854378275,
          8579.643854378275
        ],
        "45": [
          6806.651947499826,
          10406.651947499826
        ],
        "14": [
          7400.457956136794,
          9200.457956136794
        ],
        "46": [
          7428.7854330157,
          11028.785433015699
        ],
        "15": [
          7601.575119503939,
          9401.57511950394
        ],
        "47": [
          7633.608086006017,
          11233.608086006017
        ],
        "16": [
          8086.303929143966,
          9886.303929143967
        ],
        "48": [
          8115.913614273154,
          11715.913614273155
        ],
        "17": [
          8387.874539437016,
          10187.874539437016
        ],
        "49": [
          8419.621827094597,
          12019.621827094597
        ],
        "18": [
          8466.045782723806,
          10266.045782723806
        ],
        "50": [
          8496.5894725741,
          12096.5894725741
        ],
        "19": [
          9485.304336104027,
          11285.304336104027
        ],
        "51": [
          9516.83161178199,
          13116.83161178199
        ],
        "20": [
          13141.959753005285,
          14941.959753005285
        ],
        "52": [
          13172.728085406514,
          16772.728085406514
        ],
        "21": [
          13365.47234364019,
          15165.47234364019
        ],
        "53": [
          13392.306252092918,
          16992.306252092916
        ],
        "22": [
          13694.25720411855,
          15494.25720411855
        ],
        "54": [
          13724.617348606589,
          17324.61734860659
        ],
        "23": [
          15254.64433321042,
          17054.64433321042
        ],
        "55": [
          15284.333520318878,
          18884.333520318876
        ],
        "24": [
          16843.533698667932,
          18643.533698667932
        ],
        "56": [
          16870.19377387118,
          20470.19377387118
        ],
        "25": [
          17915.488248469985,
          19715.488248469985
        ],
        "57": [
          17948.603166682376,
          21548.603166682376
        ],
        "26": [
          19376.341271828507,
          21176.341271828507
        ],
        "58": [
          19406.745201103535,
          23006.745201103535
        ],
        "27": [
          19548.27843601544,
          21348.27843601544
        ],
        "59": [
          19580.943631737588,
          23180.943631737588
        ],
        "28": [
          19759.38560826891,
          21559.38560826891
        ],
        "60": [
          19789.102314478492,
          23389.102314478492
        ],
        "29": [
          21734.389141482836,
          23534.389141482836
        ],
        "61": [
          21757.527072897457,
          25357.527072897457
        ],
        "30": [
          23590.017261053596,
          25390.017261053596
        ],
        "62": [
          23626.218290408917,
          27226.218290408917
        ],
        "31": [
          26939.152213525726,
          28739.152213525726
        ],
        "63": [
          26962.33657475104,
          30562.33657475104
        ],