{
  "layout": {
    "width": 150.0,
    "height": 120.0,
    "depot_position": "center",
    "depot_custom_xy": null,
    "num_tasks": 38,
    "zone_strategy": "left_right",
    "pickup_x_range": [
      0.15,
      0.45
    ],
    "pickup_y_range": [
      0.15,
      0.85
    ],
    "delivery_x_range": [
      0.55,
      0.85
    ],
    "delivery_y_range": [
      0.15,
      0.85
    ],
    "grid_noise_ratio": 0.05,
    "uniform_margin": 0.1,
    "demand_range": [
      10.0,
      40.0
    ],
    "demand_fixed": null,
    "service_time": 60.0,
    "time_window_mode": "none",
    "time_window_type": "soft",
    "tw_pickup_width": 120.0,
    "tw_delivery_gap": 30.0,
    "tw_stagger_interval": 45.0,
    "tw_horizon": 10000.0,
    "num_charging_stations": 3,
    "charging_placement": "perimeter",
    "charging_custom_coords": null,
    "seed": 2004
  },
  "episode_length_s": 28800.0,
  "scenarios": [
    {
      "scenario_id": 0,
      "probability": 1.0,
      "task_availability": {
        "1": 1,
        "2": 1,
        "3": 1,
        "4": 1,
        "5": 1,
        "6": 1,
        "7": 1,
        "8": 1,
        "9": 1,
        "10": 1,
        "11": 1,
        "12": 1,
        "13": 1,
        "14": 1,
        "15": 1,
        "16": 1,
        "17": 1,
        "18": 1,
        "19": 1,
        "20": 1,
        "21": 1,
        "22": 1,
        "23": 1,
        "24": 1,
        "25": 1,
        "26": 1,
        "27": 1,
        "28": 1,
        "29": 1,
        "30": 1,
        "31": 1,
        "32": 1,
        "33": 1,
        "34": 1,
        "35": 1,
        "36": 1,
        "37": 1,
        "38": 1
      },
      "task_release_times": {
        "1": 4133.882790343867,
        "2": 5472.776284332989,
        "3": 10344.01897329518,
        "4": 10809.097974122891,
        "5": 11893.325057888884,
        "6": 12348.824319956017,
        "7": 13158.682736542385,
        "8": 13296.048587024176,
        "9": 13357.646745432676,
        "10": 13695.13013864835,
        "11": 14014.009385519203,
        "12": 14056.115384305085,
        "13": 14190.825338959065,
        "14": 14370.1455182744,
        "15": 14496.639565489912,
        "16": 14637.940650460296,
        "17": 14638.655390209306,
        "18": 14642.942730369581,
        "19": 14929.41010624215,
        "20": 15890.627289703993,
        "21": 16885.188944393307,
        "22": 16942.144465509307,
        "23": 17062.915211476287,
        "24": 17153.507227211496,
        "25": 17353.170250341907,
        "26": 17919.859037039187,
        "27": 17957.13132547339,
        "28": 18020.085580756582,
        "29": 18251.212415019923,
        "30": 18552.250275252667,
        "31": 18679.993443481224,
        "32": 21139.50757939171,
        "33": 22462.414391398503,
        "34": 25137.538483162978,
        "35": 25329.928756957524,
        "36": 26887.77740946399,
        "37": 27079.237504733195,
        "38": 28325.989606449944
      },
      "node_time_windows": {
        "1": [
          4133.882790343867,
          5933.882790343867
        ],
        "39": [
          4220.965660325364,
          7820.965660325364
        ],
        "2": [
          5472.776284332989,
          7272.776284332989
        ],
        "40": [
          5567.84864829107,
          9167.84864829107
        ],
        "3": [
          10344.01897329518,
          12144.01897329518
        ],
        "41": [
          10432.363113630061,
          14032.363113630061
        ],
        "4": [
          10809.097974122891,
          12609.097974122891
        ],
        "42": [
          10897.71600911292,
          14497.71600911292
        ],
        "5": [
          11893.325057888884,
          13693.325057888884
        ],
        "43": [
          11988.007756795236,
          15588.007756795236
        ],
        "6": [
          12348.824319956017,
          14148.824319956017
        ],
        "44": [
          12437.486364033368,
          16037.486364033368
        ],
        "7": [
          13158.682736542385,
          14958.682736542385
        ],
        "45": [
          13245.283979140542,
          16845.283979140542
        ],
        "8": [
          13296.048587024176,
          15096.048587024176
        ],
        "46": [
          13387.31567946062,
          16987.31567946062
        ],
        "9": [
          13357.646745432676,
          15157.646745432676
        ],
        "47": [
          13453.595460133765,
          17053.595460133765
        ],
        "10": [
          13695.13013864835,
          15495.13013864835
        ],
        "48": [
          13781.652179980652,
          17381.65217998065
        ],
        "11": [
          14014.009385519203,
          15814.009385519203
        ],
        "49": [
          14104.241152414601,
          17704.2411524146
        ],
        "12": [
          14056.115384305085,
          15856.115384305085
        ],
        "50": [
          14148.149738792305,
          17748.149738792305
        ],
        "13": [
          14190.825338959065,
          15990.825338959065
        ],
        "51": [
          14278.44040146908,
          17878.44040146908
        ],
        "14": [
          14370.1455182744,
          16170.1455182744
        ],
        "52": [
          14463.301548713642,
          18063.301548713644
        ],
        "15": [
          14496.639565489912,
          16296.639565489912
        ],
        "53": [
          14590.305244320738,
          18190.305244320738
        ],
        "16": [
          14637.940650460296,
          16437.940650460296
        ],
        "54": [
          14722.972612837695,
          18322.972612837693
        ],
        "17": [
          14638.655390209306,
          16438.655390209307
        ],
        "55": [
          14724.747516157466,
          18324.747516157466
        ],
        "18": [
          14642.942730369581,
          16442.94273036958
        ],
        "56": [
          14733.96591446604,
          18333.96591446604
        ],
        "19": [
          14929.41010624215,
          16729.41010624215
        ],
        "57": [
          15021.394348513353,
          18621.394348513353
        ],
        "20": [
          15890.627289703993,
          17690.627289703993
        ],
        "58": [
          15978.989013273698,
          19578.9890132737
        ],
        "21": [
          16885.188944393307,
          18685.188944393307
        ],
        "59": [
          16975.227526528597,
          20575.227526528597
        ],
        "22": [
          16942.144465509307,
          18742.144465509307
        ],
        "60": [
          17031.634976868285,
          20631.634976868285
        ],
        "23": [
          17062.915211476287,
          18862.915211476287
        ],
        "61": [
          17151.776889174515,
          20751.776889174515
        ],
        "24": [
          17153.507227211496,
          18953.507227211496
        ],
        "62": [
          17244.914883538437,
          20844.914883538437
        ],
        "25": [
          17353.170250341907,
          19153.170250341907
        ],
        "63": [
          17441.071456388538,
          21041.071456388538
        ],
        "26": [
          17919.859037039187,
          19719.859037039187
        ],
        "64": [
          18009.072796405126,
          21609.072796405126
        ],
        "27": [
          17957.13132547339,
          19757.13132547339
        ],
        "65": [
          18044.044209091164,
          21644.044209091164
        ],
        "28": [
          18020.085580756582,
          19820.085580756582
        ],
        "66": [
          18112.64812590259,
          21712.64812590259
        ],
        "29": [
          18251.212415019923,
          20051.212415019923
        ],
        "67": [
          18343.74033806125,
          21943.74033806125
        ],