{
  "layout": {
    "width": 150.0,
    "height": 120.0,
    "depot_position": "center",
    "depot_custom_xy": null,
    "num_tasks": 30,
    "zone_strategy": "left_right",
    "pickup_x_range": [
      0.15,
      0.45
    ],
    "pickup_y_range": [
      0.15,
      0.85
    ],
    "delivery_x_range": [
      0.55,
      0.85
    ],
    "delivery_y_range": [
      0.15,
      0.85
    ],
    "grid_noise_ratio": 0.05,
    "uniform_margin": 0.1,
    "demand_range": [
      10.0,
      40.0
    ],
    "demand_fixed": null,
    "service_time": 60.0,
    "time_window_mode": "none",
    "time_window_type": "soft",
    "tw_pickup_width": 120.0,
    "tw_delivery_gap": 30.0,
    "tw_stagger_interval": 45.0,
    "tw_horizon": 10000.0,
    "num_charging_stations": 3,
    "charging_placement": "perimeter",
    "charging_custom_coords": null,
    "seed": 2002
  },
  "episode_length_s": 28800.0,
  "scenarios": [
    {
      "scenario_id": 0,
      "probability": 1.0,
      "task_availability": {
        "1": 1,
        "2": 1,
        "3": 1,
        "4": 1,
        "5": 1,
        "6": 1,
        "7": 1,
        "8": 1,
        "9": 1,
        "10": 1,
        "11": 1,
        "12": 1,
        "13": 1,
        "14": 1,
        "15": 1,
        "16": 1,
        "17": 1,
        "18": 1,
        "19": 1,
        "20": 1,
        "21": 1,
        "22": 1,
        "23": 1,
        "24": 1,
        "25": 1,
        "26": 1,
        "27": 1,
        "28": 1,
        "29": 1,
        "30": 1
      },
      "task_release_times": {
        "1": 7.655562092584134,
        "2": 376.2762390458608,
        "3": 459.36831421503115,
        "4": 630.0644335646688,
        "5": 800.0898247057943,
        "6": 1402.4458537011424,
        "7": 2104.955008556451,
        "8": 2233.3864465168544,
        "9": 2511.803477658149,
        "10": 2591.301156841568,
        "11": 2777.358105649542,
        "12": 3232.911357053392,
        "13": 3737.3631056752765,
        "14": 4573.322041168295,
        "15": 4900.848028650687,
        "16": 5352.750752187354,
        "17": 6318.937154818532,
        "18": 7557.7380596042285,
        "19": 7785.748370840195,
        "20": 7928.911920798132,
        "21": 10858.870353395083,
        "22": 11252.148309035343,
        "23": 12679.380484446305,
        "24": 12733.507989849366,
        "25": 13290.827347563087,
        "26": 13838.34047015381,
        "27": 19156.678457588972,
        "28": 22202.737737311974,
        "29": 25107.97529855518,
        "30": 26988.65174841164
      },
      "node_time_windows": {
        "1": [
          7.655562092584134,
          1807.6555620925842
        ],
        "31": [
          36.88771273789786,
          3636.887712737898
        ],
        "2": [
          376.2762390458608,
          2176.2762390458606
        ],
        "32": [
          406.0140749589093,
          4006.014074958909
        ],
        "3": [
          459.36831421503115,
          2259.368314215031
        ],
        "33": [
          483.467854392356,
          4083.467854392356
        ],
        "4": [
          630.0644335646688,
          2430.064433564669
        ],
        "34": [
          662.9055649800429,
          4262.905564980043
        ],
        "5": [
          800.0898247057943,
          2600.0898247057944
        ],
        "35": [
          834.7405582869412,
          4434.740558286941
        ],
        "6": [
          1402.4458537011424,
          3202.4458537011424
        ],
        "36": [
          1427.760746160691,
          5027.760746160691
        ],
        "7": [
          2104.955008556451,
          3904.955008556451
        ],
        "37": [
          2133.015726764671,
          5733.015726764671
        ],
        "8": [
          2233.3864465168544,
          4033.3864465168544
        ],
        "38": [
          2266.699589937127,
          5866.699589937127
        ],
        "9": [
          2511.803477658149,
          4311.803477658149
        ],
        "39": [
          2544.8994228684332,
          6144.899422868433
        ],
        "10": [
          2591.301156841568,
          4391.301156841568
        ],
        "40": [
          2624.7312592227436,
          6224.731259222744
        ],
        "11": [
          2777.358105649542,
          4577.358105649542
        ],
        "41": [
          2806.7169982254704,
          6406.716998225471
        ],
        "12": [
          3232.911357053392,
          5032.911357053392
        ],
        "42": [
          3267.5758398040934,
          6867.575839804093
        ],
        "13": [
          3737.3631056752765,
          5537.3631056752765
        ],
        "43": [
          3774.052537316237,
          7374.052537316236
        ],
        "14": [
          4573.322041168295,
          6373.322041168295
        ],
        "44": [
          4598.919081767518,
          8198.919081767519
        ],
        "15": [
          4900.848028650687,
          6700.848028650687
        ],
        "45": [
          4925.78253533318,
          8525.78253533318
        ],
        "16": [
          5352.750752187354,
          7152.750752187354
        ],
        "46": [
          5381.455439749879,
          8981.45543974988
        ],
        "17": [
          6318.937154818532,
          8118.937154818532
        ],
        "47": [
          6354.088369918209,
          9954.088369918209
        ],
        "18": [
          7557.7380596042285,
          9357.738059604228
        ],
        "48": [
          7587.187780374315,
          11187.187780374315
        ],
        "19": [
          7785.748370840195,
          9585.748370840196
        ],
        "49": [
          7816.857849783732,
          11416.857849783732
        ],
        "20": [
          7928.911920798132,
          9728.911920798131
        ],
        "50": [
          7959.044963372201,
          11559.044963372202
        ],
        "21": [
          10858.870353395083,
          12658.870353395083
        ],
        "51": [
          10888.50717780517,
          14488.50717780517
        ],
        "22": [
          11252.148309035343,
          13052.148309035343
        ],
        "52": [
          11283.810021392494,
          14883.810021392494
        ],
        "23": [
          12679.380484446305,
          14479.380484446305
        ],
        "53": [
          12715.156489069828,
          16315.156489069828
        ],
        "24": [
          12733.507989849366,
          14533.507989849366
        ],
        "54": [
          12757.327709201934,
          16357.327709201934
        ],
        "25": [
          13290.827347563087,
          15090.827347563087
        ],
        "55": [
          13324.956861560124,
          16924.956861560124
        ],
        "26": [
          13838.34047015381,
          15638.34047015381
        ],
        "56": [
          13866.017319231696,
          17466.017319231694
        ],
        "27": [
          19156.678457588972,
          20956.678457588972
        ],
        "57": [
          19192.62402339754,
          22792.62402339754
        ],
        "28": [
          22202.737737311974,
          24002.737737311974
        ],
        "58": [
          22234.406003836222,
          25834.406003836222
        ],
        "29": [
          25107.97529855518,
          26907.97529855518
        ],
        "59": [
          25141.040246802637,
          28741.040246802637
        ],
        "30": [
          26988.65174841164,
          28788.65174841164
        ],
        "60": [
          27016.928480809802,
          30616.928480809802
        ]
      },
      "node_service_times": {
        "1": 60.0,
        "31": 60.0,
        "2": 60.0,
        "32": 60.0,
        "3": 60.0,
        "33": 60.0,
        "4": 60.0,
        "34": 60.0,
        "5": 60.0,
        "35": 60.0,
        "6": 60.0,
        "36": 60.0,
        "7": 60.0,
        "37": 60.0,
        "8": 60.0,
        "38": 60.0,