{
  "layout": {
    "width": 150.0,
    "height": 120.0,
    "depot_position": "center",
    "depot_custom_xy": null,
    "num_tasks": 37,
    "zone_strategy": "left_right",
    "pickup_x_range": [
      0.15,
      0.45
    ],
    "pickup_y_range": [
      0.15,
      0.85
    ],
    "delivery_x_range": [
      0.55,
      0.85
    ],
    "delivery_y_range": [
      0.15,
      0.85
    ],
    "grid_noise_ratio": 0.05,
    "uniform_margin": 0.1,
    "demand_range": [
      10.0,
      40.0
    ],
    "demand_fixed": null,
    "service_time": 60.0,
    "time_window_mode": "none",
    "time_window_type": "soft",
    "tw_pickup_width": 120.0,
    "tw_delivery_gap": 30.0,
    "tw_stagger_interval": 45.0,
    "tw_horizon": 10000.0,
    "num_charging_stations": 3,
    "charging_placement": "perimeter",
    "charging_custom_coords": null,
    "seed": 2005
  },
  "episode_length_s": 28800.0,
  "scenarios": [
    {
      "scenario_id": 0,
      "probability": 1.0,
      "task_availability": {
        "1": 1,
        "2": 1,
        "3": 1,
        "4": 1,
        "5": 1,
        "6": 1,
        "7": 1,
        "8": 1,
        "9": 1,
        "10": 1,
        "11": 1,
        "12": 1,
        "13": 1,
        "14": 1,
        "15": 1,
        "16": 1,
        "17": 1,
        "18": 1,
        "19": 1,
        "20": 1,
        "21": 1,
        "22": 1,
        "23": 1,
        "24": 1,
        "25": 1,
        "26": 1,
        "27": 1,
        "28": 1,
        "29": 1,
        "30": 1,
        "31": 1,
        "32": 1,
        "33": 1,
        "34": 1,
        "35": 1,
        "36": 1,
        "37": 1
      },
      "task_release_times": {
        "1": 1041.5805394128001,
        "2": 3115.283328249669,
        "3": 5914.889322760078,
        "4": 6100.860916734679,
        "5": 6373.686861460638,
        "6": 7559.706950953841,
        "7": 8534.005221144318,
        "8": 10297.626194839284,
        "9": 10710.718469591253,
        "10": 11297.339078444726,
        "11": 11734.8837977655,
        "12": 11851.321106641277,
        "13": 14119.230379131552,
        "14": 14172.182035727863,
        "15": 14727.834241387936,
        "16": 15329.749718669687,
        "17": 15446.38121720235,
        "18": 15451.822917019075,
        "19": 15888.770755136702,
        "20": 16754.962698584954,
        "21": 16926.49746506874,
        "22": 17432.033708029943,
        "23": 17607.559056241946,
        "24": 17949.93354281665,
        "25": 18560.341661211634,
        "26": 19490.309011253543,
        "27": 20157.80569053234,
        "28": 20243.065523768215,
        "29": 20437.30055272267,
        "30": 21322.46645128756,
        "31": 21352.13321231947,
        "32": 22446.746875971046,
        "33": 23583.830963765606,
        "34": 24151.51264716529,
        "35": 24879.619887712826,
        "36": 27342.06806738399,
        "37": 27660.8338543841
      },
      "node_time_windows": {
        "1": [
          1041.5805394128001,
          2841.5805394128
        ],
        "38": [
          1131.9233747564863,
          4731.923374756487
        ],
        "2": [
          3115.283328249669,
          4915.283328249669
        ],
        "39": [
          3208.4898870496063,
          6808.489887049606
        ],
        "3": [
          5914.889322760078,
          7714.889322760078
        ],
        "40": [
          6008.31318944173,
          9608.313189441731
        ],
        "4": [
          6100.860916734679,
          7900.860916734679
        ],
        "41": [
          6186.751734977112,
          9786.751734977111
        ],
        "5": [
          6373.686861460638,
          8173.686861460638
        ],
        "42": [
          6459.46021468002,
          10059.46021468002
        ],
        "6": [
          7559.706950953841,
          9359.706950953841
        ],
        "43": [
          7650.589524097577,
          11250.589524097577
        ],
        "7": [
          8534.005221144318,
          10334.005221144318
        ],
        "44": [
          8625.764358726923,
          12225.764358726923
        ],
        "8": [
          10297.626194839284,
          12097.626194839284
        ],
        "45": [
          10390.985153969727,
          13990.985153969727
        ],
        "9": [
          10710.718469591253,
          12510.718469591253
        ],
        "46": [
          10799.591029774512,
          14399.591029774512
        ],
        "10": [
          11297.339078444726,
          13097.339078444726
        ],
        "47": [
          11387.482125616145,
          14987.482125616145
        ],
        "11": [
          11734.8837977655,
          13534.8837977655
        ],
        "48": [
          11823.885111579308,
          15423.885111579308
        ],
        "12": [
          11851.321106641277,
          13651.321106641277
        ],
        "49": [
          11944.904505586763,
          15544.904505586763
        ],
        "13": [
          14119.230379131552,
          15919.230379131552
        ],
        "50": [
          14210.6344583582,
          17810.6344583582
        ],
        "14": [
          14172.182035727863,
          15972.182035727863
        ],
        "51": [
          14263.13033036521,
          17863.13033036521
        ],
        "15": [
          14727.834241387936,
          16527.834241387936
        ],
        "52": [
          14823.240326532643,
          18423.240326532643
        ],
        "16": [
          15329.749718669687,
          17129.749718669686
        ],
        "53": [
          15414.45529534617,
          19014.455295346168
        ],
        "17": [
          15446.38121720235,
          17246.38121720235
        ],
        "54": [
          15535.248385896479,
          19135.248385896477
        ],
        "18": [
          15451.822917019075,
          17251.822917019075
        ],
        "55": [
          15539.45602149277,
          19139.45602149277
        ],
        "19": [
          15888.770755136702,
          17688.770755136702
        ],
        "56": [
          15976.026532852226,
          19576.026532852226
        ],
        "20": [
          16754.962698584954,
          18554.962698584954
        ],
        "57": [
          16838.632892342055,
          20438.632892342055
        ],
        "21": [
          16926.49746506874,
          18726.49746506874
        ],
        "58": [
          17014.930266091345,
          20614.930266091345
        ],
        "22": [
          17432.033708029943,
          19232.033708029943
        ],
        "59": [
          17524.053283333036,
          21124.053283333036
        ],
        "23": [
          17607.559056241946,
          19407.559056241946
        ],
        "60": [
          17697.626246922864,
          21297.626246922864
        ],
        "24": [
          17949.93354281665,
          19749.93354281665
        ],
        "61": [
          18037.792147101045,
          21637.792147101045
        ],
        "25": [
          18560.341661211634,
          20360.341661211634
        ],
        "62": [
          18648.24667629001,
          22248.24667629001
        ],
        "26": [
          19490.309011253543,
          21290.309011253543
        ],
        "63": [
          19580.427678407035,
          23180.427678407035
        ],
        "27": [
          20157.80569053234,
          21957.80569053234
        ],
        "64": [
          20246.640747028076,
          23846.640747028076
        ],
        "28": [
          20243.065523768215,
          22043.065523768215
        ],
        "65": [
          20334.05822413594,
          23934.05822413594
        ],
        "29": [
          20437.30055272267,
          22237.30055272267
        ],
        "66": [
          20523.815504274746,
          24123.815504274746
        ],
        "30": [
          21322.46645128756,
          23122.46645128756
        ],