{
  "layout": {
    "width": 150.0,
    "height": 120.0,
    "depot_position": "center",
    "depot_custom_xy": null,
    "num_tasks": 38,
    "zone_strategy": "left_right",
    "pickup_x_range": [
      0.15,
      0.45
    ],
    "pickup_y_range": [
      0.15,
      0.85
    ],
    "delivery_x_range": [
      0.55,
      0.85
    ],
    "delivery_y_range": [
      0.15,
      0.85
    ],
    "grid_noise_ratio": 0.05,
    "uniform_margin": 0.1,
    "demand_range": [
      10.0,
      40.0
    ],
    "demand_fixed": null,
    "service_time": 60.0,
    "time_window_mode": "none",
    "time_window_type": "soft",
    "tw_pickup_width": 120.0,
    "tw_delivery_gap": 30.0,
    "tw_stagger_interval": 45.0,
    "tw_horizon": 10000.0,
    "num_charging_stations": 3,
    "charging_placement": "perimeter",
    "charging_custom_coords": null,
    "seed": 2006
  },
  "episode_length_s": 28800.0,
  "scenarios": [
    {
      "scenario_id": 0,
      "probability": 1.0,
      "task_availability": {
        "1": 1,
        "2": 1,
        "3": 1,
        "4": 1,
        "5": 1,
        "6": 1,
        "7": 1,
        "8": 1,
        "9": 1,
        "10": 1,
        "11": 1,
        "12": 1,
        "13": 1,
        "14": 1,
        "15": 1,
        "16": 1,
        "17": 1,
        "18": 1,
        "19": 1,
        "20": 1,
        "21": 1,
        "22": 1,
        "23": 1,
        "24": 1,
        "25": 1,
        "26": 1,
        "27": 1,
        "28": 1,
        "29": 1,
        "30": 1,
        "31": 1,
        "32": 1,
        "33": 1,
        "34": 1,
        "35": 1,
        "36": 1,
        "37": 1,
        "38": 1
      },
      "task_release_times": {
        "1": 1000.5793697623905,
        "2": 4094.781076991136,
        "3": 8200.088748156444,
        "4": 8889.833454159207,
        "5": 9655.642721139622,
        "6": 9683.93686702382,
        "7": 10446.467212814636,
        "8": 10496.27428281509,
        "9": 10847.646693299972,
        "10": 11000.631477907535,
        "11": 11298.058448971145,
        "12": 11450.921463623908,
        "13": 11470.410911896564,
        "14": 11950.87665304239,
        "15": 12825.20347086235,
        "16": 13967.700561387821,
        "17": 14033.945296650416,
        "18": 14051.009183557704,
        "19": 14120.68589289717,
        "20": 14215.80452718184,
        "21": 14623.130300280893,
        "22": 14793.665914257115,
        "23": 14947.038307407576,
        "24": 14999.439544372439,
        "25": 15487.84635241483,
        "26": 15779.936802237546,
        "27": 16403.006638119437,
        "28": 16733.382696369055,
        "29": 17249.589986430994,
        "30": 17816.695531470134,
        "31": 18282.195966696265,
        "32": 18650.322075006676,
        "33": 18917.742971471213,
        "34": 19062.514334273987,
        "35": 19069.693553492853,
        "36": 21146.91657036636,
        "37": 24123.58960377628,
        "38": 26008.38218346723
      },
      "node_time_windows": {
        "1": [
          1000.5793697623905,
          2800.5793697623903
        ],
        "39": [
          1092.1083491453242,
          4692.108349145325
        ],
        "2": [
          4094.781076991136,
          5894.781076991136
        ],
        "40": [
          4180.832140972559,
          7780.832140972559
        ],
        "3": [
          8200.088748156444,
          10000.088748156444
        ],
        "41": [
          8291.03156972505,
          11891.03156972505
        ],
        "4": [
          8889.833454159207,
          10689.833454159207
        ],
        "42": [
          8984.038620584988,
          12584.038620584988
        ],
        "5": [
          9655.642721139622,
          11455.642721139622
        ],
        "43": [
          9744.495933967559,
          13344.495933967559
        ],
        "6": [
          9683.93686702382,
          11483.93686702382
        ],
        "44": [
          9769.358989982102,
          13369.358989982102
        ],
        "7": [
          10446.467212814636,
          12246.467212814636
        ],
        "45": [
          10532.733535216654,
          14132.733535216654
        ],
        "8": [
          10496.27428281509,
          12296.27428281509
        ],
        "46": [
          10590.701494157098,
          14190.701494157098
        ],
        "9": [
          10847.646693299972,
          12647.646693299972
        ],
        "47": [
          10942.516322553773,
          14542.516322553773
        ],
        "10": [
          11000.631477907535,
          12800.631477907535
        ],
        "48": [
          11089.337450052744,
          14689.337450052744
        ],
        "11": [
          11298.058448971145,
          13098.058448971145
        ],
        "49": [
          11392.565394369873,
          14992.565394369873
        ],
        "12": [
          11450.921463623908,
          13250.921463623908
        ],
        "50": [
          11540.412208725576,
          15140.412208725576
        ],
        "13": [
          11470.410911896564,
          13270.410911896564
        ],
        "51": [
          11557.219414880157,
          15157.219414880157
        ],
        "14": [
          11950.87665304239,
          13750.87665304239
        ],
        "52": [
          12043.480589395662,
          15643.480589395662
        ],
        "15": [
          12825.20347086235,
          14625.20347086235
        ],
        "53": [
          12915.34333643262,
          16515.34333643262
        ],
        "16": [
          13967.700561387821,
          15767.700561387821
        ],
        "54": [
          14060.787572266821,
          17660.78757226682
        ],
        "17": [
          14033.945296650416,
          15833.945296650416
        ],
        "55": [
          14122.430884916183,
          17722.430884916183
        ],
        "18": [
          14051.009183557704,
          15851.009183557704
        ],
        "56": [
          14136.615217916931,
          17736.61521791693
        ],
        "19": [
          14120.68589289717,
          15920.68589289717
        ],
        "57": [
          14212.130110399057,
          17812.130110399055
        ],
        "20": [
          14215.80452718184,
          16015.80452718184
        ],
        "58": [
          14303.868941751303,
          17903.8689417513
        ],
        "21": [
          14623.130300280893,
          16423.130300280893
        ],
        "59": [
          14717.43070529314,
          18317.43070529314
        ],
        "22": [
          14793.665914257115,
          16593.665914257115
        ],
        "60": [
          14880.79871395927,
          18480.79871395927
        ],
        "23": [
          14947.038307407576,
          16747.038307407576
        ],
        "61": [
          15031.732083669991,
          18631.73208366999
        ],
        "24": [
          14999.439544372439,
          16799.43954437244
        ],
        "62": [
          15088.944661215526,
          18688.944661215526
        ],
        "25": [
          15487.84635241483,
          17287.846352414832
        ],
        "63": [
          15577.96212741165,
          19177.96212741165
        ],
        "26": [
          15779.936802237546,
          17579.936802237546
        ],
        "64": [
          15866.804334709492,
          19466.804334709494
        ],
        "27": [
          16403.006638119437,
          18203.006638119437
        ],
        "65": [
          16494.148385959892,
          20094.148385959892
        ],
        "28": [
          16733.382696369055,
          18533.382696369055
        ],
        "66": [
          16825.741377035272,
          20425.741377035272
        ],
        "29": [
          17249.589986430994,
          19049.589986430994
        ],
        "67": [
          17341.451098783622,
          20941.451098783622
        ],