{
  "layout": {
    "width": 150.0,
    "height": 120.0,
    "depot_position": "center",
    "depot_custom_xy": null,
    "num_tasks": 32,
    "zone_strategy": "left_right",
    "pickup_x_range": [
      0.15,
      0.45
    ],
    "pickup_y_range": [
      0.15,
      0.85
    ],
    "delivery_x_range": [
      0.55,
      0.85
    ],
    "delivery_y_range": [
      0.15,
      0.85
    ],
    "grid_noise_ratio": 0.05,
    "uniform_margin": 0.1,
    "demand_range": [
      10.0,
      40.0
    ],
    "demand_fixed": null,
    "service_time": 60.0,
    "time_window_mode": "none",
    "time_window_type": "soft",
    "tw_pickup_width": 120.0,
    "tw_delivery_gap": 30.0,
    "tw_stagger_interval": 45.0,
    "tw_horizon": 10000.0,
    "num_charging_stations": 3,
    "charging_placement": "perimeter",
    "charging_custom_coords": null,
    "seed": 2010
  },
  "episode_length_s": 28800.0,
  "scenarios": [
    {
      "scenario_id": 0,
      "probability": 1.0,
      "task_availability": {
        "1": 1,
        "2": 1,
        "3": 1,
        "4": 1,
        "5": 1,
        "6": 1,
        "7": 1,
        "8": 1,
        "9": 1,
        "10": 1,
        "11": 1,
        "12": 1,
        "13": 1,
        "14": 1,
        "15": 1,
        "16": 1,
        "17": 1,
        "18": 1,
        "19": 1,
        "20": 1,
        "21": 1,
        "22": 1,
        "23": 1,
        "24": 1,
        "25": 1,
        "26": 1,
        "27": 1,
        "28": 1,
        "29": 1,
        "30": 1,
        "31": 1,
        "32": 1
      },
      "task_release_times": {
        "1": 3861.007856926165,
        "2": 4024.0700549548965,
        "3": 8080.899128429162,
        "4": 9751.40573097955,
        "5": 9889.736066550224,
        "6": 10448.49300122157,
        "7": 10458.780998465902,
        "8": 10835.937450725432,
        "9": 10928.722180159966,
        "10": 11591.177679157963,
        "11": 11629.637917223583,
        "12": 11921.832314624673,
        "13": 12613.550331540235,
        "14": 12647.415431530662,
        "15": 12869.855678665801,
        "16": 13101.830829003562,
        "17": 15163.593072347248,
        "18": 15598.14064547513,
        "19": 17143.440648728556,
        "20": 17466.771150404387,
        "21": 17651.84736047224,
        "22": 18240.46483231103,
        "23": 18753.892131136225,
        "24": 18869.33008583207,
        "25": 19057.9467131552,
        "26": 20854.171813626323,
        "27": 22174.498620276947,
        "28": 24774.74136625846,
        "29": 25095.411050622817,
        "30": 28251.927427836556,
        "31": 28325.787880854914,
        "32": 28372.582924736776
      },
      "node_time_windows": {
        "1": [
          3861.007856926165,
          5661.007856926165
        ],
        "33": [
          3950.080543411372,
          7550.080543411372
        ],
        "2": [
          4024.0700549548965,
          5824.0700549548965
        ],
        "34": [
          4119.4741201039615,
          7719.4741201039615
        ],
        "3": [
          8080.899128429162,
          9880.899128429162
        ],
        "35": [
          8170.827811196055,
          11770.827811196055
        ],
        "4": [
          9751.40573097955,
          11551.40573097955
        ],
        "36": [
          9847.030515242817,
          13447.030515242817
        ],
        "5": [
          9889.736066550224,
          11689.736066550224
        ],
        "37": [
          9980.12109615547,
          13580.12109615547
        ],
        "6": [
          10448.49300122157,
          12248.49300122157
        ],
        "38": [
          10537.420355494216,
          14137.420355494216
        ],
        "7": [
          10458.780998465902,
          12258.780998465902
        ],
        "39": [
          10553.016364051253,
          14153.016364051253
        ],
        "8": [
          10835.937450725432,
          12635.937450725432
        ],
        "40": [
          10921.887519797032,
          14521.887519797032
        ],
        "9": [
          10928.722180159966,
          12728.722180159966
        ],
        "41": [
          11015.148972914973,
          14615.148972914973
        ],
        "10": [
          11591.177679157963,
          13391.177679157963
        ],
        "42": [
          11688.103304119928,
          15288.103304119928
        ],
        "11": [
          11629.637917223583,
          13429.637917223583
        ],
        "43": [
          11724.580333881917,
          15324.580333881917
        ],
        "12": [
          11921.832314624673,
          13721.832314624673
        ],
        "44": [
          12011.250519577537,
          15611.250519577537
        ],
        "13": [
          12613.550331540235,
          14413.550331540235
        ],
        "45": [
          12707.702406966371,
          16307.702406966371
        ],
        "14": [
          12647.415431530662,
          14447.415431530662
        ],
        "46": [
          12737.888399024441,
          16337.888399024441
        ],
        "15": [
          12869.855678665801,
          14669.855678665801
        ],
        "47": [
          12958.838403149839,
          16558.83840314984
        ],
        "16": [
          13101.830829003562,
          14901.830829003562
        ],
        "48": [
          13195.259409782,
          16795.259409782
        ],
        "17": [
          15163.593072347248,
          16963.59307234725
        ],
        "49": [
          15252.787895549627,
          18852.787895549627
        ],
        "18": [
          15598.14064547513,
          17398.14064547513
        ],
        "50": [
          15690.50113437715,
          19290.501134377148
        ],
        "19": [
          17143.440648728556,
          18943.440648728556
        ],
        "51": [
          17230.273057526294,
          20830.273057526294
        ],
        "20": [
          17466.771150404387,
          19266.771150404387
        ],
        "52": [
          17555.131486675236,
          21155.131486675236
        ],
        "21": [
          17651.84736047224,
          19451.84736047224
        ],
        "53": [
          17737.482923031494,
          21337.482923031494
        ],
        "22": [
          18240.46483231103,
          20040.46483231103
        ],
        "54": [
          18335.219580121044,
          21935.219580121044
        ],
        "23": [
          18753.892131136225,
          20553.892131136225
        ],
        "55": [
          18844.044443335646,
          22444.044443335646
        ],
        "24": [
          18869.33008583207,
          20669.33008583207
        ],
        "56": [
          18958.422106449198,
          22558.422106449198
        ],
        "25": [
          19057.9467131552,
          20857.9467131552
        ],
        "57": [
          19142.932686805034,
          22742.932686805034
        ],
        "26": [
          20854.171813626323,
          22654.171813626323
        ],
        "58": [
          20948.061344292357,
          24548.061344292357
        ],
        "27": [
          22174.498620276947,
          23974.498620276947
        ],
        "59": [
          22266.360434410646,
          25866.360434410646
        ],
        "28": [
          24774.74136625846,
          26574.74136625846
        ],
        "60": [
          24864.12360186697,
          28464.12360186697
        ],
        "29": [
          25095.411050622817,
          26895.411050622817
        ],
        "61": [
          25188.033848916508,
          28788.033848916508
        ],
        "30": [
          28251.927427836556,
          30051.927427836556
        ],
        "62": [
          28336.644617241163,
          31936.644617241163
        ],
        "31": [
          28325.787880854914,
          30125.787880854914
        ],
        "63": [
          28421.25894430146,
          32021.25894430146
        ],