{
  "layout": {
    "width": 150.0,
    "height": 120.0,
    "depot_position": "center",
    "depot_custom_xy": null,
    "num_tasks": 31,
    "zone_strategy": "left_right",
    "pickup_x_range": [
      0.15,
      0.45
    ],
    "pickup_y_range": [
      0.15,
      0.85
    ],
    "delivery_x_range": [
      0.55,
      0.85
    ],
    "delivery_y_range": [
      0.15,
      0.85
    ],
    "grid_noise_ratio": 0.05,
    "uniform_margin": 0.1,
    "demand_range": [
      10.0,
      40.0
    ],
    "demand_fixed": null,
    "service_time": 60.0,
    "time_window_mode": "none",
    "time_window_type": "soft",
    "tw_pickup_width": 120.0,
    "tw_delivery_gap": 30.0,
    "tw_stagger_interval": 45.0,
    "tw_horizon": 10000.0,
    "num_charging_stations": 3,
    "charging_placement": "perimeter",
    "charging_custom_coords": null,
    "seed": 2003
  },
  "episode_length_s": 28800.0,
  "scenarios": [
    {
      "scenario_id": 0,
      "probability": 1.0,
      "task_availability": {
        "1": 1,
        "2": 1,
        "3": 1,
        "4": 1,
        "5": 1,
        "6": 1,
        "7": 1,
        "8": 1,
        "9": 1,
        "10": 1,
        "11": 1,
        "12": 1,
        "13": 1,
        "14": 1,
        "15": 1,
        "16": 1,
        "17": 1,
        "18": 1,
        "19": 1,
        "20": 1,
        "21": 1,
        "22": 1,
        "23": 1,
        "24": 1,
        "25": 1,
        "26": 1,
        "27": 1,
        "28": 1,
        "29": 1,
        "30": 1,
        "31": 1
      },
      "task_release_times": {
        "1": 236.79848982021986,
        "2": 373.41305504163563,
        "3": 845.2098390537618,
        "4": 986.8197383594893,
        "5": 1160.280547130148,
        "6": 2703.4861541594546,
        "7": 2887.026732754364,
        "8": 3407.0355629315495,
        "9": 3902.1336647553135,
        "10": 3919.1046872805455,
        "11": 4325.210144268075,
        "12": 4569.5681803130865,
        "13": 4783.693946001863,
        "14": 6044.920495504025,
        "15": 6075.12357431857,
        "16": 6319.978336473985,
        "17": 7219.813303962643,
        "18": 7697.1466210776825,
        "19": 7702.933854194406,
        "20": 8379.216573208612,
        "21": 8550.367210927261,
        "22": 8735.472972992213,
        "23": 9742.57589712694,
        "24": 10455.670691891666,
        "25": 10761.577091016661,
        "26": 14387.501300001797,
        "27": 14882.851639035507,
        "28": 15693.150904462676,
        "29": 15882.710356753858,
        "30": 17043.000882208762,
        "31": 20680.810036691735
      },
      "node_time_windows": {
        "1": [
          236.79848982021986,
          2036.7984898202199
        ],
        "32": [
          267.38789996465016,
          3867.3878999646504
        ],
        "2": [
          373.41305504163563,
          2173.4130550416357
        ],
        "33": [
          402.5761651962795,
          4002.5761651962794
        ],
        "3": [
          845.2098390537618,
          2645.2098390537617
        ],
        "34": [
          876.7049789479865,
          4476.704978947986
        ],
        "4": [
          986.8197383594893,
          2786.8197383594893
        ],
        "35": [
          1016.4301091614112,
          4616.430109161412
        ],
        "5": [
          1160.280547130148,
          2960.280547130148
        ],
        "36": [
          1192.516377886832,
          4792.516377886832
        ],
        "6": [
          2703.4861541594546,
          4503.486154159455
        ],
        "37": [
          2737.124856496472,
          6337.124856496472
        ],
        "7": [
          2887.026732754364,
          4687.026732754364
        ],
        "38": [
          2918.60720483427,
          6518.60720483427
        ],
        "8": [
          3407.0355629315495,
          5207.035562931549
        ],
        "39": [
          3441.3898711805514,
          7041.389871180551
        ],
        "9": [
          3902.1336647553135,
          5702.1336647553135
        ],
        "40": [
          3931.658103253088,
          7531.6581032530885
        ],
        "10": [
          3919.1046872805455,
          5719.1046872805455
        ],
        "41": [
          3951.5987502212506,
          7551.59875022125
        ],
        "11": [
          4325.210144268075,
          6125.210144268075
        ],
        "42": [
          4354.963737975041,
          7954.963737975041
        ],
        "12": [
          4569.5681803130865,
          6369.5681803130865
        ],
        "43": [
          4596.774521115622,
          8196.774521115622
        ],
        "13": [
          4783.693946001863,
          6583.693946001863
        ],
        "44": [
          4812.723427540667,
          8412.723427540666
        ],
        "14": [
          6044.920495504025,
          7844.920495504025
        ],
        "45": [
          6077.501884160501,
          9677.501884160502
        ],
        "15": [
          6075.12357431857,
          7875.12357431857
        ],
        "46": [
          6108.922368039648,
          9708.922368039648
        ],
        "16": [
          6319.978336473985,
          8119.978336473985
        ],
        "47": [
          6352.6627974505345,
          9952.662797450535
        ],
        "17": [
          7219.813303962643,
          9019.813303962643
        ],
        "48": [
          7250.863381893185,
          10850.863381893185
        ],
        "18": [
          7697.1466210776825,
          9497.146621077682
        ],
        "49": [
          7727.968419214422,
          11327.968419214423
        ],
        "19": [
          7702.933854194406,
          9502.933854194405
        ],
        "50": [
          7735.264835256067,
          11335.264835256068
        ],
        "20": [
          8379.216573208612,
          10179.216573208612
        ],
        "51": [
          8410.84685051716,
          12010.84685051716
        ],
        "21": [
          8550.367210927261,
          10350.367210927261
        ],
        "52": [
          8583.806795547185,
          12183.806795547185
        ],
        "22": [
          8735.472972992213,
          10535.472972992213
        ],
        "53": [
          8772.134096062257,
          12372.134096062257
        ],
        "23": [
          9742.57589712694,
          11542.57589712694
        ],
        "54": [
          9772.676497253551,
          13372.676497253551
        ],
        "24": [
          10455.670691891666,
          12255.670691891666
        ],
        "55": [
          10487.161812713088,
          14087.161812713088
        ],
        "25": [
          10761.577091016661,
          12561.577091016661
        ],
        "56": [
          10786.623618083733,
          14386.623618083733
        ],
        "26": [
          14387.501300001797,
          16187.501300001797
        ],
        "57": [
          14423.206668246628,
          18023.20666824663
        ],
        "27": [
          14882.851639035507,
          16682.851639035507
        ],
        "58": [
          14911.219236827927,
          18511.21923682793
        ],
        "28": [
          15693.150904462676,
          17493.150904462676
        ],
        "59": [
          15726.68050155908,
          19326.68050155908
        ],
        "29": [
          15882.710356753858,
          17682.710356753858
        ],
        "60": [
          15910.258468673292,
          19510.25846867329
        ],
        "30": [
          17043.000882208762,
          18843.000882208762
        ],
        "61": [
          17072.20870092113,
          20672.20870092113
        ],
        "31": [
          20680.810036691735,
          22480.810036691735
        ],
        "62": [
          20709.284196435514,
          24309.284196435514
        ]
      },
      "node_service_times": {
        "1": 60.0,
        "32": 60.0,
        "2": 60.0,
        "33": 60.0,