{
  "layout": {
    "width": 150.0,
    "height": 120.0,
    "depot_position": "center",
    "depot_custom_xy": null,
    "num_tasks": 38,
    "zone_strategy": "left_right",
    "pickup_x_range": [
      0.15,
      0.45
    ],
    "pickup_y_range": [
      0.15,
      0.85
    ],
    "delivery_x_range": [
      0.55,
      0.85
    ],
    "delivery_y_range": [
      0.15,
      0.85
    ],
    "grid_noise_ratio": 0.05,
    "uniform_margin": 0.1,
    "demand_range": [
      10.0,
      40.0
    ],
    "demand_fixed": null,
    "service_time": 60.0,
    "time_window_mode": "none",
    "time_window_type": "soft",
    "tw_pickup_width": 120.0,
    "tw_delivery_gap": 30.0,
    "tw_stagger_interval": 45.0,
    "tw_horizon": 10000.0,
    "num_charging_stations": 3,
    "charging_placement": "perimeter",
    "charging_custom_coords": null,
    "seed": 2004
  },
  "episode_length_s": 28800.0,
  "scenarios": [
    {
      "scenario_id": 0,
      "probability": 1.0,
      "task_availability": {
        "1": 1,
        "2": 1,
        "3": 1,
        "4": 1,
        "5": 1,
        "6": 1,
        "7": 1,
        "8": 1,
        "9": 1,
        "10": 1,
        "11": 1,
        "12": 1,
        "13": 1,
        "14": 1,
        "15": 1,
        "16": 1,
        "17": 1,
        "18": 1,
        "19": 1,
        "20": 1,
        "21": 1,
        "22": 1,
        "23": 1,
        "24": 1,
        "25": 1,
        "26": 1,
        "27": 1,
        "28": 1,
        "29": 1,
        "30": 1,
        "31": 1,
        "32": 1,
        "33": 1,
        "34": 1,
        "35": 1,
        "36": 1,
        "37": 1,
        "38": 1
      },
      "task_release_times": {
        "1": 744.0189732951794,
        "2": 2293.3250578888833,
        "3": 2748.824319956016,
        "4": 3558.6827365423846,
        "5": 3696.048587024176,
        "6": 3757.6467454326753,
        "7": 4095.13013864835,
        "8": 4133.882790343867,
        "9": 4414.0093855192035,
        "10": 4456.115384305084,
        "11": 4590.825338959065,
        "12": 4770.145518274399,
        "13": 4896.639565489912,
        "14": 5037.940650460295,
        "15": 5038.655390209306,
        "16": 5042.94273036958,
        "17": 5329.41010624215,
        "18": 5472.776284332989,
        "19": 6290.627289703993,
        "20": 7285.188944393307,
        "21": 7342.144465509307,
        "22": 7462.915211476287,
        "23": 7753.170250341908,
        "24": 8319.859037039187,
        "25": 8357.131325473392,
        "26": 8420.08558075658,
        "27": 8651.212415019923,
        "28": 8952.250275252667,
        "29": 9079.993443481222,
        "30": 10809.097974122891,
        "31": 11539.507579391708,
        "32": 15537.538483162978,
        "33": 17153.507227211496,
        "34": 17287.77740946399,
        "35": 18725.989606449944,
        "36": 22462.414391398503,
        "37": 25329.928756957524,
        "38": 27079.237504733195
      },
      "node_time_windows": {
        "1": [
          744.0189732951794,
          2544.0189732951794
        ],
        "39": [
          771.1018432766771,
          4371.101843276677
        ],
        "2": [
          2293.3250578888833,
          4093.3250578888833
        ],
        "40": [
          2328.3974218469643,
          5928.397421846965
        ],
        "3": [
          2748.824319956016,
          4548.824319956017
        ],
        "41": [
          2777.168460290897,
          6377.168460290897
        ],
        "4": [
          3558.6827365423846,
          5358.682736542385
        ],
        "42": [
          3587.3007715324147,
          7187.300771532415
        ],
        "5": [
          3696.048587024176,
          5496.0485870241755
        ],
        "43": [
          3730.731285930528,
          7330.7312859305275
        ],
        "6": [
          3757.6467454326753,
          5557.646745432676
        ],
        "44": [
          3786.308789510027,
          7386.308789510027
        ],
        "7": [
          4095.13013864835,
          5895.13013864835
        ],
        "45": [
          4121.731381246507,
          7721.731381246507
        ],
        "8": [
          4133.882790343867,
          5933.882790343867
        ],
        "46": [
          4165.1498827803125,
          7765.1498827803125
        ],
        "9": [
          4414.0093855192035,
          6214.0093855192035
        ],
        "47": [
          4449.958100220294,
          8049.958100220294
        ],
        "10": [
          4456.115384305084,
          6256.115384305084
        ],
        "48": [
          4482.6374256373865,
          8082.6374256373865
        ],
        "11": [
          4590.825338959065,
          6390.825338959065
        ],
        "49": [
          4621.057105854465,
          8221.057105854465
        ],
        "12": [
          4770.145518274399,
          6570.145518274399
        ],
        "50": [
          4802.179872761619,
          8402.179872761619
        ],
        "13": [
          4896.639565489912,
          6696.639565489912
        ],
        "51": [
          4924.254627999929,
          8524.25462799993
        ],
        "14": [
          5037.940650460295,
          6837.940650460295
        ],
        "52": [
          5071.096680899537,
          8671.096680899536
        ],
        "15": [
          5038.655390209306,
          6838.655390209306
        ],
        "53": [
          5072.321069040131,
          8672.321069040132
        ],
        "16": [
          5042.94273036958,
          6842.94273036958
        ],
        "54": [
          5067.97469274698,
          8667.974692746979
        ],
        "17": [
          5329.41010624215,
          7129.41010624215
        ],
        "55": [
          5355.502232190311,
          8955.50223219031
        ],
        "18": [
          5472.776284332989,
          7272.776284332989
        ],
        "56": [
          5503.799468429448,
          9103.799468429448
        ],
        "19": [
          6290.627289703993,
          8090.627289703993
        ],
        "57": [
          6322.611531975195,
          9922.611531975195
        ],
        "20": [
          7285.188944393307,
          9085.188944393307
        ],
        "58": [
          7313.550667963013,
          10913.550667963013
        ],
        "21": [
          7342.144465509307,
          9142.144465509307
        ],
        "59": [
          7372.1830476445975,
          10972.183047644598
        ],
        "22": [
          7462.915211476287,
          9262.915211476287
        ],
        "60": [
          7492.405722835264,
          11092.405722835265
        ],
        "23": [
          7753.170250341908,
          9553.170250341907
        ],
        "61": [
          7782.0319280401345,
          11382.031928040135
        ],
        "24": [
          8319.859037039187,
          10119.859037039187
        ],
        "62": [
          8351.266693366126,
          11951.266693366126
        ],
        "25": [
          8357.131325473392,
          10157.131325473392
        ],
        "63": [
          8385.032531520023,
          11985.032531520023
        ],
        "26": [
          8420.08558075658,
          10220.08558075658
        ],
        "64": [
          8449.29934012252,
          12049.29934012252
        ],
        "27": [
          8651.212415019923,
          10451.212415019923
        ],
        "65": [
          8678.125298637697,
          12278.125298637697
        ],
        "28": [
          8952.250275252667,
          10752.250275252667
        ],
        "66": [
          8984.812820398674,
          12584.812820398674
        ],
        "29": [
          9079.993443481222,
          10879.993443481222
        ],
        "67": [
          9112.52136652255,
          12712.52136652255
        ],
        "30": [
          10809.097974122891,
          12609.097974122891
        ],