{
  "layout": {
    "width": 150.0,
    "height": 120.0,
    "depot_position": "center",
    "depot_custom_xy": null,
    "num_tasks": 34,
    "zone_strategy": "left_right",
    "pickup_x_range": [
      0.15,
      0.45
    ],
    "pickup_y_range": [
      0.15,
      0.85
    ],
    "delivery_x_range": [
      0.55,
      0.85
    ],
    "delivery_y_range": [
      0.15,
      0.85
    ],
    "grid_noise_ratio": 0.05,
    "uniform_margin": 0.1,
    "demand_range": [
      10.0,
      40.0
    ],
    "demand_fixed": null,
    "service_time": 60.0,
    "time_window_mode": "none",
    "time_window_type": "soft",
    "tw_pickup_width": 120.0,
    "tw_delivery_gap": 30.0,
    "tw_stagger_interval": 45.0,
    "tw_horizon": 10000.0,
    "num_charging_stations": 3,
    "charging_placement": "perimeter",
    "charging_custom_coords": null,
    "seed": 2009
  },
  "episode_length_s": 28800.0,
  "scenarios": [
    {
      "scenario_id": 0,
      "probability": 1.0,
      "task_availability": {
        "1": 1,
        "2": 1,
        "3": 1,
        "4": 1,
        "5": 1,
        "6": 1,
        "7": 1,
        "8": 1,
        "9": 1,
        "10": 1,
        "11": 1,
        "12": 1,
        "13": 1,
        "14": 1,
        "15": 1,
        "16": 1,
        "17": 1,
        "18": 1,
        "19": 1,
        "20": 1,
        "21": 1,
        "22": 1,
        "23": 1,
        "24": 1,
        "25": 1,
        "26": 1,
        "27": 1,
        "28": 1,
        "29": 1,
        "30": 1,
        "31": 1,
        "32": 1,
        "33": 1,
        "34": 1
      },
      "task_release_times": {
        "1": 162.01584550804034,
        "2": 3867.799020835983,
        "3": 5167.9140619189275,
        "4": 5296.415715957696,
        "5": 6650.281064753764,
        "6": 11650.326728090424,
        "7": 12410.173285886665,
        "8": 12529.661342794918,
        "9": 12600.527691800613,
        "10": 12945.568606553188,
        "11": 13679.03711078368,
        "12": 14120.237304669281,
        "13": 14301.538656192126,
        "14": 14540.414746377122,
        "15": 15123.69635475077,
        "16": 16367.209559984407,
        "17": 16581.84771018464,
        "18": 16686.467409338067,
        "19": 17041.748632905546,
        "20": 17468.51620558028,
        "21": 18008.18637161429,
        "22": 18057.47154242229,
        "23": 18237.857850536173,
        "24": 18456.447017321978,
        "25": 19221.515583694116,
        "26": 19811.540752591725,
        "27": 23427.323392293707,
        "28": 24161.67764521631,
        "29": 24205.841761065964,
        "30": 24937.83006139899,
        "31": 25278.89207223329,
        "32": 26049.725910931375,
        "33": 26144.92456434777,
        "34": 27478.995335413754
      },
      "node_time_windows": {
        "1": [
          162.01584550804034,
          1962.0158455080405
        ],
        "35": [
          250.57737152780373,
          3850.5773715278037
        ],
        "2": [
          3867.799020835983,
          5667.799020835982
        ],
        "36": [
          3954.403491560608,
          7554.403491560608
        ],
        "3": [
          5167.9140619189275,
          6967.9140619189275
        ],
        "37": [
          5259.393665963384,
          8859.393665963384
        ],
        "4": [
          5296.415715957696,
          7096.415715957696
        ],
        "38": [
          5388.68349616563,
          8988.68349616563
        ],
        "5": [
          6650.281064753764,
          8450.281064753764
        ],
        "39": [
          6737.502827693275,
          10337.502827693275
        ],
        "6": [
          11650.326728090424,
          13450.326728090424
        ],
        "40": [
          11742.766869829069,
          15342.766869829069
        ],
        "7": [
          12410.173285886665,
          14210.173285886665
        ],
        "41": [
          12500.31492815891,
          16100.31492815891
        ],
        "8": [
          12529.661342794918,
          14329.661342794918
        ],
        "42": [
          12617.763950273757,
          16217.763950273757
        ],
        "9": [
          12600.527691800613,
          14400.527691800613
        ],
        "43": [
          12690.983235773136,
          16290.983235773136
        ],
        "10": [
          12945.568606553188,
          14745.568606553188
        ],
        "44": [
          13032.170835195158,
          16632.17083519516
        ],
        "11": [
          13679.03711078368,
          15479.03711078368
        ],
        "45": [
          13766.306486201693,
          17366.30648620169
        ],
        "12": [
          14120.237304669281,
          15920.237304669281
        ],
        "46": [
          14206.848149840967,
          17806.848149840967
        ],
        "13": [
          14301.538656192126,
          16101.538656192126
        ],
        "47": [
          14390.855686967303,
          17990.855686967305
        ],
        "14": [
          14540.414746377122,
          16340.414746377122
        ],
        "48": [
          14627.544839584736,
          18227.544839584734
        ],
        "15": [
          15123.69635475077,
          16923.69635475077
        ],
        "49": [
          15212.809705531747,
          18812.80970553175
        ],
        "16": [
          16367.209559984407,
          18167.209559984407
        ],
        "50": [
          16463.713954946048,
          20063.713954946048
        ],
        "17": [
          16581.84771018464,
          18381.84771018464
        ],
        "51": [
          16668.617940901895,
          20268.617940901895
        ],
        "18": [
          16686.467409338067,
          18486.467409338067
        ],
        "52": [
          16775.377176703485,
          20375.377176703485
        ],
        "19": [
          17041.748632905546,
          18841.748632905546
        ],
        "53": [
          17133.058363925,
          20733.058363925
        ],
        "20": [
          17468.51620558028,
          19268.51620558028
        ],
        "54": [
          17558.03102760699,
          21158.03102760699
        ],
        "21": [
          18008.18637161429,
          19808.18637161429
        ],
        "55": [
          18096.24652593578,
          21696.24652593578
        ],
        "22": [
          18057.47154242229,
          19857.47154242229
        ],
        "56": [
          18145.550873976754,
          21745.550873976754
        ],
        "23": [
          18237.857850536173,
          20037.857850536173
        ],
        "57": [
          18324.58688908166,
          21924.58688908166
        ],
        "24": [
          18456.447017321978,
          20256.447017321978
        ],
        "58": [
          18546.472296822663,
          22146.472296822663
        ],
        "25": [
          19221.515583694116,
          21021.515583694116
        ],
        "59": [
          19314.731710863456,
          22914.731710863456
        ],
        "26": [
          19811.540752591725,
          21611.540752591725
        ],
        "60": [
          19904.646769240968,
          23504.646769240968
        ],
        "27": [
          23427.323392293707,
          25227.323392293707
        ],
        "61": [
          23520.991839238326,
          27120.991839238326
        ],
        "28": [
          24161.67764521631,
          25961.67764521631
        ],
        "62": [
          24246.45640581117,
          27846.45640581117
        ],
        "29": [
          24205.841761065964,
          26005.841761065964
        ],
        "63": [
          24297.20729318888,
          27897.20729318888
        ],
        "30": [
          24937.83006139899,
          26737.83006139899
        ],
        "64": [
          25021.047467490225,
          28621.047467490225
        ],
        "31": [
          25278.89207223329,
          27078.89207223329
        ],