{
  "layout": {
    "width": 150.0,
    "height": 120.0,
    "depot_position": "center",
    "depot_custom_xy": null,
    "num_tasks": 39,
    "zone_strategy": "left_right",
    "pickup_x_range": [
      0.15,
      0.45
    ],
    "pickup_y_range": [
      0.15,
      0.85
    ],
    "delivery_x_range": [
      0.55,
      0.85
    ],
    "delivery_y_range": [
      0.15,
      0.85
    ],
    "grid_noise_ratio": 0.05,
    "uniform_margin": 0.1,
    "demand_range": [
      10.0,
      40.0
    ],
    "demand_fixed": null,
    "service_time": 60.0,
    "time_window_mode": "none",
    "time_window_type": "soft",
    "tw_pickup_width": 120.0,
    "tw_delivery_gap": 30.0,
    "tw_stagger_interval": 45.0,
    "tw_horizon": 10000.0,
    "num_charging_stations": 3,
    "charging_placement": "perimeter",
    "charging_custom_coords": null,
    "seed": 2001
  },
  "episode_length_s": 28800.0,
  "scenarios": [
    {
      "scenario_id": 0,
      "probability": 1.0,
      "task_availability": {
        "1": 1,
        "2": 1,
        "3": 1,
        "4": 1,
        "5": 1,
        "6": 1,
        "7": 1,
        "8": 1,
        "9": 1,
        "10": 1,
        "11": 1,
        "12": 1,
        "13": 1,
        "14": 1,
        "15": 1,
        "16": 1,
        "17": 1,
        "18": 1,
        "19": 1,
        "20": 1,
        "21": 1,
        "22": 1,
        "23": 1,
        "24": 1,
        "25": 1,
        "26": 1,
        "27": 1,
        "28": 1,
        "29": 1,
        "30": 1,
        "31": 1,
        "32": 1,
        "33": 1,
        "34": 1,
        "35": 1,
        "36": 1,
        "37": 1,
        "38": 1,
        "39": 1
      },
      "task_release_times": {
        "1": 430.98519691109516,
        "2": 620.2849929709622,
        "3": 754.2943558122396,
        "4": 784.7822376688143,
        "5": 1559.1489835815842,
        "6": 1797.3079816608297,
        "7": 1905.697453491523,
        "8": 2604.9893102906117,
        "9": 3108.2166355638255,
        "10": 3195.434445131841,
        "11": 3390.490014287891,
        "12": 3442.0852379979738,
        "13": 3466.02073954586,
        "14": 3563.179898563105,
        "15": 3645.697560295854,
        "16": 4296.278506620312,
        "17": 4754.537347026349,
        "18": 5132.698368882164,
        "19": 5956.377688969135,
        "20": 6488.912381099815,
        "21": 6977.535554817323,
        "22": 7070.985570079295,
        "23": 7260.947588315482,
        "24": 7329.155717271564,
        "25": 7726.777332115719,
        "26": 7897.835816959788,
        "27": 8521.697013061063,
        "28": 8789.780255860742,
        "29": 9445.758010135763,
        "30": 10518.274369225115,
        "31": 11488.744967341225,
        "32": 11791.408179200034,
        "33": 17372.079562526953,
        "34": 17523.628964378382,
        "35": 18162.27368704691,
        "36": 26872.250493982618,
        "37": 28186.352614363022,
        "38": 28217.613914626036,
        "39": 28330.56176784214
      },
      "node_time_windows": {
        "1": [
          430.98519691109516,
          2230.985196911095
        ],
        "40": [
          457.30430795020703,
          4057.304307950207
        ],
        "2": [
          620.2849929709622,
          2420.2849929709623
        ],
        "41": [
          652.5151216762002,
          4252.515121676201
        ],
        "3": [
          754.2943558122396,
          2554.2943558122397
        ],
        "42": [
          777.3418888499464,
          4377.341888849946
        ],
        "4": [
          784.7822376688143,
          2584.7822376688146
        ],
        "43": [
          815.9363007762379,
          4415.936300776238
        ],
        "5": [
          1559.1489835815842,
          3359.148983581584
        ],
        "44": [
          1590.502490347242,
          5190.502490347242
        ],
        "6": [
          1797.3079816608297,
          3597.3079816608297
        ],
        "45": [
          1827.1372351908512,
          5427.137235190851
        ],
        "7": [
          1905.697453491523,
          3705.697453491523
        ],
        "46": [
          1936.7374860584682,
          5536.737486058468
        ],
        "8": [
          2604.9893102906117,
          4404.989310290612
        ],
        "47": [
          2629.0829607147934,
          6229.082960714793
        ],
        "9": [
          3108.2166355638255,
          4908.216635563826
        ],
        "48": [
          3135.334276401655,
          6735.334276401655
        ],
        "10": [
          3195.434445131841,
          4995.434445131841
        ],
        "49": [
          3223.5567484446233,
          6823.556748444624
        ],
        "11": [
          3390.490014287891,
          5190.4900142878905
        ],
        "50": [
          3419.009543897758,
          7019.009543897758
        ],
        "12": [
          3442.0852379979738,
          5242.085237997973
        ],
        "51": [
          3470.318372276963,
          7070.318372276963
        ],
        "13": [
          3466.02073954586,
          5266.02073954586
        ],
        "52": [
          3497.7247829626876,
          7097.724782962688
        ],
        "14": [
          3563.179898563105,
          5363.179898563105
        ],
        "53": [
          3592.833565045326,
          7192.833565045326
        ],
        "15": [
          3645.697560295854,
          5445.697560295854
        ],
        "54": [
          3669.9860105945495,
          7269.98601059455
        ],
        "16": [
          4296.278506620312,
          6096.278506620312
        ],
        "55": [
          4327.128101112916,
          7927.128101112916
        ],
        "17": [
          4754.537347026349,
          6554.537347026349
        ],
        "56": [
          4789.087397443203,
          8389.087397443203
        ],
        "18": [
          5132.698368882164,
          6932.698368882164
        ],
        "57": [
          5162.6675983885625,
          8762.667598388562
        ],
        "19": [
          5956.377688969135,
          7756.377688969135
        ],
        "58": [
          5984.971131983739,
          9584.971131983739
        ],
        "20": [
          6488.912381099815,
          8288.912381099815
        ],
        "59": [
          6517.256278211073,
          10117.256278211073
        ],
        "21": [
          6977.535554817323,
          8777.535554817323
        ],
        "60": [
          7000.724805463207,
          10600.724805463207
        ],
        "22": [
          7070.985570079295,
          8870.985570079294
        ],
        "61": [
          7098.578415804082,
          10698.578415804082
        ],
        "23": [
          7260.947588315482,
          9060.947588315481
        ],
        "62": [
          7286.89268172171,
          10886.89268172171
        ],
        "24": [
          7329.155717271564,
          9129.155717271564
        ],
        "63": [
          7358.748190799104,
          10958.748190799104
        ],
        "25": [
          7726.777332115719,
          9526.777332115718
        ],
        "64": [
          7760.804528423528,
          11360.804528423527
        ],
        "26": [
          7897.835816959788,
          9697.835816959789
        ],
        "65": [
          7929.264232209928,
          11529.264232209927
        ],
        "27": [
          8521.697013061063,
          10321.697013061063
        ],
        "66": [
          8548.919279171121,
          12148.919279171121
        ],
        "28": [
          8789.780255860742,
          10589.780255860742
        ],
        "67": [
          8818.186285016149,
          12418.186285016149
        ],
        "29": [
          9445.758010135763,
          11245.758010135763
        ],
        "68": [
          9478.507075179688,
          13078.507075179688
        ],
        "30": [
          10518.274369225115,
          12318.274369225115
        ],