{
  "layout": {
    "width": 150.0,
    "height": 120.0,
    "depot_position": "center",
    "depot_custom_xy": null,
    "num_tasks": 30,
    "zone_strategy": "left_right",
    "pickup_x_range": [
      0.15,
      0.45
    ],
    "pickup_y_range": [
      0.15,
      0.85
    ],
    "delivery_x_range": [
      0.55,
      0.85
    ],
    "delivery_y_range": [
      0.15,
      0.85
    ],
    "grid_noise_ratio": 0.05,
    "uniform_margin": 0.1,
    "demand_range": [
      10.0,
      40.0
    ],
    "demand_fixed": null,
    "service_time": 60.0,
    "time_window_mode": "none",
    "time_window_type": "soft",
    "tw_pickup_width": 120.0,
    "tw_delivery_gap": 30.0,
    "tw_stagger_interval": 45.0,
    "tw_horizon": 10000.0,
    "num_charging_stations": 3,
    "charging_placement": "perimeter",
    "charging_custom_coords": null,
    "seed": 2002
  },
  "episode_length_s": 28800.0,
  "scenarios": [
    {
      "scenario_id": 0,
      "probability": 1.0,
      "task_availability": {
        "1": 1,
        "2": 1,
        "3": 1,
        "4": 1,
        "5": 1,
        "6": 1,
        "7": 1,
        "8": 1,
        "9": 1,
        "10": 1,
        "11": 1,
        "12": 1,
        "13": 1,
        "14": 1,
        "15": 1,
        "16": 1,
        "17": 1,
        "18": 1,
        "19": 1,
        "20": 1,
        "21": 1,
        "22": 1,
        "23": 1,
        "24": 1,
        "25": 1,
        "26": 1,
        "27": 1,
        "28": 1,
        "29": 1,
        "30": 1
      },
      "task_release_times": {
        "1": 459.36831421503115,
        "2": 800.0898247057943,
        "3": 2104.955008556451,
        "4": 2777.358105649542,
        "5": 4900.848028650687,
        "6": 6318.937154818532,
        "7": 9607.655562092585,
        "8": 9976.276239045861,
        "9": 10230.064433564668,
        "10": 10858.870353395083,
        "11": 11002.445853701141,
        "12": 11833.386446516855,
        "13": 12111.803477658148,
        "14": 12191.301156841568,
        "15": 12733.507989849366,
        "16": 12832.911357053392,
        "17": 13337.363105675277,
        "18": 14173.322041168296,
        "19": 14952.750752187354,
        "20": 17157.738059604228,
        "21": 17385.748370840196,
        "22": 17528.91192079813,
        "23": 19156.678457588972,
        "24": 20852.148309035343,
        "25": 22202.737737311974,
        "26": 22279.380484446305,
        "27": 22890.827347563085,
        "28": 23438.34047015381,
        "29": 25107.97529855518,
        "30": 26988.65174841164
      },
      "node_time_windows": {
        "1": [
          459.36831421503115,
          2259.368314215031
        ],
        "31": [
          548.6004648603449,
          4148.600464860345
        ],
        "2": [
          800.0898247057943,
          2600.0898247057944
        ],
        "32": [
          889.8276606188429,
          4489.827660618843
        ],
        "3": [
          2104.955008556451,
          3904.955008556451
        ],
        "33": [
          2189.054548733776,
          5789.054548733776
        ],
        "4": [
          2777.358105649542,
          4577.358105649542
        ],
        "34": [
          2870.199237064916,
          6470.199237064916
        ],
        "5": [
          4900.848028650687,
          6700.848028650687
        ],
        "35": [
          4995.498762231834,
          8595.498762231833
        ],
        "6": [
          6318.937154818532,
          8118.937154818532
        ],
        "36": [
          6404.252047278081,
          10004.252047278082
        ],
        "7": [
          9607.655562092585,
          11407.655562092585
        ],
        "37": [
          9695.716280300805,
          13295.716280300805
        ],
        "8": [
          9976.276239045861,
          11776.276239045861
        ],
        "38": [
          10069.589382466133,
          13669.589382466133
        ],
        "9": [
          10230.064433564668,
          12030.064433564668
        ],
        "39": [
          10323.160378774954,
          13923.160378774954
        ],
        "10": [
          10858.870353395083,
          12658.870353395083
        ],
        "40": [
          10952.300455776258,
          14552.300455776258
        ],
        "11": [
          11002.445853701141,
          12802.445853701141
        ],
        "41": [
          11091.80474627707,
          14691.80474627707
        ],
        "12": [
          11833.386446516855,
          13633.386446516855
        ],
        "42": [
          11928.050929267556,
          15528.050929267556
        ],
        "13": [
          12111.803477658148,
          13911.803477658148
        ],
        "43": [
          12208.492909299108,
          15808.492909299108
        ],
        "14": [
          12191.301156841568,
          13991.301156841568
        ],
        "44": [
          12276.89819744079,
          15876.89819744079
        ],
        "15": [
          12733.507989849366,
          14533.507989849366
        ],
        "45": [
          12818.44249653186,
          16418.44249653186
        ],
        "16": [
          12832.911357053392,
          14632.911357053392
        ],
        "46": [
          12921.616044615917,
          16521.61604461592
        ],
        "17": [
          13337.363105675277,
          15137.363105675277
        ],
        "47": [
          13432.514320774953,
          17032.514320774953
        ],
        "18": [
          14173.322041168296,
          15973.322041168296
        ],
        "48": [
          14262.771761938382,
          17862.771761938384
        ],
        "19": [
          14952.750752187354,
          16752.750752187356
        ],
        "49": [
          15043.86023113089,
          18643.86023113089
        ],
        "20": [
          17157.738059604228,
          18957.738059604228
        ],
        "50": [
          17247.871102178295,
          20847.871102178295
        ],
        "21": [
          17385.748370840196,
          19185.748370840196
        ],
        "51": [
          17475.38519525028,
          21075.38519525028
        ],
        "22": [
          17528.91192079813,
          19328.91192079813
        ],
        "52": [
          17620.573633155283,
          21220.573633155283
        ],
        "23": [
          19156.678457588972,
          20956.678457588972
        ],
        "53": [
          19252.454462212496,
          22852.454462212496
        ],
        "24": [
          20852.148309035343,
          22652.148309035343
        ],
        "54": [
          20935.968028387913,
          24535.968028387913
        ],
        "25": [
          22202.737737311974,
          24002.737737311974
        ],
        "55": [
          22296.86725130901,
          25896.86725130901
        ],
        "26": [
          22279.380484446305,
          24079.380484446305
        ],
        "56": [
          22367.057333524193,
          25967.057333524193
        ],
        "27": [
          22890.827347563085,
          24690.827347563085
        ],
        "57": [
          22986.772913371653,
          26586.772913371653
        ],
        "28": [
          23438.34047015381,
          25238.34047015381
        ],
        "58": [
          23530.008736678057,
          27130.008736678057
        ],
        "29": [
          25107.97529855518,
          26907.97529855518
        ],
        "59": [
          25201.040246802637,
          28801.040246802637
        ],
        "30": [
          26988.65174841164,
          28788.65174841164
        ],
        "60": [
          27076.928480809802,
          30676.928480809802
        ]
      },
      "node_service_times": {
        "1": 60.0,
        "31": 60.0,
        "2": 60.0,
        "32": 60.0,
        "3": 60.0,
        "33": 60.0,
        "4": 60.0,
        "34": 60.0,
        "5": 60.0,
        "35": 60.0,
        "6": 60.0,
        "36": 60.0,
        "7": 60.0,
        "37": 60.0,