{
  "layout": {
    "width": 150.0,
    "height": 120.0,
    "depot_position": "center",
    "depot_custom_xy": null,
    "num_tasks": 37,
    "zone_strategy": "left_right",
    "pickup_x_range": [
      0.15,
      0.45
    ],
    "pickup_y_range": [
      0.15,
      0.85
    ],
    "delivery_x_range": [
      0.55,
      0.85
    ],
    "delivery_y_range": [
      0.15,
      0.85
    ],
    "grid_noise_ratio": 0.05,
    "uniform_margin": 0.1,
    "demand_range": [
      10.0,
      40.0
    ],
    "demand_fixed": null,
    "service_time": 60.0,
    "time_window_mode": "none",
    "time_window_type": "soft",
    "tw_pickup_width": 120.0,
    "tw_delivery_gap": 30.0,
    "tw_stagger_interval": 45.0,
    "tw_horizon": 10000.0,
    "num_charging_stations": 3,
    "charging_placement": "perimeter",
    "charging_custom_coords": null,
    "seed": 2005
  },
  "episode_length_s": 28800.0,
  "scenarios": [
    {
      "scenario_id": 0,
      "probability": 1.0,
      "task_availability": {
        "1": 1,
        "2": 1,
        "3": 1,
        "4": 1,
        "5": 1,
        "6": 1,
        "7": 1,
        "8": 1,
        "9": 1,
        "10": 1,
        "11": 1,
        "12": 1,
        "13": 1,
        "14": 1,
        "15": 1,
        "16": 1,
        "17": 1,
        "18": 1,
        "19": 1,
        "20": 1,
        "21": 1,
        "22": 1,
        "23": 1,
        "24": 1,
        "25": 1,
        "26": 1,
        "27": 1,
        "28": 1,
        "29": 1,
        "30": 1,
        "31": 1,
        "32": 1,
        "33": 1,
        "34": 1,
        "35": 1,
        "36": 1,
        "37": 1
      },
      "task_release_times": {
        "1": 697.6261948392832,
        "2": 1041.5805394128001,
        "3": 1697.3390784447258,
        "4": 2134.8837977655007,
        "5": 2251.321106641276,
        "6": 3115.283328249669,
        "7": 4519.230379131552,
        "8": 4572.182035727864,
        "9": 5127.834241387935,
        "10": 5729.749718669687,
        "11": 5846.381217202349,
        "12": 5851.822917019076,
        "13": 5914.889322760078,
        "14": 6100.860916734679,
        "15": 6288.770755136703,
        "16": 6373.686861460638,
        "17": 7154.962698584953,
        "18": 7559.706950953841,
        "19": 7832.033708029943,
        "20": 8007.559056241945,
        "21": 8349.933542816649,
        "22": 8534.005221144318,
        "23": 8960.341661211633,
        "24": 9890.309011253541,
        "25": 10643.065523768215,
        "26": 10710.718469591253,
        "27": 10837.30055272267,
        "28": 11722.466451287562,
        "29": 11752.133212319468,
        "30": 12846.746875971046,
        "31": 14551.512647165291,
        "32": 16926.49746506874,
        "33": 18060.8338543841,
        "34": 20157.80569053234,
        "35": 23583.830963765606,
        "36": 24879.619887712826,
        "37": 27342.06806738399
      },
      "node_time_windows": {
        "1": [
          697.6261948392832,
          2497.626194839283
        ],
        "38": [
          727.9690301829695,
          4327.96903018297
        ],
        "2": [
          1041.5805394128001,
          2841.5805394128
        ],
        "39": [
          1074.7870982127376,
          4674.787098212738
        ],
        "3": [
          1697.3390784447258,
          3497.3390784447256
        ],
        "40": [
          1730.7629451263779,
          5330.762945126378
        ],
        "4": [
          2134.8837977655007,
          3934.8837977655007
        ],
        "41": [
          2160.7746160079337,
          5760.774616007933
        ],
        "5": [
          2251.321106641276,
          4051.321106641276
        ],
        "42": [
          2277.094459860658,
          5877.094459860658
        ],
        "6": [
          3115.283328249669,
          4915.283328249669
        ],
        "43": [
          3146.165901393405,
          6746.165901393405
        ],
        "7": [
          4519.230379131552,
          6319.230379131552
        ],
        "44": [
          4550.989516714156,
          8150.989516714156
        ],
        "8": [
          4572.182035727864,
          6372.182035727864
        ],
        "45": [
          4605.5409948583065,
          8205.540994858307
        ],
        "9": [
          5127.834241387935,
          6927.834241387935
        ],
        "46": [
          5156.706801571194,
          8756.706801571194
        ],
        "10": [
          5729.749718669687,
          7529.749718669687
        ],
        "47": [
          5759.892765841106,
          9359.892765841105
        ],
        "11": [
          5846.381217202349,
          7646.381217202349
        ],
        "48": [
          5875.382531016156,
          9475.382531016156
        ],
        "12": [
          5851.822917019076,
          7651.822917019076
        ],
        "49": [
          5885.406315964561,
          9485.406315964561
        ],
        "13": [
          5914.889322760078,
          7714.889322760078
        ],
        "50": [
          5946.293401986726,
          9546.293401986726
        ],
        "14": [
          6100.860916734679,
          7900.860916734679
        ],
        "51": [
          6131.809211372025,
          9731.809211372025
        ],
        "15": [
          6288.770755136703,
          8088.770755136703
        ],
        "52": [
          6324.176840281409,
          9924.176840281409
        ],
        "16": [
          6373.686861460638,
          8173.686861460638
        ],
        "53": [
          6398.392438137121,
          9998.392438137122
        ],
        "17": [
          7154.962698584953,
          8954.962698584954
        ],
        "54": [
          7183.829867279082,
          10783.82986727908
        ],
        "18": [
          7559.706950953841,
          9359.706950953841
        ],
        "55": [
          7587.340055427536,
          11187.340055427536
        ],
        "19": [
          7832.033708029943,
          9632.033708029943
        ],
        "56": [
          7859.289485745467,
          11459.289485745467
        ],
        "20": [
          8007.559056241945,
          9807.559056241946
        ],
        "57": [
          8031.229249999046,
          11631.229249999047
        ],
        "21": [
          8349.933542816649,
          10149.933542816649
        ],
        "58": [
          8378.366343839252,
          11978.366343839252
        ],
        "22": [
          8534.005221144318,
          10334.005221144318
        ],
        "59": [
          8566.024796447411,
          12166.024796447411
        ],
        "23": [
          8960.341661211633,
          10760.341661211633
        ],
        "60": [
          8990.408851892553,
          12590.408851892553
        ],
        "24": [
          9890.309011253541,
          11690.309011253541
        ],
        "61": [
          9918.167615537937,
          13518.167615537937
        ],
        "25": [
          10643.065523768215,
          12443.065523768215
        ],
        "62": [
          10670.97053884659,
          14270.97053884659
        ],
        "26": [
          10710.718469591253,
          12510.718469591253
        ],
        "63": [
          10740.837136744745,
          14340.837136744745
        ],
        "27": [
          10837.30055272267,
          12637.30055272267
        ],
        "64": [
          10866.135609218409,
          14466.135609218409
        ],
        "28": [
          11722.466451287562,
          13522.466451287562
        ],
        "65": [
          11753.459151655286,
          15353.459151655286
        ],
        "29": [
          11752.133212319468,
          13552.133212319468
        ],
        "66": [
          11778.648163871543,
          15378.648163871543
        ],
        "30": [
          12846.746875971046,
          14646.746875971046
        ],
        "67": [
          12880.876021554901,
          16480.8760215549
        ],