{
  "layout": {
    "width": 150.0,
    "height": 120.0,
    "depot_position": "center",
    "depot_custom_xy": null,
    "num_tasks": 31,
    "zone_strategy": "left_right",
    "pickup_x_range": [
      0.15,
      0.45
    ],
    "pickup_y_range": [
      0.15,
      0.85
    ],
    "delivery_x_range": [
      0.55,
      0.85
    ],
    "delivery_y_range": [
      0.15,
      0.85
    ],
    "grid_noise_ratio": 0.05,
    "uniform_margin": 0.1,
    "demand_range": [
      10.0,
      40.0
    ],
    "demand_fixed": null,
    "service_time": 60.0,
    "time_window_mode": "none",
    "time_window_type": "soft",
    "tw_pickup_width": 120.0,
    "tw_delivery_gap": 30.0,
    "tw_stagger_interval": 45.0,
    "tw_horizon": 10000.0,
    "num_charging_stations": 3,
    "charging_placement": "perimeter",
    "charging_custom_coords": null,
    "seed": 2003
  },
  "episode_length_s": 28800.0,
  "scenarios": [
    {
      "scenario_id": 0,
      "probability": 1.0,
      "task_availability": {
        "1": 1,
        "2": 1,
        "3": 1,
        "4": 1,
        "5": 1,
        "6": 1,
        "7": 1,
        "8": 1,
        "9": 1,
        "10": 1,
        "11": 1,
        "12": 1,
        "13": 1,
        "14": 1,
        "15": 1,
        "16": 1,
        "17": 1,
        "18": 1,
        "19": 1,
        "20": 1,
        "21": 1,
        "22": 1,
        "23": 1,
        "24": 1,
        "25": 1,
        "26": 1,
        "27": 1,
        "28": 1,
        "29": 1,
        "30": 1,
        "31": 1
      },
      "task_release_times": {
        "1": 845.2098390537618,
        "2": 3902.1336647553135,
        "3": 4325.210144268075,
        "4": 8735.472972992213,
        "5": 9836.79848982022,
        "6": 9973.413055041636,
        "7": 10586.819738359489,
        "8": 10760.280547130147,
        "9": 10761.577091016661,
        "10": 12303.486154159455,
        "11": 12487.026732754364,
        "12": 13007.035562931549,
        "13": 13519.104687280545,
        "14": 14169.568180313086,
        "15": 14383.693946001862,
        "16": 14387.501300001797,
        "17": 15644.920495504026,
        "18": 15675.12357431857,
        "19": 15882.710356753858,
        "20": 15919.978336473985,
        "21": 16819.81330396264,
        "22": 17043.000882208762,
        "23": 17297.14662107768,
        "24": 17302.933854194405,
        "25": 17979.216573208614,
        "26": 18150.36721092726,
        "27": 19342.575897126942,
        "28": 20055.670691891664,
        "29": 20680.810036691735,
        "30": 24482.851639035507,
        "31": 25293.150904462676
      },
      "node_time_windows": {
        "1": [
          845.2098390537618,
          2645.2098390537617
        ],
        "32": [
          935.7992491981921,
          4535.799249198192
        ],
        "2": [
          3902.1336647553135,
          5702.1336647553135
        ],
        "33": [
          3991.2967749099575,
          7591.296774909957
        ],
        "3": [
          4325.210144268075,
          6125.210144268075
        ],
        "34": [
          4416.7052841623,
          8016.7052841623
        ],
        "4": [
          8735.472972992213,
          10535.472972992213
        ],
        "35": [
          8825.083343794135,
          12425.083343794135
        ],
        "5": [
          9836.79848982022,
          11636.79848982022
        ],
        "36": [
          9929.034320576904,
          13529.034320576904
        ],
        "6": [
          9973.413055041636,
          11773.413055041636
        ],
        "37": [
          10067.051757378653,
          13667.051757378653
        ],
        "7": [
          10586.819738359489,
          12386.819738359489
        ],
        "38": [
          10678.400210439395,
          14278.400210439395
        ],
        "8": [
          10760.280547130147,
          12560.280547130147
        ],
        "39": [
          10854.634855379149,
          14454.634855379149
        ],
        "9": [
          10761.577091016661,
          12561.577091016661
        ],
        "40": [
          10851.101529514435,
          14451.101529514435
        ],
        "10": [
          12303.486154159455,
          14103.486154159455
        ],
        "41": [
          12395.98021710016,
          15995.98021710016
        ],
        "11": [
          12487.026732754364,
          14287.026732754364
        ],
        "42": [
          12576.78032646133,
          16176.78032646133
        ],
        "12": [
          13007.035562931549,
          14807.035562931549
        ],
        "43": [
          13094.241903734084,
          16694.241903734084
        ],
        "13": [
          13519.104687280545,
          15319.104687280545
        ],
        "44": [
          13608.13416881935,
          17208.13416881935
        ],
        "14": [
          14169.568180313086,
          15969.568180313086
        ],
        "45": [
          14262.149568969562,
          17862.149568969562
        ],
        "15": [
          14383.693946001862,
          16183.693946001862
        ],
        "46": [
          14477.49273972294,
          18077.49273972294
        ],
        "16": [
          14387.501300001797,
          16187.501300001797
        ],
        "47": [
          14480.185760978346,
          18080.185760978347
        ],
        "17": [
          15644.920495504026,
          17444.920495504026
        ],
        "48": [
          15735.970573434568,
          19335.97057343457
        ],
        "18": [
          15675.12357431857,
          17475.123574318568
        ],
        "49": [
          15765.94537245531,
          19365.94537245531
        ],
        "19": [
          15882.710356753858,
          17682.710356753858
        ],
        "50": [
          15975.041337815519,
          19575.04133781552
        ],
        "20": [
          15919.978336473985,
          17719.978336473985
        ],
        "51": [
          16011.608613782533,
          19611.608613782533
        ],
        "21": [
          16819.81330396264,
          18619.81330396264
        ],
        "52": [
          16913.252888582563,
          20513.252888582563
        ],
        "22": [
          17043.000882208762,
          18843.000882208762
        ],
        "53": [
          17139.662005278806,
          20739.662005278806
        ],
        "23": [
          17297.14662107768,
          19097.14662107768
        ],
        "54": [
          17387.247221204292,
          20987.247221204292
        ],
        "24": [
          17302.933854194405,
          19102.933854194405
        ],
        "55": [
          17394.424975015827,
          20994.424975015827
        ],
        "25": [
          17979.216573208614,
          19779.216573208614
        ],
        "56": [
          18064.263100275686,
          21664.263100275686
        ],
        "26": [
          18150.36721092726,
          19950.36721092726
        ],
        "57": [
          18246.07257917209,
          21846.07257917209
        ],
        "27": [
          19342.575897126942,
          21142.575897126942
        ],
        "58": [
          19430.943494919364,
          23030.943494919364
        ],
        "28": [
          20055.670691891664,
          21855.670691891664
        ],
        "59": [
          20149.200288988068,
          23749.200288988068
        ],
        "29": [
          20680.810036691735,
          22480.810036691735
        ],
        "60": [
          20768.35814861117,
          24368.35814861117
        ],
        "30": [
          24482.851639035507,
          26282.851639035507
        ],
        "61": [
          24572.059457747873,
          28172.059457747873
        ],
        "31": [
          25293.150904462676,
          27093.150904462676
        ],
        "62": [
          25381.625064206455,
          28981.625064206455
        ]
      },
      "node_service_times": {
        "1": 60.0,
        "32": 60.0,