{
  "layout": {
    "width": 150.0,
    "height": 120.0,
    "depot_position": "center",
    "depot_custom_xy": null,
    "num_tasks": 32,
    "zone_strategy": "left_right",
    "pickup_x_range": [
      0.15,
      0.45
    ],
    "pickup_y_range": [
      0.15,
      0.85
    ],
    "delivery_x_range": [
      0.55,
      0.85
    ],
    "delivery_y_range": [
      0.15,
      0.85
    ],
    "grid_noise_ratio": 0.05,
    "uniform_margin": 0.1,
    "demand_range": [
      10.0,
      40.0
    ],
    "demand_fixed": null,
    "service_time": 60.0,
    "time_window_mode": "none",
    "time_window_type": "soft",
    "tw_pickup_width": 120.0,
    "tw_delivery_gap": 30.0,
    "tw_stagger_interval": 45.0,
    "tw_horizon": 10000.0,
    "num_charging_stations": 3,
    "charging_placement": "perimeter",
    "charging_custom_coords": null,
    "seed": 2008
  },
  "episode_length_s": 28800.0,
  "scenarios": [
    {
      "scenario_id": 0,
      "probability": 1.0,
      "task_availability": {
        "1": 1,
        "2": 1,
        "3": 1,
        "4": 1,
        "5": 1,
        "6": 1,
        "7": 1,
        "8": 1,
        "9": 1,
        "10": 1,
        "11": 1,
        "12": 1,
        "13": 1,
        "14": 1,
        "15": 1,
        "16": 1,
        "17": 1,
        "18": 1,
        "19": 1,
        "20": 1,
        "21": 1,
        "22": 1,
        "23": 1,
        "24": 1,
        "25": 1,
        "26": 1,
        "27": 1,
        "28": 1,
        "29": 1,
        "30": 1,
        "31": 1,
        "32": 1
      },
      "task_release_times": {
        "1": 7601.575119503939,
        "2": 9485.304336104027,
        "3": 9677.558347760874,
        "4": 9726.40769596963,
        "5": 10653.071116231164,
        "6": 10837.320281435403,
        "7": 10929.445191067858,
        "8": 11544.624529417573,
        "9": 11824.608771884807,
        "10": 12326.86669568641,
        "11": 12393.60593666233,
        "12": 13365.47234364019,
        "13": 13694.25720411855,
        "14": 13764.12754051193,
        "15": 15051.158452820979,
        "16": 16148.686122428964,
        "17": 16379.643854378275,
        "18": 17000.457956136794,
        "19": 17686.303929143967,
        "20": 17987.874539437016,
        "21": 18066.045782723806,
        "22": 19376.341271828507,
        "23": 19548.27843601544,
        "24": 19759.38560826891,
        "25": 21734.389141482836,
        "26": 22741.959753005285,
        "27": 23590.017261053596,
        "28": 24854.64433321042,
        "29": 26443.533698667932,
        "30": 26939.152213525726,
        "31": 27515.488248469985,
        "32": 28698.547038742036
      },
      "node_time_windows": {
        "1": [
          7601.575119503939,
          9401.57511950394
        ],
        "33": [
          7685.4169384533325,
          11285.416938453332
        ],
        "2": [
          9485.304336104027,
          11285.304336104027
        ],
        "34": [
          9575.530717016105,
          13175.530717016105
        ],
        "3": [
          9677.558347760874,
          11477.558347760874
        ],
        "35": [
          9767.695657168308,
          13367.695657168308
        ],
        "4": [
          9726.40769596963,
          11526.40769596963
        ],
        "36": [
          9810.038321942031,
          13410.038321942031
        ],
        "5": [
          10653.071116231164,
          12453.071116231164
        ],
        "37": [
          10740.788233539204,
          14340.788233539204
        ],
        "6": [
          10837.320281435403,
          12637.320281435403
        ],
        "38": [
          10925.85926586609,
          14525.85926586609
        ],
        "7": [
          10929.445191067858,
          12729.445191067858
        ],
        "39": [
          11015.747617964103,
          14615.747617964103
        ],
        "8": [
          11544.624529417573,
          13344.624529417573
        ],
        "40": [
          11634.614282110952,
          15234.614282110952
        ],
        "9": [
          11824.608771884807,
          13624.608771884807
        ],
        "41": [
          11915.206553545615,
          15515.206553545615
        ],
        "10": [
          12326.86669568641,
          14126.86669568641
        ],
        "42": [
          12415.145024656988,
          16015.145024656988
        ],
        "11": [
          12393.60593666233,
          14193.60593666233
        ],
        "43": [
          12480.2620550523,
          16080.2620550523
        ],
        "12": [
          13365.47234364019,
          15165.47234364019
        ],
        "44": [
          13455.015701712467,
          17055.015701712466
        ],
        "13": [
          13694.25720411855,
          15494.25720411855
        ],
        "45": [
          13781.265297240101,
          17381.2652972401
        ],
        "14": [
          13764.12754051193,
          15564.12754051193
        ],
        "46": [
          13852.455017390837,
          17452.455017390836
        ],
        "15": [
          15051.158452820979,
          16851.15845282098
        ],
        "47": [
          15143.191419323057,
          18743.191419323055
        ],
        "16": [
          16148.686122428964,
          17948.686122428964
        ],
        "48": [
          16238.295807558152,
          19838.295807558152
        ],
        "17": [
          16379.643854378275,
          18179.643854378275
        ],
        "49": [
          16471.391142035856,
          20071.391142035856
        ],
        "18": [
          17000.457956136794,
          18800.457956136794
        ],
        "50": [
          17091.00164598709,
          20691.00164598709
        ],
        "19": [
          17686.303929143967,
          19486.303929143967
        ],
        "51": [
          17777.83120482193,
          21377.83120482193
        ],
        "20": [
          17987.874539437016,
          19787.874539437016
        ],
        "52": [
          18078.642871838245,
          21678.642871838245
        ],
        "21": [
          18066.045782723806,
          19866.045782723806
        ],
        "53": [
          18152.879691176535,
          21752.879691176535
        ],
        "22": [
          19376.341271828507,
          21176.341271828507
        ],
        "54": [
          19466.701416316548,
          23066.701416316548
        ],
        "23": [
          19548.27843601544,
          21348.27843601544
        ],
        "55": [
          19637.967623123895,
          23237.967623123895
        ],
        "24": [
          19759.38560826891,
          21559.38560826891
        ],
        "56": [
          19846.045683472155,
          23446.045683472155
        ],
        "25": [
          21734.389141482836,
          23534.389141482836
        ],
        "57": [
          21827.504059695228,
          25427.504059695228
        ],
        "26": [
          22741.959753005285,
          24541.959753005285
        ],
        "58": [
          22832.363682280313,
          26432.363682280313
        ],
        "27": [
          23590.017261053596,
          25390.017261053596
        ],
        "59": [
          23682.682456775743,
          27282.682456775743
        ],
        "28": [
          24854.64433321042,
          26654.64433321042
        ],
        "60": [
          24944.361039420004,
          28544.361039420004
        ],
        "29": [
          26443.533698667932,
          28243.533698667932
        ],
        "61": [
          26526.671630082554,
          30126.671630082554
        ],
        "30": [
          26939.152213525726,
          28739.152213525726
        ],
        "62": [
          27035.353242881047,
          30635.353242881047
        ],
        "31": [
          27515.488248469985,
          29315.488248469985
        ],
        "63": [
          27598.6726096953,
          31198.6726096953
        ],