{
  "layout": {
    "width": 150.0,
    "height": 120.0,
    "depot_position": "center",
    "depot_custom_xy": null,
    "num_tasks": 33,
    "zone_strategy": "left_right",
    "pickup_x_range": [
      0.15,
      0.45
    ],
    "pickup_y_range": [
      0.15,
      0.85
    ],
    "delivery_x_range": [
      0.55,
      0.85
    ],
    "delivery_y_range": [
      0.15,
      0.85
    ],
    "grid_noise_ratio": 0.05,
    "uniform_margin": 0.1,
    "demand_range": [
      10.0,
      40.0
    ],
    "demand_fixed": null,
    "service_time": 60.0,
    "time_window_mode": "none",
    "time_window_type": "soft",
    "tw_pickup_width": 120.0,
    "tw_delivery_gap": 30.0,
    "tw_stagger_interval": 45.0,
    "tw_horizon": 10000.0,
    "num_charging_stations": 3,
    "charging_placement": "perimeter",
    "charging_custom_coords": null,
    "seed": 2007
  },
  "episode_length_s": 28800.0,
  "scenarios": [
    {
      "scenario_id": 0,
      "probability": 1.0,
      "task_availability": {
        "1": 1,
        "2": 1,
        "3": 1,
        "4": 1,
        "5": 1,
        "6": 1,
        "7": 1,
        "8": 1,
        "9": 1,
        "10": 1,
        "11": 1,
        "12": 1,
        "13": 1,
        "14": 1,
        "15": 1,
        "16": 1,
        "17": 1,
        "18": 1,
        "19": 1,
        "20": 1,
        "21": 1,
        "22": 1,
        "23": 1,
        "24": 1,
        "25": 1,
        "26": 1,
        "27": 1,
        "28": 1,
        "29": 1,
        "30": 1,
        "31": 1,
        "32": 1,
        "33": 1
      },
      "task_release_times": {
        "1": 103.28778744769878,
        "2": 359.7746811874821,
        "3": 427.5571184841379,
        "4": 520.3878148083238,
        "5": 687.881122287606,
        "6": 1813.391049499411,
        "7": 2252.532072303129,
        "8": 2343.2473747839463,
        "9": 2964.038481257148,
        "10": 5559.7072352896885,
        "11": 5705.315635018593,
        "12": 7539.147804632993,
        "13": 7664.320203842507,
        "14": 7719.2884073002615,
        "15": 7723.117914978017,
        "16": 8077.465865066445,
        "17": 8633.220215425243,
        "18": 8970.031908125433,
        "19": 9350.962606907111,
        "20": 11769.911212684456,
        "21": 11809.520743810994,
        "22": 13395.74687439831,
        "23": 13476.685807312047,
        "24": 13621.044010458148,
        "25": 15131.591762406177,
        "26": 15701.069181910432,
        "27": 17337.559258901456,
        "28": 17509.147413772884,
        "29": 20226.218279962344,
        "30": 20410.92362783433,
        "31": 22547.47080033116,
        "32": 24877.155073236107,
        "33": 28114.279542301916
      },
      "node_time_windows": {
        "1": [
          103.28778744769878,
          1903.2877874476987
        ],
        "34": [
          135.61780777099972,
          3735.6178077709997
        ],
        "2": [
          359.7746811874821,
          2159.774681187482
        ],
        "35": [
          390.81274618869924,
          3990.8127461886993
        ],
        "3": [
          427.5571184841379,
          2227.557118484138
        ],
        "36": [
          451.63760927519917,
          4051.6376092751993
        ],
        "4": [
          520.3878148083238,
          2320.387814808324
        ],
        "37": [
          545.4466152416876,
          4145.446615241688
        ],
        "5": [
          687.881122287606,
          2487.881122287606
        ],
        "38": [
          720.8929445238846,
          4320.892944523885
        ],
        "6": [
          1813.391049499411,
          3613.391049499411
        ],
        "39": [
          1838.1879538650028,
          5438.187953865003
        ],
        "7": [
          2252.532072303129,
          4052.532072303129
        ],
        "40": [
          2281.3672785486606,
          5881.367278548661
        ],
        "8": [
          2343.2473747839463,
          4143.247374783947
        ],
        "41": [
          2373.0743742811064,
          5973.074374281106
        ],
        "9": [
          2964.038481257148,
          4764.038481257148
        ],
        "42": [
          2998.1250714515577,
          6598.125071451557
        ],
        "10": [
          5559.7072352896885,
          7359.7072352896885
        ],
        "43": [
          5594.054248391659,
          9194.054248391658
        ],
        "11": [
          5705.315635018593,
          7505.315635018593
        ],
        "44": [
          5732.4576948777985,
          9332.457694877798
        ],
        "12": [
          7539.147804632993,
          9339.147804632994
        ],
        "45": [
          7573.13854031375,
          11173.13854031375
        ],
        "13": [
          7664.320203842507,
          9464.320203842508
        ],
        "46": [
          7695.129544080195,
          11295.129544080195
        ],
        "14": [
          7719.2884073002615,
          9519.28840730026
        ],
        "47": [
          7754.440523237461,
          11354.440523237461
        ],
        "15": [
          7723.117914978017,
          9523.117914978018
        ],
        "48": [
          7748.118301161886,
          11348.118301161885
        ],
        "16": [
          8077.465865066445,
          9877.465865066446
        ],
        "49": [
          8110.897823317172,
          11710.897823317173
        ],
        "17": [
          8633.220215425243,
          10433.220215425243
        ],
        "50": [
          8661.205922174471,
          12261.205922174471
        ],
        "18": [
          8970.031908125433,
          10770.031908125433
        ],
        "51": [
          9002.064609186255,
          12602.064609186255
        ],
        "19": [
          9350.962606907111,
          11150.962606907111
        ],
        "52": [
          9374.375305056836,
          12974.375305056836
        ],
        "20": [
          11769.911212684456,
          13569.911212684456
        ],
        "53": [
          11800.223803975354,
          15400.223803975354
        ],
        "21": [
          11809.520743810994,
          13609.520743810994
        ],
        "54": [
          11836.41604328161,
          15436.41604328161
        ],
        "22": [
          13395.74687439831,
          15195.74687439831
        ],
        "55": [
          13425.388641247018,
          17025.388641247016
        ],
        "23": [
          13476.685807312047,
          15276.685807312047
        ],
        "56": [
          13508.671564125492,
          17108.671564125492
        ],
        "24": [
          13621.044010458148,
          15421.044010458148
        ],
        "57": [
          13649.33380533122,
          17249.333805331218
        ],
        "25": [
          15131.591762406177,
          16931.591762406177
        ],
        "58": [
          15166.346364692121,
          18766.346364692123
        ],
        "26": [
          15701.069181910432,
          17501.069181910432
        ],
        "59": [
          15731.943245766648,
          19331.943245766648
        ],
        "27": [
          17337.559258901456,
          19137.559258901456
        ],
        "60": [
          17370.542484271,
          20970.542484271
        ],
        "28": [
          17509.147413772884,
          19309.147413772884
        ],
        "61": [
          17544.51125389649,
          21144.51125389649
        ],
        "29": [
          20226.218279962344,
          22026.218279962344
        ],
        "62": [
          20256.90354324766,
          23856.90354324766
        ],
        "30": [
          20410.92362783433,
          22210.92362783433
        ],
        "63": [
          20444.431913388824,
          24044.431913388824
        ],
        "31": [
          22547.47080033116,
          24347.47080033116
        ],
        "64": [
          22579.465982264886,
          26179.465982264886
        ],