time,task_id,prev_status,status,prev_assigned_vehicle_id,assigned_vehicle_id,pickup_node_id,delivery_node_id,demand,priority,arrival_time
386.0468635614927,1,pending,completed,,1,1,18,72.78057113916518,0,385.0562998114267
883.447260191447,2,pending,completed,,1,2,19,77.71692730569006,0,879.0036745203871
3439.9404396529826,3,pending,completed,,3,3,20,136.94943128433687,0,3406.3981049749277
4655.940439652983,4,pending,completed,,3,4,21,80.23295291449526,0,3625.230609596239
4719.940439652983,5,pending,completed,,2,5,22,131.91551386374778,0,3942.7275812016555
5167.940439652983,6,pending,completed,,2,6,23,53.13071651304342,0,5039.050539234243
5967.940439652983,7,pending,completed,,3,7,24,43.56938070518835,0,5923.009470875021
