time,task_id,prev_status,status,prev_assigned_vehicle_id,assigned_vehicle_id,pickup_node_id,delivery_node_id,demand,priority,arrival_time
212.01562118716424,1,pending,completed,,1,1,16,80.28075631694543,0,182.31908539741715
1262.394818406903,2,pending,completed,,1,2,17,78.19368651904324,0,1243.954403375923
4702.570700302423,3,pending,completed,,3,3,18,63.637405643073016,0,3903.6926999307825
6337.707103289425,4,pending,completed,,3,4,19,34.48584461032298,0,6108.407728882229
7225.707103289425,5,pending,completed,,2,5,20,81.1499647060459,0,7076.228781019443
8733.707103289424,6,pending,completed,,2,6,21,79.5027225358123,0,8426.222069334684
8733.707103289424,7,pending,in_progress,,2,7,22,56.13099160799034,0,8592.286606659953
