{
  "scenario": "small",
  "epsilon_strategy": "scale_adaptive",
  "epsilon_config": {
    "initial": 0.5,
    "decay": 0.995,
    "min": 0.05
  },
  "seed": 2028,
  "iterations": 40,
  "baseline_cost": 48349.40944584828,
  "optimised_cost": 32153.052902328338,
  "improvement_ratio": 0.3349856126300775,
  "runtime": 277.5122833251953,
  "final_epsilon": 0.40916006051133713,
  "q_values": {
    "explore": {
      "('random_removal', 'lp')": 159.1147623140566,
      "('partial_removal', 'lp')": 80.0038603273046,
      "('partial_removal', 'greedy')": 58.32407885323046,
      "('random_removal', 'regret2')": 56.7844963342508,
      "('random_removal', 'greedy')": 10.0,
      "('partial_removal', 'random')": 5.0,
      "('random_removal', 'random')": -6.462499999999999,
      "('partial_removal', 'regret2')": -335.66291528941963
    },
    "stuck": {
      "('partial_removal', 'random')": 5.0,
      "('random_removal', 'greedy')": -6.681044027231177,
      "('random_removal', 'random')": -22.589675853633366,
      "('partial_removal', 'lp')": -255.60759142159264,
      "('partial_removal', 'greedy')": -272.6222225724053,
      "('random_removal', 'lp')": -325.6228312549291,
      "('random_removal', 'regret2')": -329.1353036327029,
      "('partial_removal', 'regret2')": -569.6336810437776
    },
    "deep_stuck": {
      "('random_removal', 'regret2')": 12.0,
      "('partial_removal', 'regret2')": 12.0,
      "('random_removal', 'greedy')": 10.0,
      "('partial_removal', 'greedy')": 10.0,
      "('random_removal', 'random')": 5.0,
      "('partial_removal', 'random')": 5.0,
      "('random_removal', 'lp')": -271.1576788543016,
      "('partial_removal', 'lp')": -570.9980046843907
    }
  },
  "experiment_timestamp": "2025-11-12 21:17:06"
}