{
  "scenario": "large",
  "epsilon_strategy": "high_uniform",
  "epsilon_config": {
    "initial": 0.5,
    "decay": 0.995,
    "min": 0.05
  },
  "seed": 2034,
  "iterations": 44,
  "baseline_cost": 79344.53201872518,
  "optimised_cost": 69389.39859784837,
  "improvement_ratio": 0.12546716412074135,
  "runtime": 433.36724638938904,
  "final_epsilon": 0.40103802898588187,
  "q_values": {
    "explore": {
      "('partial_removal', 'greedy')": 228.77987707482583,
      "('partial_removal', 'regret2')": 121.13276973796764,
      "('partial_removal', 'lp')": 98.32374561128611,
      "('random_removal', 'lp')": 80.25723863325885,
      "('partial_removal', 'random')": 53.86362335649156,
      "('random_removal', 'regret2')": 12.0,
      "('random_removal', 'greedy')": 10.0,
      "('random_removal', 'random')": 7.202711805833843
    },
    "stuck": {
      "('partial_removal', 'regret2')": 28.813687436223308,
      "('partial_removal', 'lp')": 15.244297237196614,
      "('random_removal', 'regret2')": 12.0,
      "('random_removal', 'greedy')": 10.0,
      "('partial_removal', 'greedy')": 10.0,
      "('partial_removal', 'random')": -5.513973658180856,
      "('random_removal', 'lp')": -46.41958166250268,
      "('random_removal', 'random')": -67.55870127314687
    },
    "deep_stuck": {
      "('random_removal', 'regret2')": 12.0,
      "('partial_removal', 'regret2')": 12.0,
      "('random_removal', 'greedy')": 10.0,
      "('partial_removal', 'greedy')": 10.0,
      "('partial_removal', 'lp')": 9.491196356444936,
      "('random_removal', 'random')": 5.0,
      "('partial_removal', 'random')": 5.0,
      "('random_removal', 'lp')": -409.5583548164934
    }
  },
  "experiment_timestamp": "2025-11-13 03:31:26"
}