{
  "scenario": "large",
  "epsilon_strategy": "high_uniform",
  "epsilon_config": {
    "initial": 0.5,
    "decay": 0.995,
    "min": 0.05
  },
  "seed": 2033,
  "iterations": 44,
  "baseline_cost": 79344.53201872518,
  "optimised_cost": 69389.39859784837,
  "improvement_ratio": 0.12546716412074135,
  "runtime": 700.340842962265,
  "final_epsilon": 0.40103802898588187,
  "q_values": {
    "explore": {
      "('partial_removal', 'greedy')": 178.25806908120282,
      "('partial_removal', 'lp')": 175.46715118058438,
      "('partial_removal', 'random')": 157.0949778693134,
      "('partial_removal', 'regret2')": 132.6674962029315,
      "('random_removal', 'greedy')": 38.67897762907563,
      "('random_removal', 'random')": 22.264671497490887,
      "('random_removal', 'lp')": 1.1097899165639333,
      "('random_removal', 'regret2')": -1.9124999999999996
    },
    "stuck": {
      "('partial_removal', 'lp')": 72.56019712078067,
      "('partial_removal', 'regret2')": 12.0,
      "('partial_removal', 'greedy')": 10.0,
      "('partial_removal', 'random')": 5.0,
      "('random_removal', 'lp')": -59.725786293667795,
      "('random_removal', 'greedy')": -59.776212860875745,
      "('random_removal', 'random')": -70.43369159532678,
      "('random_removal', 'regret2')": -169.5664694619696
    },
    "deep_stuck": {
      "('random_removal', 'lp')": 35.0,
      "('partial_removal', 'lp')": 35.0,
      "('random_removal', 'regret2')": 12.0,
      "('partial_removal', 'regret2')": 12.0,
      "('random_removal', 'greedy')": 10.0,
      "('partial_removal', 'greedy')": 10.0,
      "('random_removal', 'random')": 5.0,
      "('partial_removal', 'random')": 5.0
    }
  },
  "experiment_timestamp": "2025-11-13 03:24:12"
}