{
  "scenario": "small",
  "epsilon_strategy": "current",
  "epsilon_config": {
    "initial": 0.12,
    "decay": 0.995,
    "min": 0.01
  },
  "seed": 2028,
  "iterations": 40,
  "baseline_cost": 48349.40944584828,
  "optimised_cost": 20662.77695266221,
  "improvement_ratio": 0.5726364150154785,
  "runtime": 98.64429068565369,
  "final_epsilon": 0.0981984145227209,
  "q_values": {
    "explore": {
      "('random_removal', 'regret2')": 105.16638631982444,
      "('random_removal', 'random')": 5.0,
      "('partial_removal', 'random')": 5.0,
      "('partial_removal', 'regret2')": -2.91,
      "('partial_removal', 'greedy')": -101.23436935005486,
      "('random_removal', 'greedy')": -125.69052039300982,
      "('partial_removal', 'lp')": -153.9104206122,
      "('random_removal', 'lp')": -172.56425943460118
    },
    "stuck": {
      "('random_removal', 'greedy')": -4.872878117196857,
      "('random_removal', 'random')": -7.577592058083045,
      "('random_removal', 'lp')": -190.92931474808364,
      "('partial_removal', 'lp')": -191.4253563150613,
      "('partial_removal', 'random')": -199.9936670206223,
      "('partial_removal', 'regret2')": -204.22940839840658,
      "('partial_removal', 'greedy')": -208.89360823598668,
      "('random_removal', 'regret2')": -218.60266720578224
    },
    "deep_stuck": {
      "('partial_removal', 'lp')": 65.19271786662492,
      "('random_removal', 'lp')": 35.0,
      "('random_removal', 'regret2')": 12.0,
      "('partial_removal', 'regret2')": 12.0,
      "('random_removal', 'greedy')": 10.0,
      "('partial_removal', 'greedy')": 10.0,
      "('random_removal', 'random')": 5.0,
      "('partial_removal', 'random')": 5.0
    }
  },
  "experiment_timestamp": "2025-11-12 21:12:13"
}