{
  "scenario": "large",
  "epsilon_strategy": "high_uniform",
  "epsilon_config": {
    "initial": 0.5,
    "decay": 0.995,
    "min": 0.05
  },
  "seed": 2030,
  "iterations": 44,
  "baseline_cost": 79344.53201872518,
  "optimised_cost": 69389.39859784837,
  "improvement_ratio": 0.12546716412074135,
  "runtime": 411.343994140625,
  "final_epsilon": 0.40103802898588187,
  "q_values": {
    "explore": {
      "('partial_removal', 'regret2')": 213.14732637892573,
      "('partial_removal', 'lp')": 129.0907566252813,
      "('random_removal', 'regret2')": 96.66547225083559,
      "('partial_removal', 'greedy')": 94.31041440230796,
      "('partial_removal', 'random')": 93.14751152130056,
      "('random_removal', 'greedy')": 36.48241744652157,
      "('random_removal', 'lp')": 15.059073840850349,
      "('random_removal', 'random')": 5.0
    },
    "stuck": {
      "('partial_removal', 'lp')": 73.31259367805963,
      "('partial_removal', 'regret2')": 53.071710647560394,
      "('partial_removal', 'random')": 25.649917217755153,
      "('random_removal', 'greedy')": 10.0,
      "('partial_removal', 'greedy')": 10.0,
      "('random_removal', 'random')": 5.0,
      "('random_removal', 'lp')": -28.288273539632492,
      "('random_removal', 'regret2')": -32.325018478509364
    },
    "deep_stuck": {
      "('partial_removal', 'lp')": 19.778629827783046,
      "('random_removal', 'regret2')": 12.0,
      "('partial_removal', 'regret2')": 12.0,
      "('random_removal', 'greedy')": 10.0,
      "('partial_removal', 'greedy')": 10.0,
      "('random_removal', 'random')": 5.0,
      "('partial_removal', 'random')": 5.0,
      "('random_removal', 'lp')": -199.65142499374718
    }
  },
  "experiment_timestamp": "2025-11-13 02:52:20"
}