{
  "scenario": "small",
  "epsilon_strategy": "high_uniform",
  "epsilon_config": {
    "initial": 0.5,
    "decay": 0.995,
    "min": 0.05
  },
  "seed": 2034,
  "iterations": 40,
  "baseline_cost": 48349.40944584828,
  "optimised_cost": 30067.300443916443,
  "improvement_ratio": 0.37812476329018957,
  "runtime": 162.9534318447113,
  "final_epsilon": 0.40916006051133713,
  "q_values": {
    "explore": {
      "('random_removal', 'random')": -110.11877002961378,
      "('random_removal', 'greedy')": -117.87728973283569,
      "('random_removal', 'regret2')": -123.97795747676092,
      "('partial_removal', 'greedy')": -173.5683700572896,
      "('partial_removal', 'regret2')": -176.0110486571251,
      "('partial_removal', 'lp')": -176.64879787877018,
      "('random_removal', 'lp')": -177.61705949004602,
      "('partial_removal', 'random')": -195.77457935370015
    },
    "stuck": {
      "('partial_removal', 'greedy')": 19.925618829981186,
      "('random_removal', 'greedy')": 10.0,
      "('random_removal', 'random')": 5.0,
      "('partial_removal', 'random')": 5.0,
      "('random_removal', 'regret2')": -11.42717744853645,
      "('partial_removal', 'regret2')": -77.69407525584703,
      "('random_removal', 'lp')": -153.65743311002302,
      "('partial_removal', 'lp')": -405.1001103370195
    },
    "deep_stuck": {
      "('random_removal', 'lp')": 35.0,
      "('partial_removal', 'lp')": 35.0,
      "('random_removal', 'regret2')": 12.0,
      "('partial_removal', 'regret2')": 12.0,
      "('random_removal', 'greedy')": 10.0,
      "('partial_removal', 'greedy')": 10.0,
      "('random_removal', 'random')": 5.0,
      "('partial_removal', 'random')": 5.0
    }
  },
  "experiment_timestamp": "2025-11-12 21:33:42"
}