{
  "scenario": "large",
  "epsilon_strategy": "high_uniform",
  "epsilon_config": {
    "initial": 0.5,
    "decay": 0.995,
    "min": 0.05
  },
  "seed": 2032,
  "iterations": 44,
  "baseline_cost": 79344.53201872518,
  "optimised_cost": 69389.39859784837,
  "improvement_ratio": 0.12546716412074135,
  "runtime": 462.62312293052673,
  "final_epsilon": 0.40103802898588187,
  "q_values": {
    "explore": {
      "('partial_removal', 'regret2')": 337.1725720343198,
      "('partial_removal', 'greedy')": 140.55608117427235,
      "('partial_removal', 'lp')": 40.56995300883713,
      "('random_removal', 'random')": 40.538497228935036,
      "('random_removal', 'regret2')": 12.0,
      "('random_removal', 'greedy')": 10.0,
      "('partial_removal', 'random')": 5.0,
      "('random_removal', 'lp')": -81.93830153921337
    },
    "stuck": {
      "('partial_removal', 'regret2')": 25.709024272003585,
      "('partial_removal', 'greedy')": 15.407741262217218,
      "('partial_removal', 'lp')": 14.928972918466563,
      "('random_removal', 'greedy')": 10.0,
      "('random_removal', 'random')": 5.0,
      "('partial_removal', 'random')": -6.486116504609868,
      "('random_removal', 'regret2')": -59.45432925161751,
      "('random_removal', 'lp')": -116.77091799838237
    },
    "deep_stuck": {
      "('random_removal', 'regret2')": 12.0,
      "('partial_removal', 'regret2')": 12.0,
      "('random_removal', 'greedy')": 10.0,
      "('partial_removal', 'greedy')": 10.0,
      "('random_removal', 'random')": 5.0,
      "('partial_removal', 'random')": 5.0,
      "('partial_removal', 'lp')": -4.662065660179925,
      "('random_removal', 'lp')": -323.8232561321454
    }
  },
  "experiment_timestamp": "2025-11-13 03:12:32"
}