{
  "scenario": "small",
  "epsilon_strategy": "current",
  "epsilon_config": {
    "initial": 0.12,
    "decay": 0.995,
    "min": 0.01
  },
  "seed": 2029,
  "iterations": 40,
  "baseline_cost": 48349.40944584828,
  "optimised_cost": 34198.6010635571,
  "improvement_ratio": 0.2926779984384338,
  "runtime": 104.09179878234863,
  "final_epsilon": 0.0981984145227209,
  "q_values": {
    "explore": {
      "('random_removal', 'random')": -50.73888131934153,
      "('random_removal', 'greedy')": -52.31558567916635,
      "('random_removal', 'regret2')": -68.08429163258982,
      "('random_removal', 'lp')": -104.10215527492808,
      "('partial_removal', 'lp')": -176.80986676391336,
      "('partial_removal', 'regret2')": -178.22499727427947,
      "('partial_removal', 'greedy')": -218.01234266927784,
      "('partial_removal', 'random')": -304.6630608819645
    },
    "stuck": {
      "('partial_removal', 'greedy')": 56.1938662593077,
      "('random_removal', 'greedy')": 10.0,
      "('random_removal', 'random')": 5.0,
      "('partial_removal', 'random')": 5.0,
      "('partial_removal', 'lp')": -197.95538306246462,
      "('partial_removal', 'regret2')": -250.2464400870182,
      "('random_removal', 'lp')": -276.5563303256543,
      "('random_removal', 'regret2')": -286.63706506678915
    },
    "deep_stuck": {
      "('random_removal', 'lp')": 35.0,
      "('partial_removal', 'lp')": 35.0,
      "('random_removal', 'regret2')": 12.0,
      "('partial_removal', 'regret2')": 12.0,
      "('random_removal', 'greedy')": 10.0,
      "('partial_removal', 'greedy')": 10.0,
      "('random_removal', 'random')": 5.0,
      "('partial_removal', 'random')": 5.0
    }
  },
  "experiment_timestamp": "2025-11-12 21:13:57"
}