{
  "scenario": "small",
  "epsilon_strategy": "scale_adaptive",
  "epsilon_config": {
    "initial": 0.5,
    "decay": 0.995,
    "min": 0.05
  },
  "seed": 2031,
  "iterations": 40,
  "baseline_cost": 48349.40944584828,
  "optimised_cost": 32139.204587598713,
  "improvement_ratio": 0.33527203422008955,
  "runtime": 127.20817279815674,
  "final_epsilon": 0.40916006051133713,
  "q_values": {
    "explore": {
      "('partial_removal', 'lp')": 8.798711397944682,
      "('random_removal', 'regret2')": -30.59703051032956,
      "('random_removal', 'random')": -36.90320727525452,
      "('random_removal', 'greedy')": -55.78020028124233,
      "('partial_removal', 'random')": -154.37241894894618,
      "('partial_removal', 'greedy')": -223.15537928192393,
      "('partial_removal', 'regret2')": -246.3602057464012,
      "('random_removal', 'lp')": -321.14036640090416
    },
    "stuck": {
      "('random_removal', 'greedy')": 10.0,
      "('random_removal', 'random')": 5.0,
      "('partial_removal', 'random')": 5.0,
      "('random_removal', 'lp')": 0.38168505613373505,
      "('random_removal', 'regret2')": -22.61754788708017,
      "('partial_removal', 'greedy')": -222.53711210306184,
      "('partial_removal', 'lp')": -229.95964422790416,
      "('partial_removal', 'regret2')": -242.1365215366214
    },
    "deep_stuck": {
      "('random_removal', 'lp')": 35.0,
      "('partial_removal', 'lp')": 35.0,
      "('random_removal', 'regret2')": 12.0,
      "('partial_removal', 'regret2')": 12.0,
      "('random_removal', 'greedy')": 10.0,
      "('partial_removal', 'greedy')": 10.0,
      "('random_removal', 'random')": 5.0,
      "('partial_removal', 'random')": 5.0
    }
  },
  "experiment_timestamp": "2025-11-12 21:23:52"
}