{
  "scenario": "medium",
  "epsilon_strategy": "current",
  "epsilon_config": {
    "initial": 0.12,
    "decay": 0.995,
    "min": 0.01
  },
  "seed": 2033,
  "iterations": 44,
  "baseline_cost": 43220.30835771936,
  "optimised_cost": 27297.85570349441,
  "improvement_ratio": 0.3684021067698172,
  "runtime": 21549.642559051514,
  "final_epsilon": 0.09624912695661164,
  "q_values": {
    "explore": {
      "('random_removal', 'greedy')": 89.9633452400639,
      "('random_removal', 'regret2')": 86.46136494109075,
      "('random_removal', 'lp')": 66.06429618313727,
      "('partial_removal', 'regret2')": 12.0,
      "('random_removal', 'random')": 5.0,
      "('partial_removal', 'random')": 5.0,
      "('partial_removal', 'lp')": -201.46515496879346,
      "('partial_removal', 'greedy')": -245.7817724150794
    },
    "stuck": {
      "('random_removal', 'regret2')": 2.573124125255501,
      "('random_removal', 'greedy')": -38.334183519656705,
      "('random_removal', 'random')": -117.55389368995198,
      "('partial_removal', 'greedy')": -118.19525194556257,
      "('partial_removal', 'lp')": -315.43440693709607,
      "('partial_removal', 'regret2')": -328.46038859170807,
      "('partial_removal', 'random')": -335.81630958810706,
      "('random_removal', 'lp')": -379.80431729424805
    },
    "deep_stuck": {
      "('random_removal', 'lp')": 35.0,
      "('partial_removal', 'lp')": 35.0,
      "('random_removal', 'regret2')": 12.0,
      "('partial_removal', 'regret2')": 12.0,
      "('random_removal', 'greedy')": 10.0,
      "('partial_removal', 'greedy')": 10.0,
      "('random_removal', 'random')": 5.0,
      "('partial_removal', 'random')": 5.0
    }
  },
  "experiment_timestamp": "2025-11-13 19:15:07"
}