{
  "scenario": "small",
  "epsilon_strategy": "high_uniform",
  "epsilon_config": {
    "initial": 0.5,
    "decay": 0.995,
    "min": 0.05
  },
  "seed": 2028,
  "iterations": 40,
  "baseline_cost": 48349.40944584828,
  "optimised_cost": 32153.052902328338,
  "improvement_ratio": 0.3349856126300775,
  "runtime": 324.28270626068115,
  "final_epsilon": 0.40916006051133713,
  "q_values": {
    "explore": {
      "('random_removal', 'lp')": 158.8211042379345,
      "('partial_removal', 'lp')": 79.88932272060909,
      "('partial_removal', 'greedy')": 58.32498705071294,
      "('random_removal', 'regret2')": 56.70044996734045,
      "('random_removal', 'greedy')": 10.0,
      "('partial_removal', 'random')": 5.0,
      "('random_removal', 'random')": -6.462499999999999,
      "('partial_removal', 'regret2')": -335.6431178976101
    },
    "stuck": {
      "('partial_removal', 'random')": 5.0,
      "('random_removal', 'greedy')": -6.716755227231165,
      "('random_removal', 'random')": -24.981926522133282,
      "('partial_removal', 'lp')": -255.97596123109258,
      "('partial_removal', 'greedy')": -272.6222225724053,
      "('random_removal', 'lp')": -326.7414110184802,
      "('random_removal', 'regret2')": -329.23651768270287,
      "('partial_removal', 'regret2')": -569.6336810437776
    },
    "deep_stuck": {
      "('random_removal', 'regret2')": 12.0,
      "('partial_removal', 'regret2')": 12.0,
      "('random_removal', 'greedy')": 10.0,
      "('partial_removal', 'greedy')": 10.0,
      "('random_removal', 'random')": 5.0,
      "('partial_removal', 'random')": 5.0,
      "('random_removal', 'lp')": -273.1982552936309,
      "('partial_removal', 'lp')": -572.018545851132
    }
  },
  "experiment_timestamp": "2025-11-12 21:20:47"
}