{
  "scenario": "small",
  "epsilon_strategy": "scale_adaptive",
  "epsilon_config": {
    "initial": 0.5,
    "decay": 0.995,
    "min": 0.05
  },
  "seed": 2034,
  "iterations": 40,
  "baseline_cost": 48349.40944584828,
  "optimised_cost": 30067.300443916443,
  "improvement_ratio": 0.37812476329018957,
  "runtime": 160.534921169281,
  "final_epsilon": 0.40916006051133713,
  "q_values": {
    "explore": {
      "('random_removal', 'random')": -110.13823674879465,
      "('random_removal', 'greedy')": -117.85341231851218,
      "('random_removal', 'regret2')": -123.96763897078492,
      "('partial_removal', 'greedy')": -173.5683700572896,
      "('partial_removal', 'regret2')": -176.0110486571251,
      "('partial_removal', 'lp')": -176.65540759727043,
      "('random_removal', 'lp')": -177.39327304254593,
      "('partial_removal', 'random')": -195.77258741462114
    },
    "stuck": {
      "('partial_removal', 'greedy')": 19.935460875052016,
      "('random_removal', 'greedy')": 10.0,
      "('random_removal', 'random')": 5.0,
      "('partial_removal', 'random')": 5.0,
      "('random_removal', 'regret2')": -11.39810504473927,
      "('partial_removal', 'regret2')": -77.70157831936237,
      "('random_removal', 'lp')": -153.36346786200698,
      "('partial_removal', 'lp')": -404.97330094262543
    },
    "deep_stuck": {
      "('random_removal', 'lp')": 35.0,
      "('partial_removal', 'lp')": 35.0,
      "('random_removal', 'regret2')": 12.0,
      "('partial_removal', 'regret2')": 12.0,
      "('random_removal', 'greedy')": 10.0,
      "('partial_removal', 'greedy')": 10.0,
      "('random_removal', 'random')": 5.0,
      "('partial_removal', 'random')": 5.0
    }
  },
  "experiment_timestamp": "2025-11-12 21:30:16"
}