{
  "scenario": "large",
  "epsilon_strategy": "scale_adaptive",
  "epsilon_config": {
    "initial": 0.5,
    "decay": 0.995,
    "min": 0.05
  },
  "seed": 2032,
  "iterations": 44,
  "baseline_cost": 79344.53201872518,
  "optimised_cost": 69389.39859784837,
  "improvement_ratio": 0.12546716412074135,
  "runtime": 459.41384983062744,
  "final_epsilon": 0.40103802898588187,
  "q_values": {
    "explore": {
      "('partial_removal', 'regret2')": 337.1725720343198,
      "('partial_removal', 'greedy')": 140.55608117427235,
      "('random_removal', 'random')": 40.529910823835166,
      "('partial_removal', 'lp')": 40.13343259359797,
      "('random_removal', 'regret2')": 12.0,
      "('random_removal', 'greedy')": 10.0,
      "('partial_removal', 'random')": 5.0,
      "('random_removal', 'lp')": -83.5414424044107
    },
    "stuck": {
      "('partial_removal', 'regret2')": 26.02678722450308,
      "('partial_removal', 'lp')": 16.399246845589744,
      "('partial_removal', 'greedy')": 15.57028923407273,
      "('random_removal', 'greedy')": 10.0,
      "('random_removal', 'random')": 5.0,
      "('partial_removal', 'random')": -5.997250423841409,
      "('random_removal', 'regret2')": -59.10066461769887,
      "('random_removal', 'lp')": -115.7902589261341
    },
    "deep_stuck": {
      "('random_removal', 'regret2')": 12.0,
      "('partial_removal', 'regret2')": 12.0,
      "('random_removal', 'greedy')": 10.0,
      "('partial_removal', 'greedy')": 10.0,
      "('random_removal', 'random')": 5.0,
      "('partial_removal', 'random')": 5.0,
      "('partial_removal', 'lp')": -4.730102621794064,
      "('random_removal', 'lp')": -322.3839489712968
    }
  },
  "experiment_timestamp": "2025-11-13 03:10:42"
}