{
  "small": {
    "minimal": {
      "baseline_cost": 45355.96578547078,
      "optimised_cost": 41933.09839068583,
      "improvement_ratio": 0.07546675140762671
    },
    "matheuristic": {
      "baseline_cost": 48349.40944584828,
      "optimised_cost": 30023.412880998636,
      "improvement_ratio": 0.3790324799183929
    },
    "q_learning": {
      "baseline_cost": 48349.40944584828,
      "optimised_cost": 32723.83060769344,
      "improvement_ratio": 0.32318034526679407
    }
  },
  "medium": {
    "minimal": {
      "baseline_cost": 39317.523459731936,
      "optimised_cost": 34331.80864437675,
      "improvement_ratio": 0.1268064307372114
    },
    "matheuristic": {
      "baseline_cost": 35102.79961678669,
      "optimised_cost": 20112.88603484765,
      "improvement_ratio": 0.4270290046828811
    },
    "q_learning": {
      "baseline_cost": 35102.79961678669,
      "optimised_cost": 22038.79361254644,
      "improvement_ratio": 0.37216421900414015
    }
  },
  "large": {
    "minimal": {
      "baseline_cost": 60709.91270867346,
      "optimised_cost": 54829.696216143566,
      "improvement_ratio": 0.09685760084596205
    },
    "matheuristic": {
      "baseline_cost": 52400.91557396012,
      "optimised_cost": 35481.83463059535,
      "improvement_ratio": 0.3228775825392727
    },
    "q_learning": {
      "baseline_cost": 52400.91557396012,
      "optimised_cost": 38196.64207049893,
      "improvement_ratio": 0.27106918548804515
    }
  }
}