{
  "small": {
    "minimal": {
      "baseline_cost": 45355.96578547078,
      "optimised_cost": 41496.56175036174,
      "improvement_ratio": 0.08509143104489574
    },
    "matheuristic": {
      "baseline_cost": 48349.40944584828,
      "optimised_cost": 30983.736259387086,
      "improvement_ratio": 0.35917032670090593
    },
    "q_learning": {
      "baseline_cost": 48349.40944584828,
      "optimised_cost": 28946.726189650486,
      "improvement_ratio": 0.40130134945968576
    }
  },
  "medium": {
    "minimal": {
      "baseline_cost": 39317.523459731936,
      "optimised_cost": 35242.23330683278,
      "improvement_ratio": 0.10365073367535398
    },
    "matheuristic": {
      "baseline_cost": 35102.79961678669,
      "optimised_cost": 18144.332847178535,
      "improvement_ratio": 0.4831086681045907
    },
    "q_learning": {
      "baseline_cost": 35102.79961678669,
      "optimised_cost": 24692.784587605212,
      "improvement_ratio": 0.29655797095463715
    }
  },
  "large": {
    "minimal": {
      "baseline_cost": 60709.91270867346,
      "optimised_cost": 54939.60276999572,
      "improvement_ratio": 0.09504724486044848
    },
    "matheuristic": {
      "baseline_cost": 52400.91557396012,
      "optimised_cost": 33955.62154727087,
      "improvement_ratio": 0.3520032775124901
    },
    "q_learning": {
      "baseline_cost": 52400.91557396012,
      "optimised_cost": 33477.39785112177,
      "improvement_ratio": 0.3611295244665938
    }
  }
}