{
  "small": {
    "minimal": {
      "baseline_cost": 45355.96578547078,
      "optimised_cost": 41494.0628303703,
      "improvement_ratio": 0.08514652677371919
    },
    "matheuristic": {
      "baseline_cost": 48349.40944584828,
      "optimised_cost": 32046.917380556944,
      "improvement_ratio": 0.33718078984088223
    },
    "q_learning": {
      "baseline_cost": 48349.40944584828,
      "optimised_cost": 30901.042975913224,
      "improvement_ratio": 0.3608806533506343
    }
  },
  "medium": {
    "minimal": {
      "baseline_cost": 39317.523459731936,
      "optimised_cost": 35938.78965850026,
      "improvement_ratio": 0.0859345529402963
    },
    "matheuristic": {
      "baseline_cost": 35102.79961678669,
      "optimised_cost": 21175.227450236147,
      "improvement_ratio": 0.3967652813620645
    },
    "q_learning": {
      "baseline_cost": 35102.79961678669,
      "optimised_cost": 18618.377375398566,
      "improvement_ratio": 0.4696042031218793
    }
  },
  "large": {
    "minimal": {
      "baseline_cost": 60709.91270867346,
      "optimised_cost": 57228.06001307766,
      "improvement_ratio": 0.05735229289990987
    },
    "matheuristic": {
      "baseline_cost": 52400.91557396012,
      "optimised_cost": 50859.0979311196,
      "improvement_ratio": 0.02942348670729533
    },
    "q_learning": {
      "baseline_cost": 52400.91557396012,
      "optimised_cost": 38855.742099516276,
      "improvement_ratio": 0.2584911604326036
    }
  }
}