{
  "small": {
    "minimal": {
      "baseline_cost": 35791.98834297467,
      "optimised_cost": 33690.764268531915,
      "improvement_ratio": 0.05870654779801266
    },
    "matheuristic": {
      "baseline_cost": 35353.06872427369,
      "optimised_cost": 33505.71202655589,
      "improvement_ratio": 0.05225449343947301
    },
    "q_learning": {
      "baseline_cost": 35791.98834297467,
      "optimised_cost": 26821.38579572093,
      "improvement_ratio": 0.25063157881293036
    }
  },
  "medium": {
    "minimal": {
      "baseline_cost": 39317.523459731936,
      "optimised_cost": 37099.25939941936,
      "improvement_ratio": 0.0564192213831695
    },
    "matheuristic": {
      "baseline_cost": 35102.79961678669,
      "optimised_cost": 24448.00319546266,
      "improvement_ratio": 0.3035312435942785
    },
    "q_learning": {
      "baseline_cost": 39317.523459731936,
      "optimised_cost": 27709.4680724634,
      "improvement_ratio": 0.29523872222413056
    }
  },
  "large": {
    "minimal": {
      "baseline_cost": 60709.91270867346,
      "optimised_cost": 55034.429036512,
      "improvement_ratio": 0.09348528796930085
    },
    "matheuristic": {
      "baseline_cost": 52400.91557396012,
      "optimised_cost": 37550.07361614077,
      "improvement_ratio": 0.28340806253391615
    },
    "q_learning": {
      "baseline_cost": 60709.91270867346,
      "optimised_cost": 56508.73519326792,
      "improvement_ratio": 0.06920084921824184
    }
  }
}