{
  "small": {
    "minimal": {
      "baseline_cost": 45355.96578547078,
      "optimised_cost": 41612.48711232867,
      "improvement_ratio": 0.08253552996420334
    },
    "matheuristic": {
      "baseline_cost": 48349.40944584828,
      "optimised_cost": 25109.89697755583,
      "improvement_ratio": 0.48065762818304714
    },
    "q_learning": {
      "baseline_cost": 48349.40944584828,
      "optimised_cost": 27002.838615760975,
      "improvement_ratio": 0.44150634050650883
    }
  },
  "medium": {
    "minimal": {
      "baseline_cost": 39317.523459731936,
      "optimised_cost": 35433.129463527956,
      "improvement_ratio": 0.09879549001051105
    },
    "matheuristic": {
      "baseline_cost": 35102.79961678669,
      "optimised_cost": 21269.36068304436,
      "improvement_ratio": 0.39408363676858893
    },
    "q_learning": {
      "baseline_cost": 35102.79961678669,
      "optimised_cost": 22742.211570587184,
      "improvement_ratio": 0.352125419657083
    }
  },
  "large": {
    "minimal": {
      "baseline_cost": 60709.91270867346,
      "optimised_cost": 55889.471190061864,
      "improvement_ratio": 0.0794012263160924
    },
    "matheuristic": {
      "baseline_cost": 52400.91557396012,
      "optimised_cost": 33978.84323396474,
      "improvement_ratio": 0.351560123295822
    },
    "q_learning": {
      "baseline_cost": 52400.91557396012,
      "optimised_cost": 36495.79074968287,
      "improvement_ratio": 0.3035276130209655
    }
  }
}