{
  "small": {
    "minimal": {
      "baseline_cost": 35791.98834297467,
      "optimised_cost": 32263.472061810797,
      "improvement_ratio": 0.09858396933280343
    },
    "matheuristic": {
      "baseline_cost": 35353.06872427369,
      "optimised_cost": 14662.859226050912,
      "improvement_ratio": 0.5852450789941389
    },
    "q_learning": {
      "baseline_cost": 35791.98834297467,
      "optimised_cost": 13439.539722231635,
      "improvement_ratio": 0.6245098318247084
    }
  },
  "medium": {
    "minimal": {
      "baseline_cost": 39317.523459731936,
      "optimised_cost": 36648.89480816822,
      "improvement_ratio": 0.06787377272876467
    },
    "matheuristic": {
      "baseline_cost": 35102.79961678669,
      "optimised_cost": 18815.156995749574,
      "improvement_ratio": 0.46399839325773085
    },
    "q_learning": {
      "baseline_cost": 39317.523459731936,
      "optimised_cost": 27711.65734170778,
      "improvement_ratio": 0.2951830404555008
    }
  },
  "large": {
    "minimal": {
      "baseline_cost": 60709.91270867346,
      "optimised_cost": 56409.98706307864,
      "improvement_ratio": 0.07082740616394431
    },
    "matheuristic": {
      "baseline_cost": 52400.91557396012,
      "optimised_cost": 38227.263953999165,
      "improvement_ratio": 0.27048480860903784
    },
    "q_learning": {
      "baseline_cost": 60709.91270867346,
      "optimised_cost": 56508.73519326792,
      "improvement_ratio": 0.06920084921824184
    }
  }
}