{
  "small": {
    "minimal": {
      "baseline_cost": 45355.96578547078,
      "optimised_cost": 41343.46552090514,
      "improvement_ratio": 0.08846686858228009
    },
    "matheuristic": {
      "baseline_cost": 48349.40944584828,
      "optimised_cost": 34766.80920384858,
      "improvement_ratio": 0.28092587681370385
    },
    "q_learning": {
      "baseline_cost": 48349.40944584828,
      "optimised_cost": 39405.40335658099,
      "improvement_ratio": 0.18498687350637963
    }
  },
  "medium": {
    "minimal": {
      "baseline_cost": 39317.523459731936,
      "optimised_cost": 33977.130659969494,
      "improvement_ratio": 0.13582729352808662
    },
    "matheuristic": {
      "baseline_cost": 35102.79961678669,
      "optimised_cost": 22291.577546210465,
      "improvement_ratio": 0.3649629719120666
    },
    "q_learning": {
      "baseline_cost": 35102.79961678669,
      "optimised_cost": 22038.79361254644,
      "improvement_ratio": 0.37216421900414015
    }
  },
  "large": {
    "minimal": {
      "baseline_cost": 60709.91270867346,
      "optimised_cost": 57228.06001307766,
      "improvement_ratio": 0.05735229289990987
    },
    "matheuristic": {
      "baseline_cost": 52400.91557396012,
      "optimised_cost": 50127.18486522757,
      "improvement_ratio": 0.04339104925606384
    },
    "q_learning": {
      "baseline_cost": 52400.91557396012,
      "optimised_cost": 36966.13293602778,
      "improvement_ratio": 0.29455177393126375
    }
  }
}