{
  "small": {
    "minimal": {
      "baseline_cost": 45355.96578547078,
      "optimised_cost": 40221.222155692376,
      "improvement_ratio": 0.11320988409915532
    },
    "matheuristic": {
      "baseline_cost": 48349.40944584828,
      "optimised_cost": 32611.9731676022,
      "improvement_ratio": 0.32549386763187116
    },
    "q_learning": {
      "baseline_cost": 48349.40944584828,
      "optimised_cost": 25307.096696406068,
      "improvement_ratio": 0.4765789905924246
    }
  },
  "medium": {
    "minimal": {
      "baseline_cost": 39317.523459731936,
      "optimised_cost": 35868.756539694616,
      "improvement_ratio": 0.08771577191451198
    },
    "matheuristic": {
      "baseline_cost": 35102.79961678669,
      "optimised_cost": 22070.317172808453,
      "improvement_ratio": 0.37126618350252344
    },
    "q_learning": {
      "baseline_cost": 35102.79961678669,
      "optimised_cost": 18303.151095317677,
      "improvement_ratio": 0.47858429255982093
    }
  },
  "large": {
    "minimal": {
      "baseline_cost": 60709.91270867346,
      "optimised_cost": 56410.71549111569,
      "improvement_ratio": 0.07081540766148316
    },
    "matheuristic": {
      "baseline_cost": 52400.91557396012,
      "optimised_cost": 38634.26901216423,
      "improvement_ratio": 0.2627176722201592
    },
    "q_learning": {
      "baseline_cost": 52400.91557396012,
      "optimised_cost": 40505.94228129308,
      "improvement_ratio": 0.2269993408011763
    }
  }
}