{
  "small": {
    "minimal": {
      "baseline_cost": 35791.98834297467,
      "optimised_cost": 31751.3183551869,
      "improvement_ratio": 0.11289314103112354
    },
    "matheuristic": {
      "baseline_cost": 35353.06872427369,
      "optimised_cost": 32941.416817294,
      "improvement_ratio": 0.06821619717905375
    },
    "q_learning": {
      "baseline_cost": 35791.98834297467,
      "optimised_cost": 24215.637131579657,
      "improvement_ratio": 0.32343414678350063
    }
  },
  "medium": {
    "minimal": {
      "baseline_cost": 38842.80279140272,
      "optimised_cost": 38842.80279140272,
      "improvement_ratio": 0.0
    },
    "matheuristic": {
      "baseline_cost": 24698.02760650758,
      "optimised_cost": 24324.442455523436,
      "improvement_ratio": 0.01512611277856498
    },
    "q_learning": {
      "baseline_cost": 38842.80279140272,
      "optimised_cost": 38257.55341525214,
      "improvement_ratio": 0.015067125286852678
    }
  },
  "large": {
    "minimal": {
      "baseline_cost": 60709.91270867346,
      "optimised_cost": 59230.27276826628,
      "improvement_ratio": 0.024372295633292615
    },
    "matheuristic": {
      "baseline_cost": 52400.91557396012,
      "optimised_cost": 33600.05867342281,
      "improvement_ratio": 0.3587887099797188
    },
    "q_learning": {
      "baseline_cost": 60709.91270867346,
      "optimised_cost": 54340.95257522912,
      "improvement_ratio": 0.10490807595139928
    }
  }
}