{
  "small": {
    "minimal": {
      "baseline_cost": 45355.96578547078,
      "optimised_cost": 41640.571978713124,
      "improvement_ratio": 0.08191631999043075
    },
    "matheuristic": {
      "baseline_cost": 48349.40944584828,
      "optimised_cost": 37293.99737596104,
      "improvement_ratio": 0.22865661021711944
    },
    "q_learning": {
      "baseline_cost": 48349.40944584828,
      "optimised_cost": 32029.416075732286,
      "improvement_ratio": 0.33754276540635963
    }
  },
  "medium": {
    "minimal": {
      "baseline_cost": 39317.523459731936,
      "optimised_cost": 35942.81877273951,
      "improvement_ratio": 0.08583207664258699
    },
    "matheuristic": {
      "baseline_cost": 35102.79961678669,
      "optimised_cost": 22884.880659856964,
      "improvement_ratio": 0.3480610974142054
    },
    "q_learning": {
      "baseline_cost": 35102.79961678669,
      "optimised_cost": 16300.68735466195,
      "improvement_ratio": 0.5356299915501123
    }
  },
  "large": {
    "minimal": {
      "baseline_cost": 60709.91270867346,
      "optimised_cost": 55277.840382756796,
      "improvement_ratio": 0.08947587113134817
    },
    "matheuristic": {
      "baseline_cost": 52400.91557396012,
      "optimised_cost": 36721.84766847995,
      "improvement_ratio": 0.2992136250625295
    },
    "q_learning": {
      "baseline_cost": 52400.91557396012,
      "optimised_cost": 32327.26434440347,
      "improvement_ratio": 0.38307825368478793
    }
  }
}