{
  "small": {
    "minimal": {
      "baseline_cost": 35791.98834297467,
      "optimised_cost": 32263.472061810797,
      "improvement_ratio": 0.09858396933280343
    },
    "matheuristic": {
      "baseline_cost": 35353.06872427369,
      "optimised_cost": 32284.529583410305,
      "improvement_ratio": 0.08679696704112426
    },
    "q_learning": {
      "baseline_cost": 35791.98834297467,
      "optimised_cost": 24809.227126759673,
      "improvement_ratio": 0.30684970924144583
    }
  },
  "medium": {
    "minimal": {
      "baseline_cost": 38842.80279140272,
      "optimised_cost": 38041.587057052566,
      "improvement_ratio": 0.02062713493289651
    },
    "matheuristic": {
      "baseline_cost": 24698.02760650758,
      "optimised_cost": 24447.134456464708,
      "improvement_ratio": 0.010158428601673708
    },
    "q_learning": {
      "baseline_cost": 38842.80279140272,
      "optimised_cost": 38257.55341525214,
      "improvement_ratio": 0.015067125286852678
    }
  },
  "large": {
    "minimal": {
      "baseline_cost": 60709.91270867346,
      "optimised_cost": 56409.98706307864,
      "improvement_ratio": 0.07082740616394431
    },
    "matheuristic": {
      "baseline_cost": 52400.91557396012,
      "optimised_cost": 33600.05867342281,
      "improvement_ratio": 0.3587887099797188
    },
    "q_learning": {
      "baseline_cost": 60709.91270867346,
      "optimised_cost": 51611.43934437869,
      "improvement_ratio": 0.14986800274207765
    }
  }
}