{
  "layout": {
    "width": 100.0,
    "height": 80.0,
    "depot_position": "center",
    "depot_custom_xy": null,
    "num_tasks": 16,
    "zone_strategy": "left_right",
    "pickup_x_range": [
      0.15,
      0.45
    ],
    "pickup_y_range": [
      0.15,
      0.85
    ],
    "delivery_x_range": [
      0.55,
      0.85
    ],
    "delivery_y_range": [
      0.15,
      0.85
    ],
    "grid_noise_ratio": 0.05,
    "uniform_margin": 0.1,
    "demand_range": [
      10.0,
      40.0
    ],
    "demand_fixed": null,
    "service_time": 60.0,
    "time_window_mode": "none",
    "time_window_type": "soft",
    "tw_pickup_width": 120.0,
    "tw_delivery_gap": 30.0,
    "tw_stagger_interval": 45.0,
    "tw_horizon": 10000.0,
    "num_charging_stations": 2,
    "charging_placement": "perimeter",
    "charging_custom_coords": null,
    "seed": 1009
  },
  "episode_length_s": 28800.0,
  "scenarios": [
    {
      "scenario_id": 0,
      "probability": 1.0,
      "task_availability": {
        "1": 1,
        "2": 1,
        "3": 1,
        "4": 1,
        "5": 1,
        "6": 1,
        "7": 1,
        "8": 1,
        "9": 1,
        "10": 1,
        "11": 1,
        "12": 1,
        "13": 1,
        "14": 1,
        "15": 1,
        "16": 1
      },
      "task_release_times": {
        "1": 4117.350984742895,
        "2": 4902.788828788022,
        "3": 10889.927019946272,
        "4": 10925.049958722802,
        "5": 12171.447530894293,
        "6": 12479.431436383486,
        "7": 13572.57566735828,
        "8": 13954.37789856524,
        "9": 14052.478266830309,
        "10": 15078.446483925145,
        "11": 17060.09604095294,
        "12": 17158.55249202507,
        "13": 23588.260235638154,
        "14": 24917.60325577734,
        "15": 25838.444469477497,
        "16": 28517.73130621654
      },
      "node_time_windows": {
        "1": [
          4117.350984742895,
          5917.350984742895
        ],
        "17": [
          4200.935366205168,
          7800.935366205168
        ],
        "2": [
          4902.788828788022,
          6702.788828788022
        ],
        "18": [
          4984.6445294054365,
          8584.644529405436
        ],
        "3": [
          10889.927019946272,
          12689.927019946272
        ],
        "19": [
          10966.285433864297,
          14566.285433864297
        ],
        "4": [
          10925.049958722802,
          12725.049958722802
        ],
        "20": [
          11003.214031734284,
          14603.214031734284
        ],
        "5": [
          12171.447530894293,
          13971.447530894293
        ],
        "21": [
          12250.86689000627,
          15850.86689000627
        ],
        "6": [
          12479.431436383486,
          14279.431436383486
        ],
        "22": [
          12562.998689372464,
          16162.998689372464
        ],
        "7": [
          13572.57566735828,
          15372.57566735828
        ],
        "23": [
          13653.29930144807,
          17253.29930144807
        ],
        "8": [
          13954.37789856524,
          15754.37789856524
        ],
        "24": [
          14037.36746517959,
          17637.367465179588
        ],
        "9": [
          14052.478266830309,
          15852.478266830309
        ],
        "25": [
          14134.10811443345,
          17734.10811443345
        ],
        "10": [
          15078.446483925145,
          16878.446483925145
        ],
        "26": [
          15157.380548492874,
          18757.380548492874
        ],
        "11": [
          17060.09604095294,
          18860.09604095294
        ],
        "27": [
          17140.745197058,
          20740.745197058
        ],
        "12": [
          17158.55249202507,
          18958.55249202507
        ],
        "28": [
          17238.382479226333,
          20838.382479226333
        ],
        "13": [
          23588.260235638154,
          25388.260235638154
        ],
        "29": [
          23667.983945154097,
          27267.983945154097
        ],
        "14": [
          24917.60325577734,
          26717.60325577734
        ],
        "30": [
          25000.038384234693,
          28600.038384234693
        ],
        "15": [
          25838.444469477497,
          27638.444469477497
        ],
        "31": [
          25918.38579076388,
          29518.38579076388
        ],
        "16": [
          28517.73130621654,
          30317.73130621654
        ],
        "32": [
          28600.72823485201,
          32200.72823485201
        ]
      },
      "node_service_times": {
        "1": 60.0,
        "17": 60.0,
        "2": 60.0,
        "18": 60.0,
        "3": 60.0,
        "19": 60.0,
        "4": 60.0,
        "20": 60.0,
        "5": 60.0,
        "21": 60.0,
        "6": 60.0,
        "22": 60.0,
        "7": 60.0,
        "23": 60.0,
        "8": 60.0,
        "24": 60.0,
        "9": 60.0,
        "25": 60.0,
        "10": 60.0,
        "26": 60.0,
        "11": 60.0,
        "27": 60.0,
        "12": 60.0,
        "28": 60.0,
        "13": 60.0,
        "29": 60.0,
        "14": 60.0,
        "30": 60.0,
        "15": 60.0,
        "31": 60.0,
        "16": 60.0,
        "32": 60.0
      },
      "task_demands": {
        "1": 65.6662001384099,
        "2": 60.97379771906432,
        "3": 97.55366566108138,
        "4": 77.58367672281555,
        "5": 64.06408482128172,
        "6": 89.9963711020126,
        "7": 23.23390412932612,
        "8": 97.03362446789957,
        "9": 70.74944076111635,
        "10": 55.20551361373191,
        "11": 98.48182961420252,
        "12": 76.40863501252319,
        "13": 50.9766444815189,
        "14": 77.43686234313596,
        "15": 95.26183891740568,
        "16": 90.84845405881393
      },
      "arrival_time_shift_s": 0.0,
      "time_window_scale": 1.0,
      "priority_boost": 0,
      "queue_estimates_s": {
        "33": 0.0,
        "34": 0.0
      },
      "travel_time_factor": 1.0,
      "charging_availability": {
        "33": 1,
        "34": 1
      },
      "decision_epoch_times": [
        0.0,
        4117.350984742895,
        4902.788828788022,
        10889.927019946272,
        10925.049958722802,
        12171.447530894293,
        12479.431436383486,
        13572.57566735828,
        13954.37789856524,
        14052.478266830309,
        15078.446483925145,
        17060.09604095294,
        17158.55249202507,
        23588.260235638154,
        24917.60325577734,
        25838.444469477497,
        28517.73130621654
      ]
    }
  ],
  "metadata": {
    "scale": "S",
    "seed": 1009,
    "split": "test",
    "num_vehicles": 3,
    "num_charging_stations": 2,
    "num_tasks": 16,
    "warehouse_size_m": [
      100.0,
      80.0
    ],
    "arrival_rates_per_s": [
      0.003,
      0.001,
      0.0005
    ],
    "mode": "fixed_task_count"
  }
}