{
  "layout": {
    "width": 100.0,
    "height": 80.0,
    "depot_position": "center",
    "depot_custom_xy": null,
    "num_tasks": 15,
    "zone_strategy": "left_right",
    "pickup_x_range": [
      0.15,
      0.45
    ],
    "pickup_y_range": [
      0.15,
      0.85
    ],
    "delivery_x_range": [
      0.55,
      0.85
    ],
    "delivery_y_range": [
      0.15,
      0.85
    ],
    "grid_noise_ratio": 0.05,
    "uniform_margin": 0.1,
    "demand_range": [
      10.0,
      40.0
    ],
    "demand_fixed": null,
    "service_time": 60.0,
    "time_window_mode": "none",
    "time_window_type": "soft",
    "tw_pickup_width": 120.0,
    "tw_delivery_gap": 30.0,
    "tw_stagger_interval": 45.0,
    "tw_horizon": 10000.0,
    "num_charging_stations": 2,
    "charging_placement": "perimeter",
    "charging_custom_coords": null,
    "seed": 1001
  },
  "episode_length_s": 28800.0,
  "scenarios": [
    {
      "scenario_id": 0,
      "probability": 1.0,
      "task_availability": {
        "1": 1,
        "2": 1,
        "3": 1,
        "4": 1,
        "5": 1,
        "6": 1,
        "7": 1,
        "8": 1,
        "9": 1,
        "10": 1,
        "11": 1,
        "12": 1,
        "13": 1,
        "14": 1,
        "15": 1
      },
      "task_release_times": {
        "1": 1243.954403375923,
        "2": 7076.228781019443,
        "3": 8852.855550749591,
        "4": 9782.319085397417,
        "5": 13503.692699930783,
        "6": 15708.40772888223,
        "7": 16463.414719285483,
        "8": 17881.80348028244,
        "9": 18026.222069334683,
        "10": 18192.286606659953,
        "11": 18493.0398093686,
        "12": 21000.405328926474,
        "13": 24018.987231272116,
        "14": 25495.415969812624,
        "15": 26001.46928406939
      },
      "node_time_windows": {
        "1": [
          1243.954403375923,
          3043.954403375923
        ],
        "16": [
          1321.3717179928944,
          4921.371717992894
        ],
        "2": [
          7076.228781019443,
          8876.228781019443
        ],
        "17": [
          7152.849188965607,
          10752.849188965607
        ],
        "3": [
          8852.855550749591,
          10652.855550749591
        ],
        "18": [
          8934.490943605659,
          12534.490943605659
        ],
        "4": [
          9782.319085397417,
          11582.319085397417
        ],
        "19": [
          9859.285419649274,
          13459.285419649274
        ],
        "5": [
          13503.692699930783,
          15303.692699930783
        ],
        "20": [
          13586.187981887088,
          17186.187981887088
        ],
        "6": [
          15708.40772888223,
          17508.40772888223
        ],
        "21": [
          15786.43144063739,
          19386.43144063739
        ],
        "7": [
          16463.414719285483,
          18263.414719285483
        ],
        "22": [
          16544.216886198778,
          20144.216886198778
        ],
        "8": [
          17881.80348028244,
          19681.80348028244
        ],
        "23": [
          17962.771482364533,
          21562.771482364533
        ],
        "9": [
          18026.222069334683,
          19826.222069334683
        ],
        "24": [
          18104.33776696607,
          21704.33776696607
        ],
        "10": [
          18192.286606659953,
          19992.286606659953
        ],
        "25": [
          18270.31576118645,
          21870.31576118645
        ],
        "11": [
          18493.0398093686,
          20293.0398093686
        ],
        "26": [
          18573.99277658411,
          22173.99277658411
        ],
        "12": [
          21000.405328926474,
          22800.405328926474
        ],
        "27": [
          21080.919646602088,
          24680.919646602088
        ],
        "13": [
          24018.987231272116,
          25818.987231272116
        ],
        "28": [
          24100.65697541406,
          27700.65697541406
        ],
        "14": [
          25495.415969812624,
          27295.415969812624
        ],
        "29": [
          25572.487933324206,
          29172.487933324206
        ],
        "15": [
          26001.46928406939,
          27801.46928406939
        ],
        "30": [
          26083.507985886514,
          29683.507985886514
        ]
      },
      "node_service_times": {
        "1": 60.0,
        "16": 60.0,
        "2": 60.0,
        "17": 60.0,
        "3": 60.0,
        "18": 60.0,
        "4": 60.0,
        "19": 60.0,
        "5": 60.0,
        "20": 60.0,
        "6": 60.0,
        "21": 60.0,
        "7": 60.0,
        "22": 60.0,
        "8": 60.0,
        "23": 60.0,
        "9": 60.0,
        "24": 60.0,
        "10": 60.0,
        "25": 60.0,
        "11": 60.0,
        "26": 60.0,
        "12": 60.0,
        "27": 60.0,
        "13": 60.0,
        "28": 60.0,
        "14": 60.0,
        "29": 60.0,
        "15": 60.0,
        "30": 60.0
      },
      "task_demands": {
        "1": 80.28075631694543,
        "2": 78.19368651904324,
        "3": 63.637405643073016,
        "4": 34.48584461032298,
        "5": 81.1499647060459,
        "6": 79.5027225358123,
        "7": 56.13099160799034,
        "8": 97.5582074565232,
        "9": 125.72793110007413,
        "10": 35.316263935997924,
        "11": 54.61770390549813,
        "12": 48.04081812847488,
        "13": 99.60073760049666,
        "14": 44.772235249431986,
        "15": 66.90434800931097
      },
      "arrival_time_shift_s": 0.0,
      "time_window_scale": 1.0,
      "priority_boost": 0,
      "queue_estimates_s": {
        "31": 0.0,
        "32": 0.0
      },
      "travel_time_factor": 1.0,
      "charging_availability": {
        "31": 1,
        "32": 1
      },
      "decision_epoch_times": [
        0.0,
        1243.954403375923,
        7076.228781019443,
        8852.855550749591,
        9782.319085397417,
        13503.692699930783,
        15708.40772888223,
        16463.414719285483,
        17881.80348028244,
        18026.222069334683,
        18192.286606659953,
        18493.0398093686,
        21000.405328926474,
        24018.987231272116,
        25495.415969812624,
        26001.46928406939
      ]
    }
  ],
  "metadata": {
    "scale": "S",
    "seed": 1001,
    "split": "train",
    "num_vehicles": 3,
    "num_charging_stations": 2,
    "num_tasks": 15,
    "warehouse_size_m": [
      100.0,
      80.0
    ],
    "arrival_rates_per_s": [
      0.003,
      0.001,
      0.0005
    ],
    "mode": "fixed_task_count"
  }
}