{
  "layout": {
    "width": 100.0,
    "height": 80.0,
    "depot_position": "center",
    "depot_custom_xy": null,
    "num_tasks": 18,
    "zone_strategy": "left_right",
    "pickup_x_range": [
      0.15,
      0.45
    ],
    "pickup_y_range": [
      0.15,
      0.85
    ],
    "delivery_x_range": [
      0.55,
      0.85
    ],
    "delivery_y_range": [
      0.15,
      0.85
    ],
    "grid_noise_ratio": 0.05,
    "uniform_margin": 0.1,
    "demand_range": [
      10.0,
      40.0
    ],
    "demand_fixed": null,
    "service_time": 60.0,
    "time_window_mode": "none",
    "time_window_type": "soft",
    "tw_pickup_width": 120.0,
    "tw_delivery_gap": 30.0,
    "tw_stagger_interval": 45.0,
    "tw_horizon": 10000.0,
    "num_charging_stations": 2,
    "charging_placement": "perimeter",
    "charging_custom_coords": null,
    "seed": 1005
  },
  "episode_length_s": 28800.0,
  "scenarios": [
    {
      "scenario_id": 0,
      "probability": 1.0,
      "task_availability": {
        "1": 1,
        "2": 1,
        "3": 1,
        "4": 1,
        "5": 1,
        "6": 1,
        "7": 1,
        "8": 1,
        "9": 1,
        "10": 1,
        "11": 1,
        "12": 1,
        "13": 1,
        "14": 1,
        "15": 1,
        "16": 1,
        "17": 1,
        "18": 1
      },
      "task_release_times": {
        "1": 8142.011399506753,
        "2": 10512.578363299417,
        "3": 12233.302146376342,
        "4": 12432.811950364223,
        "5": 13020.115467062216,
        "6": 13375.331280993683,
        "7": 14145.348086681981,
        "8": 15305.269352803152,
        "9": 15348.341880333293,
        "10": 15981.154869004054,
        "11": 16452.25738715887,
        "12": 17705.57970268768,
        "13": 18531.539059376584,
        "14": 20378.592101019494,
        "15": 21428.61779357643,
        "16": 21751.439508802567,
        "17": 24399.839619194667,
        "18": 27589.78798998522
      },
      "node_time_windows": {
        "1": [
          8142.011399506753,
          9942.011399506753
        ],
        "19": [
          8222.010968893794,
          11822.010968893794
        ],
        "2": [
          10512.578363299417,
          12312.578363299417
        ],
        "20": [
          10593.983497149991,
          14193.983497149991
        ],
        "3": [
          12233.302146376342,
          14033.302146376342
        ],
        "21": [
          12315.420253288205,
          15915.420253288205
        ],
        "4": [
          12432.811950364223,
          14232.811950364223
        ],
        "22": [
          12511.117791633156,
          16111.117791633156
        ],
        "5": [
          13020.115467062216,
          14820.115467062216
        ],
        "23": [
          13099.133246711453,
          16699.133246711455
        ],
        "6": [
          13375.331280993683,
          15175.331280993683
        ],
        "24": [
          13457.934618242552,
          17057.93461824255
        ],
        "7": [
          14145.348086681981,
          15945.348086681981
        ],
        "25": [
          14225.93583145658,
          17825.93583145658
        ],
        "8": [
          15305.269352803152,
          17105.269352803152
        ],
        "26": [
          15386.68010582073,
          18986.680105820727
        ],
        "9": [
          15348.341880333293,
          17148.341880333293
        ],
        "27": [
          15425.254987543663,
          19025.254987543663
        ],
        "10": [
          15981.154869004054,
          17781.154869004054
        ],
        "28": [
          16062.98450506273,
          19662.98450506273
        ],
        "11": [
          16452.25738715887,
          18252.25738715887
        ],
        "29": [
          16531.412367141857,
          20131.412367141857
        ],
        "12": [
          17705.57970268768,
          19505.57970268768
        ],
        "30": [
          17787.757574547206,
          21387.757574547206
        ],
        "13": [
          18531.539059376584,
          20331.539059376584
        ],
        "31": [
          18609.518888262905,
          22209.518888262905
        ],
        "14": [
          20378.592101019494,
          22178.592101019494
        ],
        "32": [
          20458.06076041172,
          24058.06076041172
        ],
        "15": [
          21428.61779357643,
          23228.61779357643
        ],
        "33": [
          21506.928695996092,
          25106.928695996092
        ],
        "16": [
          21751.439508802567,
          23551.439508802567
        ],
        "34": [
          21832.508376589078,
          25432.508376589078
        ],
        "17": [
          24399.839619194667,
          26199.839619194667
        ],
        "35": [
          24476.75976380444,
          28076.75976380444
        ],
        "18": [
          27589.78798998522,
          29389.78798998522
        ],
        "36": [
          27669.705696544617,
          31269.705696544617
        ]
      },
      "node_service_times": {
        "1": 60.0,
        "19": 60.0,
        "2": 60.0,
        "20": 60.0,
        "3": 60.0,
        "21": 60.0,
        "4": 60.0,
        "22": 60.0,
        "5": 60.0,
        "23": 60.0,
        "6": 60.0,
        "24": 60.0,
        "7": 60.0,
        "25": 60.0,
        "8": 60.0,
        "26": 60.0,
        "9": 60.0,
        "27": 60.0,
        "10": 60.0,
        "28": 60.0,
        "11": 60.0,
        "29": 60.0,
        "12": 60.0,
        "30": 60.0,
        "13": 60.0,
        "31": 60.0,
        "14": 60.0,
        "32": 60.0,
        "15": 60.0,
        "33": 60.0,
        "16": 60.0,
        "34": 60.0,
        "17": 60.0,
        "35": 60.0,
        "18": 60.0,
        "36": 60.0
      },
      "task_demands": {
        "1": 65.24341968397157,
        "2": 80.49155486703587,
        "3": 96.32909971184809,
        "4": 81.28288023794545,
        "5": 93.80955494554507,
        "6": 55.220365579371546,
        "7": 77.10587819100809,
        "8": 82.56082656136807,
        "9": 76.58850971613214,
        "10": 36.29575331301704,
        "11": 41.14290369969373,
        "12": 73.46160966805733,
        "13": 65.88146864866845,
        "14": 62.78310581399479,
        "15": 72.74069213088987,
        "16": 113.92366984823252,
        "17": 71.30947948641904,
        "18": 108.84140775151502
      },
      "arrival_time_shift_s": 0.0,
      "time_window_scale": 1.0,
      "priority_boost": 0,
      "queue_estimates_s": {
        "37": 0.0,
        "38": 0.0
      },
      "travel_time_factor": 1.0,
      "charging_availability": {
        "37": 1,
        "38": 1
      },
      "decision_epoch_times": [
        0.0,
        8142.011399506753,
        10512.578363299417,
        12233.302146376342,
        12432.811950364223,
        13020.115467062216,
        13375.331280993683,
        14145.348086681981,
        15305.269352803152,
        15348.341880333293,
        15981.154869004054,
        16452.25738715887,
        17705.57970268768,
        18531.539059376584,
        20378.592101019494,
        21428.61779357643,
        21751.439508802567,
        24399.839619194667,
        27589.78798998522
      ]
    }
  ],
  "metadata": {
    "scale": "S",
    "seed": 1005,
    "split": "train",
    "num_vehicles": 3,
    "num_charging_stations": 2,
    "num_tasks": 18,
    "warehouse_size_m": [
      100.0,
      80.0
    ],
    "arrival_rates_per_s": [
      0.003,
      0.001,
      0.0005
    ],
    "mode": "fixed_task_count"
  }
}