{
  "layout": {
    "width": 100.0,
    "height": 80.0,
    "depot_position": "center",
    "depot_custom_xy": null,
    "num_tasks": 19,
    "zone_strategy": "left_right",
    "pickup_x_range": [
      0.15,
      0.45
    ],
    "pickup_y_range": [
      0.15,
      0.85
    ],
    "delivery_x_range": [
      0.55,
      0.85
    ],
    "delivery_y_range": [
      0.15,
      0.85
    ],
    "grid_noise_ratio": 0.05,
    "uniform_margin": 0.1,
    "demand_range": [
      10.0,
      40.0
    ],
    "demand_fixed": null,
    "service_time": 60.0,
    "time_window_mode": "none",
    "time_window_type": "soft",
    "tw_pickup_width": 120.0,
    "tw_delivery_gap": 30.0,
    "tw_stagger_interval": 45.0,
    "tw_horizon": 10000.0,
    "num_charging_stations": 2,
    "charging_placement": "perimeter",
    "charging_custom_coords": null,
    "seed": 1008
  },
  "episode_length_s": 28800.0,
  "scenarios": [
    {
      "scenario_id": 0,
      "probability": 1.0,
      "task_availability": {
        "1": 1,
        "2": 1,
        "3": 1,
        "4": 1,
        "5": 1,
        "6": 1,
        "7": 1,
        "8": 1,
        "9": 1,
        "10": 1,
        "11": 1,
        "12": 1,
        "13": 1,
        "14": 1,
        "15": 1,
        "16": 1,
        "17": 1,
        "18": 1,
        "19": 1
      },
      "task_release_times": {
        "1": 2149.5782641644546,
        "2": 6333.1249849730575,
        "3": 8644.492158451169,
        "4": 10593.523334631607,
        "5": 11987.092200571986,
        "6": 12875.543315913174,
        "7": 12958.5705834,
        "8": 13813.970641295455,
        "9": 13917.061207286191,
        "10": 13992.109306090933,
        "11": 15013.633870348871,
        "12": 16057.90696698735,
        "13": 17920.807749932508,
        "14": 18338.09955348378,
        "15": 20616.8474281099,
        "16": 21408.125705431634,
        "17": 21408.14311804799,
        "18": 23420.43767171839,
        "19": 27161.338598978735
      },
      "node_time_windows": {
        "1": [
          2149.5782641644546,
          3949.5782641644546
        ],
        "20": [
          2229.9784906031014,
          5829.978490603102
        ],
        "2": [
          6333.1249849730575,
          8133.1249849730575
        ],
        "21": [
          6413.222439276656,
          10013.222439276655
        ],
        "3": [
          8644.492158451169,
          10444.492158451169
        ],
        "22": [
          8721.077341795408,
          12321.077341795408
        ],
        "4": [
          10593.523334631607,
          12393.523334631607
        ],
        "23": [
          10670.56447464217,
          14270.56447464217
        ],
        "5": [
          11987.092200571986,
          13787.092200571986
        ],
        "24": [
          12064.332611884145,
          15664.332611884145
        ],
        "6": [
          12875.543315913174,
          14675.543315913174
        ],
        "25": [
          12957.412138333173,
          16557.412138333173
        ],
        "7": [
          12958.5705834,
          14758.5705834
        ],
        "26": [
          13041.206737030558,
          16641.20673703056
        ],
        "8": [
          13813.970641295455,
          15613.970641295455
        ],
        "27": [
          13896.869082475354,
          17496.869082475354
        ],
        "9": [
          13917.061207286191,
          15717.061207286191
        ],
        "28": [
          13997.052597226233,
          17597.052597226233
        ],
        "10": [
          13992.109306090933,
          15792.109306090933
        ],
        "29": [
          14072.716401010779,
          17672.71640101078
        ],
        "11": [
          15013.633870348871,
          16813.633870348873
        ],
        "30": [
          15092.764239085069,
          18692.764239085067
        ],
        "12": [
          16057.90696698735,
          17857.90696698735
        ],
        "31": [
          16135.838162304652,
          19735.83816230465
        ],
        "13": [
          17920.807749932508,
          19720.807749932508
        ],
        "32": [
          18001.07774191654,
          21601.07774191654
        ],
        "14": [
          18338.09955348378,
          20138.09955348378
        ],
        "33": [
          18419.55336052129,
          22019.55336052129
        ],
        "15": [
          20616.8474281099,
          22416.8474281099
        ],
        "34": [
          20695.522078807975,
          24295.522078807975
        ],
        "16": [
          21408.125705431634,
          23208.125705431634
        ],
        "35": [
          21488.086509104534,
          25088.086509104534
        ],
        "17": [
          21408.14311804799,
          23208.14311804799
        ],
        "36": [
          21486.069731133586,
          25086.069731133586
        ],
        "18": [
          23420.43767171839,
          25220.43767171839
        ],
        "37": [
          23501.096747863357,
          27101.096747863357
        ],
        "19": [
          27161.338598978735,
          28961.338598978735
        ],
        "38": [
          27238.8850623858,
          30838.8850623858
        ]
      },
      "node_service_times": {
        "1": 60.0,
        "20": 60.0,
        "2": 60.0,
        "21": 60.0,
        "3": 60.0,
        "22": 60.0,
        "4": 60.0,
        "23": 60.0,
        "5": 60.0,
        "24": 60.0,
        "6": 60.0,
        "25": 60.0,
        "7": 60.0,
        "26": 60.0,
        "8": 60.0,
        "27": 60.0,
        "9": 60.0,
        "28": 60.0,
        "10": 60.0,
        "29": 60.0,
        "11": 60.0,
        "30": 60.0,
        "12": 60.0,
        "31": 60.0,
        "13": 60.0,
        "32": 60.0,
        "14": 60.0,
        "33": 60.0,
        "15": 60.0,
        "34": 60.0,
        "16": 60.0,
        "35": 60.0,
        "17": 60.0,
        "36": 60.0,
        "18": 60.0,
        "37": 60.0,
        "19": 60.0,
        "38": 60.0
      },
      "task_demands": {
        "1": 70.20419789466125,
        "2": 77.34874844081101,
        "3": 51.09723278687734,
        "4": 74.98619936689525,
        "5": 91.6081770298977,
        "6": 72.89932408735986,
        "7": 104.91479645180057,
        "8": 88.74571752834008,
        "9": 92.03152292779617,
        "10": 44.209010081101866,
        "11": 52.4097147082731,
        "12": 82.64876275582232,
        "13": 103.65900579824655,
        "14": 85.57882525831148,
        "15": 91.08268228457462,
        "16": 69.9957927984901,
        "17": 82.24295971059536,
        "18": 78.04017782940348,
        "19": 68.29841129445725
      },
      "arrival_time_shift_s": 0.0,
      "time_window_scale": 1.0,
      "priority_boost": 0,
      "queue_estimates_s": {
        "39": 0.0,
        "40": 0.0
      },
      "travel_time_factor": 1.0,
      "charging_availability": {
        "39": 1,
        "40": 1
      },
      "decision_epoch_times": [
        0.0,
        2149.5782641644546,
        6333.1249849730575,
        8644.492158451169,
        10593.523334631607,
        11987.092200571986,
        12875.543315913174,
        12958.5705834,
        13813.970641295455,
        13917.061207286191,
        13992.109306090933,
        15013.633870348871,
        16057.90696698735,
        17920.807749932508,
        18338.09955348378,
        20616.8474281099,
        21408.125705431634,
        21408.14311804799,
        23420.43767171839,
        27161.338598978735
      ]
    }
  ],
  "metadata": {
    "scale": "S",
    "seed": 1008,
    "split": "test",
    "num_vehicles": 3,
    "num_charging_stations": 2,
    "num_tasks": 19,
    "warehouse_size_m": [
      100.0,
      80.0
    ],
    "arrival_rates_per_s": [
      0.003,
      0.001,
      0.0005
    ],
    "mode": "fixed_task_count"
  }
}