{
  "layout": {
    "width": 100.0,
    "height": 80.0,
    "depot_position": "center",
    "depot_custom_xy": null,
    "num_tasks": 19,
    "zone_strategy": "left_right",
    "pickup_x_range": [
      0.15,
      0.45
    ],
    "pickup_y_range": [
      0.15,
      0.85
    ],
    "delivery_x_range": [
      0.55,
      0.85
    ],
    "delivery_y_range": [
      0.15,
      0.85
    ],
    "grid_noise_ratio": 0.05,
    "uniform_margin": 0.1,
    "demand_range": [
      10.0,
      40.0
    ],
    "demand_fixed": null,
    "service_time": 60.0,
    "time_window_mode": "none",
    "time_window_type": "soft",
    "tw_pickup_width": 120.0,
    "tw_delivery_gap": 30.0,
    "tw_stagger_interval": 45.0,
    "tw_horizon": 10000.0,
    "num_charging_stations": 2,
    "charging_placement": "perimeter",
    "charging_custom_coords": null,
    "seed": 1008
  },
  "episode_length_s": 28800.0,
  "scenarios": [
    {
      "scenario_id": 0,
      "probability": 1.0,
      "task_availability": {
        "1": 1,
        "2": 1,
        "3": 1,
        "4": 1,
        "5": 1,
        "6": 1,
        "7": 1,
        "8": 1,
        "9": 1,
        "10": 1,
        "11": 1,
        "12": 1,
        "13": 1,
        "14": 1,
        "15": 1,
        "16": 1,
        "17": 1,
        "18": 1,
        "19": 1
      },
      "task_release_times": {
        "1": 993.5233346316064,
        "2": 2149.5782641644546,
        "3": 2387.092200571986,
        "4": 3275.543315913173,
        "5": 3358.5705833999996,
        "6": 4213.970641295456,
        "7": 4317.061207286192,
        "8": 4392.109306090934,
        "9": 5413.633870348871,
        "10": 6333.1249849730575,
        "11": 6457.906966987351,
        "12": 8644.492158451169,
        "13": 8738.099553483777,
        "14": 11808.125705431634,
        "15": 13820.43767171839,
        "16": 17561.338598978735,
        "17": 17920.807749932508,
        "18": 20616.8474281099,
        "19": 21408.14311804799
      },
      "node_time_windows": {
        "1": [
          993.5233346316064,
          2793.5233346316063
        ],
        "20": [
          1013.9235610702531,
          4613.923561070253
        ],
        "2": [
          2149.5782641644546,
          3949.5782641644546
        ],
        "21": [
          2169.6757184680528,
          5769.675718468053
        ],
        "3": [
          2387.092200571986,
          4187.092200571986
        ],
        "22": [
          2403.6773839162247,
          6003.677383916225
        ],
        "4": [
          3275.543315913173,
          5075.5433159131735
        ],
        "23": [
          3292.584455923735,
          6892.584455923735
        ],
        "5": [
          3358.5705833999996,
          5158.5705834
        ],
        "24": [
          3375.810994712158,
          6975.8109947121575
        ],
        "6": [
          4213.970641295456,
          6013.970641295456
        ],
        "25": [
          4235.839463715455,
          7835.839463715455
        ],
        "7": [
          4317.061207286192,
          6117.061207286192
        ],
        "26": [
          4339.697360916751,
          7939.697360916751
        ],
        "8": [
          4392.109306090934,
          6192.109306090934
        ],
        "27": [
          4415.007747270834,
          8015.007747270834
        ],
        "9": [
          5413.633870348871,
          7213.633870348871
        ],
        "28": [
          5433.6252602889135,
          9033.625260288914
        ],
        "10": [
          6333.1249849730575,
          8133.1249849730575
        ],
        "29": [
          6353.732079892903,
          9953.732079892903
        ],
        "11": [
          6457.906966987351,
          8257.90696698735
        ],
        "30": [
          6477.037335723548,
          10077.037335723548
        ],
        "12": [
          8644.492158451169,
          10444.492158451169
        ],
        "31": [
          8662.42335376847,
          12262.42335376847
        ],
        "13": [
          8738.099553483777,
          10538.099553483777
        ],
        "32": [
          8758.369545467805,
          12358.369545467805
        ],
        "14": [
          11808.125705431634,
          13608.125705431634
        ],
        "33": [
          11829.579512469149,
          15429.579512469149
        ],
        "15": [
          13820.43767171839,
          15620.43767171839
        ],
        "34": [
          13839.112322416464,
          17439.112322416462
        ],
        "16": [
          17561.338598978735,
          19361.338598978735
        ],
        "35": [
          17581.299402651635,
          21181.299402651635
        ],
        "17": [
          17920.807749932508,
          19720.807749932508
        ],
        "36": [
          17938.734363018106,
          21538.734363018106
        ],
        "18": [
          20616.8474281099,
          22416.8474281099
        ],
        "37": [
          20637.506504254867,
          24237.506504254867
        ],
        "19": [
          21408.14311804799,
          23208.14311804799
        ],
        "38": [
          21425.689581455055,
          25025.689581455055
        ]
      },
      "node_service_times": {
        "1": 60.0,
        "20": 60.0,
        "2": 60.0,
        "21": 60.0,
        "3": 60.0,
        "22": 60.0,
        "4": 60.0,
        "23": 60.0,
        "5": 60.0,
        "24": 60.0,
        "6": 60.0,
        "25": 60.0,
        "7": 60.0,
        "26": 60.0,
        "8": 60.0,
        "27": 60.0,
        "9": 60.0,
        "28": 60.0,
        "10": 60.0,
        "29": 60.0,
        "11": 60.0,
        "30": 60.0,
        "12": 60.0,
        "31": 60.0,
        "13": 60.0,
        "32": 60.0,
        "14": 60.0,
        "33": 60.0,
        "15": 60.0,
        "34": 60.0,
        "16": 60.0,
        "35": 60.0,
        "17": 60.0,
        "36": 60.0,
        "18": 60.0,
        "37": 60.0,
        "19": 60.0,
        "38": 60.0
      },
      "task_demands": {
        "1": 70.20419789466125,
        "2": 77.34874844081101,
        "3": 51.09723278687734,
        "4": 74.98619936689525,
        "5": 91.6081770298977,
        "6": 72.89932408735986,
        "7": 104.91479645180057,
        "8": 88.74571752834008,
        "9": 92.03152292779617,
        "10": 44.209010081101866,
        "11": 52.4097147082731,
        "12": 82.64876275582232,
        "13": 103.65900579824655,
        "14": 85.57882525831148,
        "15": 91.08268228457462,
        "16": 69.9957927984901,
        "17": 82.24295971059536,
        "18": 78.04017782940348,
        "19": 68.29841129445725
      },
      "arrival_time_shift_s": 0.0,
      "time_window_scale": 1.0,
      "priority_boost": 0,
      "queue_estimates_s": {
        "39": 0.0,
        "40": 0.0
      },
      "travel_time_factor": 1.0,
      "charging_availability": {
        "39": 1,
        "40": 1
      },
      "decision_epoch_times": [
        0.0,
        993.5233346316064,
        2149.5782641644546,
        2387.092200571986,
        3275.543315913173,
        3358.5705833999996,
        4213.970641295456,
        4317.061207286192,
        4392.109306090934,
        5413.633870348871,
        6333.1249849730575,
        6457.906966987351,
        8644.492158451169,
        8738.099553483777,
        11808.125705431634,
        13820.43767171839,
        17561.338598978735,
        17920.807749932508,
        20616.8474281099,
        21408.14311804799
      ]
    }
  ],
  "metadata": {
    "scale": "S",
    "seed": 1008,
    "split": "test",
    "num_vehicles": 3,
    "num_charging_stations": 2,
    "num_tasks": 19,
    "warehouse_size_m": [
      100.0,
      80.0
    ],
    "arrival_rates_per_s": [
      0.003,
      0.001,
      0.0005
    ],
    "mode": "fixed_task_count",
    "arrival_time_sampling_mode": "fixed_count",
    "arrival_count_semantics": "conditional_on_N_tasks",
    "demand_model": "truncnorm",