{
  "layout": {
    "width": 100.0,
    "height": 80.0,
    "depot_position": "center",
    "depot_custom_xy": null,
    "num_tasks": 20,
    "zone_strategy": "left_right",
    "pickup_x_range": [
      0.15,
      0.45
    ],
    "pickup_y_range": [
      0.15,
      0.85
    ],
    "delivery_x_range": [
      0.55,
      0.85
    ],
    "delivery_y_range": [
      0.15,
      0.85
    ],
    "grid_noise_ratio": 0.05,
    "uniform_margin": 0.1,
    "demand_range": [
      10.0,
      40.0
    ],
    "demand_fixed": null,
    "service_time": 60.0,
    "time_window_mode": "none",
    "time_window_type": "soft",
    "tw_pickup_width": 120.0,
    "tw_delivery_gap": 30.0,
    "tw_stagger_interval": 45.0,
    "tw_horizon": 10000.0,
    "num_charging_stations": 2,
    "charging_placement": "perimeter",
    "charging_custom_coords": null,
    "seed": 1010
  },
  "episode_length_s": 28800.0,
  "scenarios": [
    {
      "scenario_id": 0,
      "probability": 1.0,
      "task_availability": {
        "1": 1,
        "2": 1,
        "3": 1,
        "4": 1,
        "5": 1,
        "6": 1,
        "7": 1,
        "8": 1,
        "9": 1,
        "10": 1,
        "11": 1,
        "12": 1,
        "13": 1,
        "14": 1,
        "15": 1,
        "16": 1,
        "17": 1,
        "18": 1,
        "19": 1,
        "20": 1
      },
      "task_release_times": {
        "1": 161.12651524597192,
        "2": 1423.3487708993287,
        "3": 1831.5849055920164,
        "4": 4160.142882378825,
        "5": 4851.246785763818,
        "6": 5196.701077317521,
        "7": 5461.273640264313,
        "8": 5801.393992492772,
        "9": 6786.818646887395,
        "10": 8236.90628742634,
        "11": 8732.28136345624,
        "12": 8892.06996214908,
        "13": 9585.899947905016,
        "14": 9589.877979092951,
        "15": 9869.516305669564,
        "16": 12340.313583366333,
        "17": 14900.186115048627,
        "18": 16647.809388072754,
        "19": 17157.94106729506,
        "20": 25922.301847815703
      },
      "node_time_windows": {
        "1": [
          161.12651524597192,
          1961.1265152459719
        ],
        "21": [
          178.034887639313,
          3778.034887639313
        ],
        "2": [
          1423.3487708993287,
          3223.348770899329
        ],
        "22": [
          1443.2559871623666,
          5043.255987162367
        ],
        "3": [
          1831.5849055920164,
          3631.584905592016
        ],
        "23": [
          1852.8756955451574,
          5452.875695545157
        ],
        "4": [
          4160.142882378825,
          5960.142882378825
        ],
        "24": [
          4179.166457877621,
          7779.166457877621
        ],
        "5": [
          4851.246785763818,
          6651.246785763818
        ],
        "25": [
          4871.437199306164,
          8471.437199306165
        ],
        "6": [
          5196.701077317521,
          6996.701077317521
        ],
        "26": [
          5218.980822697831,
          8818.980822697831
        ],
        "7": [
          5461.273640264313,
          7261.273640264313
        ],
        "27": [
          5478.763068168902,
          9078.7630681689
        ],
        "8": [
          5801.393992492772,
          7601.393992492772
        ],
        "28": [
          5820.8989781382425,
          9420.898978138242
        ],
        "9": [
          6786.818646887395,
          8586.818646887394
        ],
        "29": [
          6806.143634743177,
          10406.143634743177
        ],
        "10": [
          8236.90628742634,
          10036.90628742634
        ],
        "30": [
          8260.81694706807,
          11860.81694706807
        ],
        "11": [
          8732.28136345624,
          10532.28136345624
        ],
        "31": [
          8749.672179139683,
          12349.672179139683
        ],
        "12": [
          8892.06996214908,
          10692.06996214908
        ],
        "32": [
          8911.643858513416,
          12511.643858513416
        ],
        "13": [
          9585.899947905016,
          11385.899947905016
        ],
        "33": [
          9607.706297181601,
          13207.706297181601
        ],
        "14": [
          9589.877979092951,
          11389.877979092951
        ],
        "34": [
          9609.045813600907,
          13209.045813600907
        ],
        "15": [
          9869.516305669564,
          11669.516305669564
        ],
        "35": [
          9884.794995637363,
          13484.794995637363
        ],
        "16": [
          12340.313583366333,
          14140.313583366333
        ],
        "36": [
          12361.78655900755,
          15961.78655900755
        ],
        "17": [
          14900.186115048627,
          16700.18611504863
        ],
        "37": [
          14921.238669912489,
          18521.23866991249
        ],
        "18": [
          16647.809388072754,
          18447.809388072754
        ],
        "38": [
          16667.44156108299,
          20267.44156108299
        ],
        "19": [
          17157.94106729506,
          18957.94106729506
        ],
        "39": [
          17177.807765916255,
          20777.807765916255
        ],
        "20": [
          25922.301847815703,
          27722.301847815703
        ],
        "40": [
          25939.787989185646,
          29539.787989185646
        ]
      },
      "node_service_times": {
        "1": 60.0,
        "21": 60.0,
        "2": 60.0,
        "22": 60.0,
        "3": 60.0,
        "23": 60.0,
        "4": 60.0,
        "24": 60.0,
        "5": 60.0,
        "25": 60.0,
        "6": 60.0,
        "26": 60.0,
        "7": 60.0,
        "27": 60.0,
        "8": 60.0,
        "28": 60.0,
        "9": 60.0,
        "29": 60.0,
        "10": 60.0,
        "30": 60.0,
        "11": 60.0,
        "31": 60.0,
        "12": 60.0,
        "32": 60.0,
        "13": 60.0,
        "33": 60.0,
        "14": 60.0,
        "34": 60.0,
        "15": 60.0,
        "35": 60.0,
        "16": 60.0,
        "36": 60.0,
        "17": 60.0,
        "37": 60.0,
        "18": 60.0,
        "38": 60.0,
        "19": 60.0,
        "39": 60.0,
        "20": 60.0,
        "40": 60.0
      },
      "task_demands": {
        "1": 100.20062447946948,
        "2": 40.63032555990834,
        "3": 78.90489219558357,
        "4": 76.64281501072428,
        "5": 50.735020249902036,
        "6": 44.745598144106715,
        "7": 115.91576733281632,
        "8": 54.38164275397694,
        "9": 88.79150671767003,
        "10": 100.5762480753498,
        "11": 37.22982459095634,
        "12": 47.87872383898406,
        "13": 119.22038760387011,
        "14": 103.2777766015539,
        "15": 110.05219381198326,
        "16": 71.7061611034301,
        "17": 34.63354440343737,
        "18": 47.10092508190267,
        "19": 85.1058982973968,
        "20": 114.33470135136437
      },
      "arrival_time_shift_s": 0.0,
      "time_window_scale": 1.0,
      "priority_boost": 0,
      "queue_estimates_s": {
        "41": 0.0,
        "42": 0.0
      },
      "travel_time_factor": 1.0,
      "charging_availability": {
        "41": 1,
        "42": 1
      },
      "decision_epoch_times": [
        0.0,
        161.12651524597192,
        1423.3487708993287,
        1831.5849055920164,
        4160.142882378825,
        4851.246785763818,
        5196.701077317521,
        5461.273640264313,
        5801.393992492772,
        6786.818646887395,
        8236.90628742634,
        8732.28136345624,
        8892.06996214908,
        9585.899947905016,
        9589.877979092951,
        9869.516305669564,
        12340.313583366333,
        14900.186115048627,
        16647.809388072754,
        17157.94106729506,
        25922.301847815703
      ]
    }
  ],
  "metadata": {
    "scale": "S",
    "seed": 1010,
    "split": "test",
    "num_vehicles": 3,
    "num_charging_stations": 2,
    "num_tasks": 20,