{
  "layout": {
    "width": 100.0,
    "height": 80.0,
    "depot_position": "center",
    "depot_custom_xy": null,
    "num_tasks": 15,
    "zone_strategy": "left_right",
    "pickup_x_range": [
      0.15,
      0.45
    ],
    "pickup_y_range": [
      0.15,
      0.85
    ],
    "delivery_x_range": [
      0.55,
      0.85
    ],
    "delivery_y_range": [
      0.15,
      0.85
    ],
    "grid_noise_ratio": 0.05,
    "uniform_margin": 0.1,
    "demand_range": [
      10.0,
      40.0
    ],
    "demand_fixed": null,
    "service_time": 60.0,
    "time_window_mode": "none",
    "time_window_type": "soft",
    "tw_pickup_width": 120.0,
    "tw_delivery_gap": 30.0,
    "tw_stagger_interval": 45.0,
    "tw_horizon": 10000.0,
    "num_charging_stations": 2,
    "charging_placement": "perimeter",
    "charging_custom_coords": null,
    "seed": 1007
  },
  "episode_length_s": 28800.0,
  "scenarios": [
    {
      "scenario_id": 0,
      "probability": 1.0,
      "task_availability": {
        "1": 1,
        "2": 1,
        "3": 1,
        "4": 1,
        "5": 1,
        "6": 1,
        "7": 1,
        "8": 1,
        "9": 1,
        "10": 1,
        "11": 1,
        "12": 1,
        "13": 1,
        "14": 1,
        "15": 1
      },
      "task_release_times": {
        "1": 877.7660782136479,
        "2": 9856.57856460677,
        "3": 11787.346932924369,
        "4": 12426.256748902102,
        "5": 15815.2989453777,
        "6": 18159.75875442192,
        "7": 18251.855712238612,
        "8": 18407.05489173237,
        "9": 18939.65578160359,
        "10": 20362.421798851614,
        "11": 21009.748166178633,
        "12": 24680.375098485387,
        "13": 25282.595304824226,
        "14": 28080.086639451984,
        "15": 28250.435520871906
      },
      "node_time_windows": {
        "1": [
          877.7660782136479,
          2677.766078213648
        ],
        "16": [
          953.7321995614918,
          4553.732199561492
        ],
        "2": [
          9856.57856460677,
          11656.57856460677
        ],
        "17": [
          9934.326290534696,
          13534.326290534696
        ],
        "3": [
          11787.346932924369,
          13587.346932924369
        ],
        "18": [
          11867.562358407933,
          15467.562358407933
        ],
        "4": [
          12426.256748902102,
          14226.256748902102
        ],
        "19": [
          12505.502761168746,
          16105.502761168746
        ],
        "5": [
          15815.2989453777,
          17615.2989453777
        ],
        "20": [
          15896.521575109926,
          19496.521575109924
        ],
        "6": [
          18159.75875442192,
          19959.75875442192
        ],
        "21": [
          18238.450341334556,
          21838.450341334556
        ],
        "7": [
          18251.855712238612,
          20051.855712238612
        ],
        "22": [
          18330.0228420855,
          21930.0228420855
        ],
        "8": [
          18407.05489173237,
          20207.05489173237
        ],
        "23": [
          18488.10545813271,
          22088.10545813271
        ],
        "9": [
          18939.65578160359,
          20739.65578160359
        ],
        "24": [
          19019.02448575262,
          22619.02448575262
        ],
        "10": [
          20362.421798851614,
          22162.421798851614
        ],
        "25": [
          20442.67573640504,
          24042.67573640504
        ],
        "11": [
          21009.748166178633,
          22809.748166178633
        ],
        "26": [
          21088.510347971987,
          24688.510347971987
        ],
        "12": [
          24680.375098485387,
          26480.375098485387
        ],
        "27": [
          24758.264274991998,
          28358.264274991998
        ],
        "13": [
          25282.595304824226,
          27082.595304824226
        ],
        "28": [
          25362.436889192115,
          28962.436889192115
        ],
        "14": [
          28080.086639451984,
          29880.086639451984
        ],
        "29": [
          28161.934063576107,
          31761.934063576107
        ],
        "15": [
          28250.435520871906,
          30050.435520871906
        ],
        "30": [
          28334.50261635586,
          31934.50261635586
        ]
      },
      "node_service_times": {
        "1": 60.0,
        "16": 60.0,
        "2": 60.0,
        "17": 60.0,
        "3": 60.0,
        "18": 60.0,
        "4": 60.0,
        "19": 60.0,
        "5": 60.0,
        "20": 60.0,
        "6": 60.0,
        "21": 60.0,
        "7": 60.0,
        "22": 60.0,
        "8": 60.0,
        "23": 60.0,
        "9": 60.0,
        "24": 60.0,
        "10": 60.0,
        "25": 60.0,
        "11": 60.0,
        "26": 60.0,
        "12": 60.0,
        "27": 60.0,
        "13": 60.0,
        "28": 60.0,
        "14": 60.0,
        "29": 60.0,
        "15": 60.0,
        "30": 60.0
      },
      "task_demands": {
        "1": 95.25796517784894,
        "2": 68.92434263310122,
        "3": 61.01849880364562,
        "4": 61.26999796885067,
        "5": 101.51133414656064,
        "6": 56.20930612671296,
        "7": 74.7523210602955,
        "8": 103.80605348340696,
        "9": 73.90741273257619,
        "10": 41.897144697176024,
        "11": 20.51707176276865,
        "12": 82.16876100203423,
        "13": 81.62689151985514,
        "14": 57.50302959197677,
        "15": 62.37780539808412
      },
      "arrival_time_shift_s": 0.0,
      "time_window_scale": 1.0,
      "priority_boost": 0,
      "queue_estimates_s": {
        "31": 0.0,
        "32": 0.0
      },
      "travel_time_factor": 1.0,
      "charging_availability": {
        "31": 1,
        "32": 1
      },
      "decision_epoch_times": [
        0.0,
        877.7660782136479,
        9856.57856460677,
        11787.346932924369,
        12426.256748902102,
        15815.2989453777,
        18159.75875442192,
        18251.855712238612,
        18407.05489173237,
        18939.65578160359,
        20362.421798851614,
        21009.748166178633,
        24680.375098485387,
        25282.595304824226,
        28080.086639451984,
        28250.435520871906
      ]
    }
  ],
  "metadata": {
    "scale": "S",
    "seed": 1007,
    "split": "test",
    "num_vehicles": 3,
    "num_charging_stations": 2,
    "num_tasks": 15,
    "warehouse_size_m": [
      100.0,
      80.0
    ],
    "arrival_rates_per_s": [
      0.003,
      0.001,
      0.0005
    ],
    "mode": "fixed_task_count"
  }
}