{
  "layout": {
    "width": 100.0,
    "height": 80.0,
    "depot_position": "center",
    "depot_custom_xy": null,
    "num_tasks": 16,
    "zone_strategy": "left_right",
    "pickup_x_range": [
      0.15,
      0.45
    ],
    "pickup_y_range": [
      0.15,
      0.85
    ],
    "delivery_x_range": [
      0.55,
      0.85
    ],
    "delivery_y_range": [
      0.15,
      0.85
    ],
    "grid_noise_ratio": 0.05,
    "uniform_margin": 0.1,
    "demand_range": [
      10.0,
      40.0
    ],
    "demand_fixed": null,
    "service_time": 60.0,
    "time_window_mode": "none",
    "time_window_type": "soft",
    "tw_pickup_width": 120.0,
    "tw_delivery_gap": 30.0,
    "tw_stagger_interval": 45.0,
    "tw_horizon": 10000.0,
    "num_charging_stations": 2,
    "charging_placement": "perimeter",
    "charging_custom_coords": null,
    "seed": 1009
  },
  "episode_length_s": 28800.0,
  "scenarios": [
    {
      "scenario_id": 0,
      "probability": 1.0,
      "task_availability": {
        "1": 1,
        "2": 1,
        "3": 1,
        "4": 1,
        "5": 1,
        "6": 1,
        "7": 1,
        "8": 1,
        "9": 1,
        "10": 1,
        "11": 1,
        "12": 1,
        "13": 1,
        "14": 1,
        "15": 1,
        "16": 1
      },
      "task_release_times": {
        "1": 1289.927019946272,
        "2": 1325.0499587228016,
        "3": 2571.447530894293,
        "4": 4117.350984742895,
        "5": 4354.377898565241,
        "6": 4452.478266830309,
        "7": 4902.788828788022,
        "8": 5478.446483925144,
        "9": 7460.096040952941,
        "10": 7558.55249202507,
        "11": 12479.431436383486,
        "12": 13572.57566735828,
        "13": 13988.260235638154,
        "14": 16238.444469477497,
        "15": 18917.73130621654,
        "16": 24917.60325577734
      },
      "node_time_windows": {
        "1": [
          1289.927019946272,
          3089.9270199462717
        ],
        "17": [
          1313.5114014085448,
          4913.511401408545
        ],
        "2": [
          1325.0499587228016,
          3125.0499587228014
        ],
        "18": [
          1346.9056593402158,
          4946.905659340216
        ],
        "3": [
          2571.447530894293,
          4371.447530894293
        ],
        "19": [
          2587.805944812318,
          6187.805944812319
        ],
        "4": [
          4117.350984742895,
          5917.350984742895
        ],
        "20": [
          4135.515057754376,
          7735.515057754376
        ],
        "5": [
          4354.377898565241,
          6154.377898565241
        ],
        "21": [
          4373.797257677216,
          7973.797257677216
        ],
        "6": [
          4452.478266830309,
          6252.478266830309
        ],
        "22": [
          4476.045519819288,
          8076.045519819288
        ],
        "7": [
          4902.788828788022,
          6702.788828788022
        ],
        "23": [
          4923.512462877813,
          8523.512462877814
        ],
        "8": [
          5478.446483925144,
          7278.446483925144
        ],
        "24": [
          5501.436050539493,
          9101.436050539494
        ],
        "9": [
          7460.096040952941,
          9260.09604095294
        ],
        "25": [
          7481.725888556081,
          11081.72588855608
        ],
        "10": [
          7558.55249202507,
          9358.55249202507
        ],
        "26": [
          7577.4865565928,
          11177.486556592801
        ],
        "11": [
          12479.431436383486,
          14279.431436383486
        ],
        "27": [
          12500.080592488548,
          16100.080592488548
        ],
        "12": [
          13572.57566735828,
          15372.57566735828
        ],
        "28": [
          13592.405654559545,
          17192.405654559545
        ],
        "13": [
          13988.260235638154,
          15788.260235638154
        ],
        "29": [
          14007.983945154096,
          17607.983945154097
        ],
        "14": [
          16238.444469477497,
          18038.444469477497
        ],
        "30": [
          16260.879597934849,
          19860.87959793485
        ],
        "15": [
          18917.73130621654,
          20717.73130621654
        ],
        "31": [
          18937.672627502925,
          22537.672627502925
        ],
        "16": [
          24917.60325577734,
          26717.60325577734
        ],
        "32": [
          24940.600184412808,
          28540.600184412808
        ]
      },
      "node_service_times": {
        "1": 60.0,
        "17": 60.0,
        "2": 60.0,
        "18": 60.0,
        "3": 60.0,
        "19": 60.0,
        "4": 60.0,
        "20": 60.0,
        "5": 60.0,
        "21": 60.0,
        "6": 60.0,
        "22": 60.0,
        "7": 60.0,
        "23": 60.0,
        "8": 60.0,
        "24": 60.0,
        "9": 60.0,
        "25": 60.0,
        "10": 60.0,
        "26": 60.0,
        "11": 60.0,
        "27": 60.0,
        "12": 60.0,
        "28": 60.0,
        "13": 60.0,
        "29": 60.0,
        "14": 60.0,
        "30": 60.0,
        "15": 60.0,
        "31": 60.0,
        "16": 60.0,
        "32": 60.0
      },
      "task_demands": {
        "1": 65.6662001384099,
        "2": 60.97379771906432,
        "3": 97.55366566108138,
        "4": 77.58367672281555,
        "5": 64.06408482128172,
        "6": 89.9963711020126,
        "7": 23.23390412932612,
        "8": 97.03362446789957,
        "9": 70.74944076111635,
        "10": 55.20551361373191,
        "11": 98.48182961420252,
        "12": 76.40863501252319,
        "13": 50.9766444815189,
        "14": 77.43686234313596,
        "15": 95.26183891740568,
        "16": 90.84845405881393
      },
      "arrival_time_shift_s": 0.0,
      "time_window_scale": 1.0,
      "priority_boost": 0,
      "queue_estimates_s": {
        "33": 0.0,
        "34": 0.0
      },
      "travel_time_factor": 1.0,
      "charging_availability": {
        "33": 1,
        "34": 1
      },
      "decision_epoch_times": [
        0.0,
        1289.927019946272,
        1325.0499587228016,
        2571.447530894293,
        4117.350984742895,
        4354.377898565241,
        4452.478266830309,
        4902.788828788022,
        5478.446483925144,
        7460.096040952941,
        7558.55249202507,
        12479.431436383486,
        13572.57566735828,
        13988.260235638154,
        16238.444469477497,
        18917.73130621654,
        24917.60325577734
      ]
    }
  ],
  "metadata": {
    "scale": "S",
    "seed": 1009,
    "split": "test",
    "num_vehicles": 3,
    "num_charging_stations": 2,
    "num_tasks": 16,
    "warehouse_size_m": [
      100.0,
      80.0
    ],
    "arrival_rates_per_s": [
      0.003,
      0.001,
      0.0005
    ],
    "mode": "fixed_task_count",
    "arrival_time_sampling_mode": "fixed_count",
    "arrival_count_semantics": "conditional_on_N_tasks",
    "demand_model": "truncnorm",
    "demand_params_kg": {
      "mean": 75.0,
      "std": 22.5,
      "min": 0.0,
      "max": 150.0
    },
    "vehicle_capacity_kg": 150.0,
    "demand_max_ratio_of_vehicle_capacity_effective": 1.0
  }
}