{
  "layout": {
    "width": 100.0,
    "height": 80.0,
    "depot_position": "center",
    "depot_custom_xy": null,
    "num_tasks": 19,
    "zone_strategy": "left_right",
    "pickup_x_range": [
      0.15,
      0.45
    ],
    "pickup_y_range": [
      0.15,
      0.85
    ],
    "delivery_x_range": [
      0.55,
      0.85
    ],
    "delivery_y_range": [
      0.15,
      0.85
    ],
    "grid_noise_ratio": 0.05,
    "uniform_margin": 0.1,
    "demand_range": [
      10.0,
      40.0
    ],
    "demand_fixed": null,
    "service_time": 60.0,
    "time_window_mode": "none",
    "time_window_type": "soft",
    "tw_pickup_width": 120.0,
    "tw_delivery_gap": 30.0,
    "tw_stagger_interval": 45.0,
    "tw_horizon": 10000.0,
    "num_charging_stations": 2,
    "charging_placement": "perimeter",
    "charging_custom_coords": null,
    "seed": 1002
  },
  "episode_length_s": 28800.0,
  "scenarios": [
    {
      "scenario_id": 0,
      "probability": 1.0,
      "task_availability": {
        "1": 1,
        "2": 1,
        "3": 1,
        "4": 1,
        "5": 1,
        "6": 1,
        "7": 1,
        "8": 1,
        "9": 1,
        "10": 1,
        "11": 1,
        "12": 1,
        "13": 1,
        "14": 1,
        "15": 1,
        "16": 1,
        "17": 1,
        "18": 1,
        "19": 1
      },
      "task_release_times": {
        "1": 7654.845791226794,
        "2": 10572.109253029083,
        "3": 11086.515183284331,
        "4": 12297.008377072523,
        "5": 12377.889540208824,
        "6": 13356.169103138272,
        "7": 13601.30990041546,
        "8": 13825.516792937917,
        "9": 14635.05363020975,
        "10": 15155.005621037762,
        "11": 15448.686573102997,
        "12": 15791.5808965412,
        "13": 17748.860108062443,
        "14": 18244.58126000316,
        "15": 18574.390600866915,
        "16": 18581.61647495124,
        "17": 18617.256317759333,
        "18": 18760.842168010477,
        "19": 26099.779850660772
      },
      "node_time_windows": {
        "1": [
          7654.845791226794,
          9454.845791226795
        ],
        "20": [
          7732.734430605888,
          11332.734430605888
        ],
        "2": [
          10572.109253029083,
          12372.109253029083
        ],
        "21": [
          10653.913659956865,
          14253.913659956865
        ],
        "3": [
          11086.515183284331,
          12886.515183284331
        ],
        "22": [
          11168.807370249953,
          14768.807370249953
        ],
        "4": [
          12297.008377072523,
          14097.008377072523
        ],
        "23": [
          12376.05950686454,
          15976.05950686454
        ],
        "5": [
          12377.889540208824,
          14177.889540208824
        ],
        "24": [
          12458.420342819012,
          16058.420342819012
        ],
        "6": [
          13356.169103138272,
          15156.169103138272
        ],
        "25": [
          13435.503920129988,
          17035.503920129988
        ],
        "7": [
          13601.30990041546,
          15401.30990041546
        ],
        "26": [
          13682.984478205479,
          17282.98447820548
        ],
        "8": [
          13825.516792937917,
          15625.516792937917
        ],
        "27": [
          13907.040869753493,
          17507.040869753495
        ],
        "9": [
          14635.05363020975,
          16435.05363020975
        ],
        "28": [
          14718.449900355668,
          18318.44990035567
        ],
        "10": [
          15155.005621037762,
          16955.005621037762
        ],
        "29": [
          15235.890612624977,
          18835.89061262498
        ],
        "11": [
          15448.686573102997,
          17248.686573102997
        ],
        "30": [
          15531.894630362965,
          19131.894630362964
        ],
        "12": [
          15791.5808965412,
          17591.5808965412
        ],
        "31": [
          15869.757514104209,
          19469.75751410421
        ],
        "13": [
          17748.860108062443,
          19548.860108062443
        ],
        "32": [
          17830.527947104278,
          21430.527947104278
        ],
        "14": [
          18244.58126000316,
          20044.58126000316
        ],
        "33": [
          18327.123637816418,
          21927.123637816418
        ],
        "15": [
          18574.390600866915,
          20374.390600866915
        ],
        "34": [
          18652.557134825558,
          22252.557134825558
        ],
        "16": [
          18581.61647495124,
          20381.61647495124
        ],
        "35": [
          18659.44021312173,
          22259.44021312173
        ],
        "17": [
          18617.256317759333,
          20417.256317759333
        ],
        "36": [
          18697.301016638055,
          22297.301016638055
        ],
        "18": [
          18760.842168010477,
          20560.842168010477
        ],
        "37": [
          18839.803922777184,
          22439.803922777184
        ],
        "19": [
          26099.779850660772,
          27899.779850660772
        ],
        "38": [
          26181.30037406141,
          29781.30037406141
        ]
      },
      "node_service_times": {
        "1": 60.0,
        "20": 60.0,
        "2": 60.0,
        "21": 60.0,
        "3": 60.0,
        "22": 60.0,
        "4": 60.0,
        "23": 60.0,
        "5": 60.0,
        "24": 60.0,
        "6": 60.0,
        "25": 60.0,
        "7": 60.0,
        "26": 60.0,
        "8": 60.0,
        "27": 60.0,
        "9": 60.0,
        "28": 60.0,
        "10": 60.0,
        "29": 60.0,
        "11": 60.0,
        "30": 60.0,
        "12": 60.0,
        "31": 60.0,
        "13": 60.0,
        "32": 60.0,
        "14": 60.0,
        "33": 60.0,
        "15": 60.0,
        "34": 60.0,
        "16": 60.0,
        "35": 60.0,
        "17": 60.0,
        "36": 60.0,
        "18": 60.0,
        "37": 60.0,
        "19": 60.0,
        "38": 60.0
      },
      "task_demands": {
        "1": 94.74786024537046,
        "2": 93.71047834520544,
        "3": 44.034208420073725,
        "4": 74.0251063526211,
        "5": 97.1756360031759,
        "6": 54.430872548908965,
        "7": 95.59200228581261,
        "8": 45.14196978860903,
        "9": 23.186135717410636,
        "10": 58.45752575188686,
        "11": 82.68308684685071,
        "12": 52.366238527946514,
        "13": 68.92200398866282,
        "14": 31.811778219711037,
        "15": 35.676018725237455,
        "16": 113.40997247964812,
        "17": 37.16851187700324,
        "18": 87.44276461270596,
        "19": 95.47737926602395
      },
      "arrival_time_shift_s": 0.0,
      "time_window_scale": 1.0,
      "priority_boost": 0,
      "queue_estimates_s": {
        "39": 0.0,
        "40": 0.0
      },
      "travel_time_factor": 1.0,
      "charging_availability": {
        "39": 1,
        "40": 1
      },
      "decision_epoch_times": [
        0.0,
        7654.845791226794,
        10572.109253029083,
        11086.515183284331,
        12297.008377072523,
        12377.889540208824,
        13356.169103138272,
        13601.30990041546,
        13825.516792937917,
        14635.05363020975,
        15155.005621037762,
        15448.686573102997,
        15791.5808965412,
        17748.860108062443,
        18244.58126000316,
        18574.390600866915,
        18581.61647495124,
        18617.256317759333,
        18760.842168010477,
        26099.779850660772
      ]
    }
  ],
  "metadata": {
    "scale": "S",
    "seed": 1002,
    "split": "train",
    "num_vehicles": 3,
    "num_charging_stations": 2,
    "num_tasks": 19,
    "warehouse_size_m": [
      100.0,
      80.0
    ],
    "arrival_rates_per_s": [
      0.003,
      0.001,
      0.0005
    ],
    "mode": "fixed_task_count"
  }
}