{
  "layout": {
    "width": 100.0,
    "height": 80.0,
    "depot_position": "center",
    "depot_custom_xy": null,
    "num_tasks": 17,
    "zone_strategy": "left_right",
    "pickup_x_range": [
      0.15,
      0.45
    ],
    "pickup_y_range": [
      0.15,
      0.85
    ],
    "delivery_x_range": [
      0.55,
      0.85
    ],
    "delivery_y_range": [
      0.15,
      0.85
    ],
    "grid_noise_ratio": 0.05,
    "uniform_margin": 0.1,
    "demand_range": [
      10.0,
      40.0
    ],
    "demand_fixed": null,
    "service_time": 60.0,
    "time_window_mode": "none",
    "time_window_type": "soft",
    "tw_pickup_width": 120.0,
    "tw_delivery_gap": 30.0,
    "tw_stagger_interval": 45.0,
    "tw_horizon": 10000.0,
    "num_charging_stations": 2,
    "charging_placement": "perimeter",
    "charging_custom_coords": null,
    "seed": 1006
  },
  "episode_length_s": 28800.0,
  "scenarios": [
    {
      "scenario_id": 0,
      "probability": 1.0,
      "task_availability": {
        "1": 1,
        "2": 1,
        "3": 1,
        "4": 1,
        "5": 1,
        "6": 1,
        "7": 1,
        "8": 1,
        "9": 1,
        "10": 1,
        "11": 1,
        "12": 1,
        "13": 1,
        "14": 1,
        "15": 1,
        "16": 1,
        "17": 1
      },
      "task_release_times": {
        "1": 385.0562998114267,
        "2": 3406.3981049749277,
        "3": 9473.30917344128,
        "4": 10479.003674520387,
        "5": 13225.23060959624,
        "6": 13542.727581201656,
        "7": 14639.050539234242,
        "8": 15523.009470875022,
        "9": 15790.71072473804,
        "10": 16653.865457231615,
        "11": 16983.151085014528,
        "12": 17265.991219288146,
        "13": 18265.717435454586,
        "14": 19093.51257819814,
        "15": 23073.128993974085,
        "16": 25340.892331548097,
        "17": 26719.45168652267
      },
      "node_time_windows": {
        "1": [
          385.0562998114267,
          2185.0562998114265
        ],
        "18": [
          466.9364169835519,
          4066.9364169835517
        ],
        "2": [
          3406.3981049749277,
          5206.398104974927
        ],
        "19": [
          3491.119806221031,
          7091.1198062210315
        ],
        "3": [
          9473.30917344128,
          11273.30917344128
        ],
        "20": [
          9554.67808412405,
          13154.67808412405
        ],
        "4": [
          10479.003674520387,
          12279.003674520387
        ],
        "21": [
          10562.130605499473,
          14162.130605499473
        ],
        "5": [
          13225.23060959624,
          15025.23060959624
        ],
        "22": [
          13304.255871354855,
          16904.255871354857
        ],
        "6": [
          13542.727581201656,
          15342.727581201656
        ],
        "23": [
          13623.878979544477,
          17223.878979544475
        ],
        "7": [
          14639.050539234242,
          16439.050539234242
        ],
        "24": [
          14716.512930926465,
          18316.512930926467
        ],
        "8": [
          15523.009470875022,
          17323.009470875022
        ],
        "25": [
          15605.842951095365,
          19205.842951095365
        ],
        "9": [
          15790.71072473804,
          17590.71072473804
        ],
        "26": [
          15867.684091071504,
          19467.684091071504
        ],
        "10": [
          16653.865457231615,
          18453.865457231615
        ],
        "27": [
          16732.822572433408,
          20332.822572433408
        ],
        "11": [
          16983.151085014528,
          18783.151085014528
        ],
        "28": [
          17062.3616153152,
          20662.3616153152
        ],
        "12": [
          17265.991219288146,
          19065.991219288146
        ],
        "29": [
          17345.607711765657,
          20945.607711765657
        ],
        "13": [
          18265.717435454586,
          20065.717435454586
        ],
        "30": [
          18342.94832599419,
          21942.94832599419
        ],
        "14": [
          19093.51257819814,
          20893.51257819814
        ],
        "31": [
          19171.779831105436,
          22771.779831105436
        ],
        "15": [
          23073.128993974085,
          24873.128993974085
        ],
        "32": [
          23153.25287259192,
          26753.25287259192
        ],
        "16": [
          25340.892331548097,
          27140.892331548097
        ],
        "33": [
          25419.838553104033,
          29019.838553104033
        ],
        "17": [
          26719.45168652267,
          28519.45168652267
        ],
        "34": [
          26797.14408434709,
          30397.14408434709
        ]
      },
      "node_service_times": {
        "1": 60.0,
        "18": 60.0,
        "2": 60.0,
        "19": 60.0,
        "3": 60.0,
        "20": 60.0,
        "4": 60.0,
        "21": 60.0,
        "5": 60.0,
        "22": 60.0,
        "6": 60.0,
        "23": 60.0,
        "7": 60.0,
        "24": 60.0,
        "8": 60.0,
        "25": 60.0,
        "9": 60.0,
        "26": 60.0,
        "10": 60.0,
        "27": 60.0,
        "11": 60.0,
        "28": 60.0,
        "12": 60.0,
        "29": 60.0,
        "13": 60.0,
        "30": 60.0,
        "14": 60.0,
        "31": 60.0,
        "15": 60.0,
        "32": 60.0,
        "16": 60.0,
        "33": 60.0,
        "17": 60.0,
        "34": 60.0
      },
      "task_demands": {
        "1": 72.78057113916518,
        "2": 77.71692730569006,
        "3": 136.94943128433687,
        "4": 80.23295291449526,
        "5": 131.91551386374778,
        "6": 53.13071651304342,
        "7": 43.56938070518835,
        "8": 114.65717671770987,
        "9": 40.514751086296386,
        "10": 90.35238366419311,
        "11": 51.032663922595646,
        "12": 68.8238333252147,
        "13": 72.60241896926888,
        "14": 43.315633859455076,
        "15": 59.748640495816595,
        "16": 69.74007519024477,
        "17": 68.61575226606534
      },
      "arrival_time_shift_s": 0.0,
      "time_window_scale": 1.0,
      "priority_boost": 0,
      "queue_estimates_s": {
        "35": 0.0,
        "36": 0.0
      },
      "travel_time_factor": 1.0,
      "charging_availability": {
        "35": 1,
        "36": 1
      },
      "decision_epoch_times": [
        0.0,
        385.0562998114267,
        3406.3981049749277,
        9473.30917344128,
        10479.003674520387,
        13225.23060959624,
        13542.727581201656,
        14639.050539234242,
        15523.009470875022,
        15790.71072473804,
        16653.865457231615,
        16983.151085014528,
        17265.991219288146,
        18265.717435454586,
        19093.51257819814,
        23073.128993974085,
        25340.892331548097,
        26719.45168652267
      ]
    }
  ],
  "metadata": {
    "scale": "S",
    "seed": 1006,
    "split": "test",
    "num_vehicles": 3,
    "num_charging_stations": 2,
    "num_tasks": 17,
    "warehouse_size_m": [
      100.0,
      80.0
    ],
    "arrival_rates_per_s": [
      0.003,
      0.001,
      0.0005
    ],
    "mode": "fixed_task_count"
  }
}