{
  "layout": {
    "width": 100.0,
    "height": 80.0,
    "depot_position": "center",
    "depot_custom_xy": null,
    "num_tasks": 15,
    "zone_strategy": "left_right",
    "pickup_x_range": [
      0.15,
      0.45
    ],
    "pickup_y_range": [
      0.15,
      0.85
    ],
    "delivery_x_range": [
      0.55,
      0.85
    ],
    "delivery_y_range": [
      0.15,
      0.85
    ],
    "grid_noise_ratio": 0.05,
    "uniform_margin": 0.1,
    "demand_range": [
      10.0,
      40.0
    ],
    "demand_fixed": null,
    "service_time": 60.0,
    "time_window_mode": "none",
    "time_window_type": "soft",
    "tw_pickup_width": 120.0,
    "tw_delivery_gap": 30.0,
    "tw_stagger_interval": 45.0,
    "tw_horizon": 10000.0,
    "num_charging_stations": 2,
    "charging_placement": "perimeter",
    "charging_custom_coords": null,
    "seed": 1007
  },
  "episode_length_s": 28800.0,
  "scenarios": [
    {
      "scenario_id": 0,
      "probability": 1.0,
      "task_availability": {
        "1": 1,
        "2": 1,
        "3": 1,
        "4": 1,
        "5": 1,
        "6": 1,
        "7": 1,
        "8": 1,
        "9": 1,
        "10": 1,
        "11": 1,
        "12": 1,
        "13": 1,
        "14": 1,
        "15": 1
      },
      "task_release_times": {
        "1": 256.5785646067713,
        "2": 877.7660782136479,
        "3": 2187.3469329243694,
        "4": 2826.256748902102,
        "5": 6215.2989453777,
        "6": 8559.75875442192,
        "7": 8651.855712238614,
        "8": 9339.65578160359,
        "9": 10762.421798851614,
        "10": 11409.748166178631,
        "11": 15682.595304824226,
        "12": 18407.05489173237,
        "13": 18480.086639451984,
        "14": 24680.375098485387,
        "15": 28250.435520871906
      },
      "node_time_windows": {
        "1": [
          256.5785646067713,
          2056.578564606771
        ],
        "16": [
          272.54468595461515,
          3872.544685954615
        ],
        "2": [
          877.7660782136479,
          2677.766078213648
        ],
        "17": [
          895.513804141574,
          4495.513804141574
        ],
        "3": [
          2187.3469329243694,
          3987.3469329243694
        ],
        "18": [
          2207.562358407933,
          5807.562358407933
        ],
        "4": [
          2826.256748902102,
          4626.256748902102
        ],
        "19": [
          2845.502761168746,
          6445.502761168746
        ],
        "5": [
          6215.2989453777,
          8015.2989453777
        ],
        "20": [
          6236.521575109925,
          9836.521575109924
        ],
        "6": [
          8559.75875442192,
          10359.75875442192
        ],
        "21": [
          8578.450341334556,
          12178.450341334556
        ],
        "7": [
          8651.855712238614,
          10451.855712238614
        ],
        "22": [
          8670.022842085498,
          12270.022842085498
        ],
        "8": [
          9339.65578160359,
          11139.65578160359
        ],
        "23": [
          9360.70634800393,
          12960.70634800393
        ],
        "9": [
          10762.421798851614,
          12562.421798851614
        ],
        "24": [
          10781.790503000646,
          14381.790503000646
        ],
        "10": [
          11409.748166178631,
          13209.748166178631
        ],
        "25": [
          11430.002103732057,
          15030.002103732057
        ],
        "11": [
          15682.595304824226,
          17482.595304824226
        ],
        "26": [
          15701.357486617579,
          19301.357486617577
        ],
        "12": [
          18407.05489173237,
          20207.05489173237
        ],
        "27": [
          18424.94406823898,
          22024.94406823898
        ],
        "13": [
          18480.086639451984,
          20280.086639451984
        ],
        "28": [
          18499.928223819872,
          22099.928223819872
        ],
        "14": [
          24680.375098485387,
          26480.375098485387
        ],
        "29": [
          24702.22252260951,
          28302.22252260951
        ],
        "15": [
          28250.435520871906,
          30050.435520871906
        ],
        "30": [
          28274.50261635586,
          31874.50261635586
        ]
      },
      "node_service_times": {
        "1": 60.0,
        "16": 60.0,
        "2": 60.0,
        "17": 60.0,
        "3": 60.0,
        "18": 60.0,
        "4": 60.0,
        "19": 60.0,
        "5": 60.0,
        "20": 60.0,
        "6": 60.0,
        "21": 60.0,
        "7": 60.0,
        "22": 60.0,
        "8": 60.0,
        "23": 60.0,
        "9": 60.0,
        "24": 60.0,
        "10": 60.0,
        "25": 60.0,
        "11": 60.0,
        "26": 60.0,
        "12": 60.0,
        "27": 60.0,
        "13": 60.0,
        "28": 60.0,
        "14": 60.0,
        "29": 60.0,
        "15": 60.0,
        "30": 60.0
      },
      "task_demands": {
        "1": 95.25796517784894,
        "2": 68.92434263310122,
        "3": 61.01849880364562,
        "4": 61.26999796885067,
        "5": 101.51133414656064,
        "6": 56.20930612671296,
        "7": 74.7523210602955,
        "8": 103.80605348340696,
        "9": 73.90741273257619,
        "10": 41.897144697176024,
        "11": 20.51707176276865,
        "12": 82.16876100203423,
        "13": 81.62689151985514,
        "14": 57.50302959197677,
        "15": 62.37780539808412
      },
      "arrival_time_shift_s": 0.0,
      "time_window_scale": 1.0,
      "priority_boost": 0,
      "queue_estimates_s": {
        "31": 0.0,
        "32": 0.0
      },
      "travel_time_factor": 1.0,
      "charging_availability": {
        "31": 1,
        "32": 1
      },
      "decision_epoch_times": [
        0.0,
        256.5785646067713,
        877.7660782136479,
        2187.3469329243694,
        2826.256748902102,
        6215.2989453777,
        8559.75875442192,
        8651.855712238614,
        9339.65578160359,
        10762.421798851614,
        11409.748166178631,
        15682.595304824226,
        18407.05489173237,
        18480.086639451984,
        24680.375098485387,
        28250.435520871906
      ]
    }
  ],
  "metadata": {
    "scale": "S",
    "seed": 1007,
    "split": "test",
    "num_vehicles": 3,
    "num_charging_stations": 2,
    "num_tasks": 15,
    "warehouse_size_m": [
      100.0,
      80.0
    ],
    "arrival_rates_per_s": [
      0.003,
      0.001,
      0.0005
    ],
    "mode": "fixed_task_count",
    "arrival_time_sampling_mode": "fixed_count",
    "arrival_count_semantics": "conditional_on_N_tasks",
    "demand_model": "truncnorm",
    "demand_params_kg": {
      "mean": 75.0,
      "std": 22.5,
      "min": 0.0,
      "max": 150.0
    },
    "vehicle_capacity_kg": 150.0,
    "demand_max_ratio_of_vehicle_capacity_effective": 1.0
  }
}