{
  "layout": {
    "width": 100.0,
    "height": 80.0,
    "depot_position": "center",
    "depot_custom_xy": null,
    "num_tasks": 18,
    "zone_strategy": "left_right",
    "pickup_x_range": [
      0.15,
      0.45
    ],
    "pickup_y_range": [
      0.15,
      0.85
    ],
    "delivery_x_range": [
      0.55,
      0.85
    ],
    "delivery_y_range": [
      0.15,
      0.85
    ],
    "grid_noise_ratio": 0.05,
    "uniform_margin": 0.1,
    "demand_range": [
      10.0,
      40.0
    ],
    "demand_fixed": null,
    "service_time": 60.0,
    "time_window_mode": "none",
    "time_window_type": "soft",
    "tw_pickup_width": 120.0,
    "tw_delivery_gap": 30.0,
    "tw_stagger_interval": 45.0,
    "tw_horizon": 10000.0,
    "num_charging_stations": 2,
    "charging_placement": "perimeter",
    "charging_custom_coords": null,
    "seed": 1003
  },
  "episode_length_s": 28800.0,
  "scenarios": [
    {
      "scenario_id": 0,
      "probability": 1.0,
      "task_availability": {
        "1": 1,
        "2": 1,
        "3": 1,
        "4": 1,
        "5": 1,
        "6": 1,
        "7": 1,
        "8": 1,
        "9": 1,
        "10": 1,
        "11": 1,
        "12": 1,
        "13": 1,
        "14": 1,
        "15": 1,
        "16": 1,
        "17": 1,
        "18": 1
      },
      "task_release_times": {
        "1": 8.132896907176246,
        "2": 300.81829124094736,
        "3": 588.2410039655781,
        "4": 2201.8143428284125,
        "5": 2309.4595455517683,
        "6": 2571.421866728163,
        "7": 3711.912779381032,
        "8": 3763.538671218277,
        "9": 4360.421263644192,
        "10": 7339.024275998242,
        "11": 7393.384780777338,
        "12": 8219.22182740181,
        "13": 8595.636375213975,
        "14": 8749.1258476876,
        "15": 13700.914114879875,
        "16": 14974.235812604169,
        "17": 21093.070092102727,
        "18": 21646.689060510264
      },
      "node_time_windows": {
        "1": [
          8.132896907176246,
          1808.1328969071762
        ],
        "19": [
          29.438035125920546,
          3629.4380351259206
        ],
        "2": [
          300.81829124094736,
          2100.8182912409475
        ],
        "20": [
          317.92927116604096,
          3917.929271166041
        ],
        "3": [
          588.2410039655781,
          2388.241003965578
        ],
        "21": [
          610.3381017843609,
          4210.338101784361
        ],
        "4": [
          2201.8143428284125,
          4001.8143428284125
        ],
        "22": [
          2224.456928822179,
          5824.456928822179
        ],
        "5": [
          2309.4595455517683,
          4109.459545551768
        ],
        "23": [
          2329.0318117141132,
          5929.031811714113
        ],
        "6": [
          2571.421866728163,
          4371.421866728163
        ],
        "24": [
          2590.70396471173,
          6190.70396471173
        ],
        "7": [
          3711.912779381032,
          5511.912779381032
        ],
        "25": [
          3729.751846464252,
          7329.751846464253
        ],
        "8": [
          3763.538671218277,
          5563.538671218277
        ],
        "26": [
          3779.422472911562,
          7379.422472911562
        ],
        "9": [
          4360.421263644192,
          6160.421263644192
        ],
        "27": [
          4381.791735424391,
          7981.791735424391
        ],
        "10": [
          7339.024275998242,
          9139.024275998243
        ],
        "28": [
          7359.054606562599,
          10959.054606562599
        ],
        "11": [
          7393.384780777338,
          9193.384780777338
        ],
        "29": [
          7415.653289707359,
          11015.65328970736
        ],
        "12": [
          8219.22182740181,
          10019.22182740181
        ],
        "30": [
          8239.0582897444,
          11839.0582897444
        ],
        "13": [
          8595.636375213975,
          10395.636375213975
        ],
        "31": [
          8616.454079892274,
          12216.454079892274
        ],
        "14": [
          8749.1258476876,
          10549.1258476876
        ],
        "32": [
          8767.859633875623,
          12367.859633875623
        ],
        "15": [
          13700.914114879875,
          15500.914114879875
        ],
        "33": [
          13719.964145163287,
          17319.964145163285
        ],
        "16": [
          14974.235812604169,
          16774.23581260417
        ],
        "34": [
          14993.342812181367,
          18593.342812181367
        ],
        "17": [
          21093.070092102727,
          22893.070092102727
        ],
        "35": [
          21115.32210195818,
          24715.32210195818
        ],
        "18": [
          21646.689060510264,
          23446.689060510264
        ],
        "36": [
          21666.93903344185,
          25266.93903344185
        ]
      },
      "node_service_times": {
        "1": 60.0,
        "19": 60.0,
        "2": 60.0,
        "20": 60.0,
        "3": 60.0,
        "21": 60.0,
        "4": 60.0,
        "22": 60.0,
        "5": 60.0,
        "23": 60.0,
        "6": 60.0,
        "24": 60.0,
        "7": 60.0,
        "25": 60.0,
        "8": 60.0,
        "26": 60.0,
        "9": 60.0,
        "27": 60.0,
        "10": 60.0,
        "28": 60.0,
        "11": 60.0,
        "29": 60.0,
        "12": 60.0,
        "30": 60.0,
        "13": 60.0,
        "31": 60.0,
        "14": 60.0,
        "32": 60.0,
        "15": 60.0,
        "33": 60.0,
        "16": 60.0,
        "34": 60.0,
        "17": 60.0,
        "35": 60.0,
        "18": 60.0,
        "36": 60.0
      },
      "task_demands": {
        "1": 49.999137314053385,
        "2": 89.61368685776132,
        "3": 54.52873883478638,
        "4": 56.30355165035214,
        "5": 82.89183116899959,
        "6": 75.61486284338106,
        "7": 45.900615239262535,
        "8": 71.06394655404618,
        "9": 75.44932744403069,
        "10": 71.13197146020748,
        "11": 87.33271641260602,
        "12": 86.45526518188194,
        "13": 78.97653974035859,
        "14": 12.235717982152778,
        "15": 72.8016737093356,
        "16": 145.88928150778696,
        "17": 58.75080694720725,
        "18": 94.23390096121405
      },
      "arrival_time_shift_s": 0.0,
      "time_window_scale": 1.0,
      "priority_boost": 0,
      "queue_estimates_s": {
        "37": 0.0,
        "38": 0.0
      },
      "travel_time_factor": 1.0,
      "charging_availability": {
        "37": 1,
        "38": 1
      },
      "decision_epoch_times": [
        0.0,
        8.132896907176246,
        300.81829124094736,
        588.2410039655781,
        2201.8143428284125,
        2309.4595455517683,
        2571.421866728163,
        3711.912779381032,
        3763.538671218277,
        4360.421263644192,
        7339.024275998242,
        7393.384780777338,
        8219.22182740181,
        8595.636375213975,
        8749.1258476876,
        13700.914114879875,
        14974.235812604169,
        21093.070092102727,
        21646.689060510264
      ]
    }
  ],
  "metadata": {
    "scale": "S",
    "seed": 1003,
    "split": "train",
    "num_vehicles": 3,
    "num_charging_stations": 2,
    "num_tasks": 18,
    "warehouse_size_m": [
      100.0,
      80.0
    ],
    "arrival_rates_per_s": [
      0.003,
      0.001,
      0.0005
    ],
    "mode": "fixed_task_count",
    "arrival_time_sampling_mode": "fixed_count",
    "arrival_count_semantics": "conditional_on_N_tasks",
    "demand_model": "truncnorm",
    "demand_params_kg": {
      "mean": 75.0,
      "std": 22.5,
      "min": 0.0,
      "max": 150.0
    },
    "vehicle_capacity_kg": 150.0,
    "demand_max_ratio_of_vehicle_capacity_effective": 1.0
  }
}