{
  "layout": {
    "width": 100.0,
    "height": 80.0,
    "depot_position": "center",
    "depot_custom_xy": null,
    "num_tasks": 18,
    "zone_strategy": "left_right",
    "pickup_x_range": [
      0.15,
      0.45
    ],
    "pickup_y_range": [
      0.15,
      0.85
    ],
    "delivery_x_range": [
      0.55,
      0.85
    ],
    "delivery_y_range": [
      0.15,
      0.85
    ],
    "grid_noise_ratio": 0.05,
    "uniform_margin": 0.1,
    "demand_range": [
      10.0,
      40.0
    ],
    "demand_fixed": null,
    "service_time": 60.0,
    "time_window_mode": "none",
    "time_window_type": "soft",
    "tw_pickup_width": 120.0,
    "tw_delivery_gap": 30.0,
    "tw_stagger_interval": 45.0,
    "tw_horizon": 10000.0,
    "num_charging_stations": 2,
    "charging_placement": "perimeter",
    "charging_custom_coords": null,
    "seed": 1004
  },
  "episode_length_s": 28800.0,
  "scenarios": [
    {
      "scenario_id": 0,
      "probability": 1.0,
      "task_availability": {
        "1": 1,
        "2": 1,
        "3": 1,
        "4": 1,
        "5": 1,
        "6": 1,
        "7": 1,
        "8": 1,
        "9": 1,
        "10": 1,
        "11": 1,
        "12": 1,
        "13": 1,
        "14": 1,
        "15": 1,
        "16": 1,
        "17": 1,
        "18": 1
      },
      "task_release_times": {
        "1": 9856.29230459318,
        "2": 10084.947958358125,
        "3": 10161.707690894338,
        "4": 10731.42717554475,
        "5": 11975.386111394171,
        "6": 12508.00802929585,
        "7": 12716.483504629003,
        "8": 13341.129061117816,
        "9": 14901.797678214656,
        "10": 17255.938853306994,
        "11": 17628.895033315537,
        "12": 18704.630430511068,
        "13": 19043.6163636466,
        "14": 19352.966941321545,
        "15": 20361.08769028108,
        "16": 20672.792465175295,
        "17": 27663.84742480328,
        "18": 28493.527774694136
      },
      "node_time_windows": {
        "1": [
          9856.29230459318,
          11656.29230459318
        ],
        "19": [
          9937.501770199098,
          13537.501770199098
        ],
        "2": [
          10084.947958358125,
          11884.947958358125
        ],
        "20": [
          10164.337162745029,
          13764.337162745029
        ],
        "3": [
          10161.707690894338,
          11961.707690894338
        ],
        "21": [
          10241.364794159508,
          13841.364794159508
        ],
        "4": [
          10731.42717554475,
          12531.42717554475
        ],
        "22": [
          10808.002668897665,
          14408.002668897665
        ],
        "5": [
          11975.386111394171,
          13775.386111394171
        ],
        "23": [
          12058.160252653453,
          15658.160252653453
        ],
        "6": [
          12508.00802929585,
          14308.00802929585
        ],
        "24": [
          12585.294166111582,
          16185.294166111582
        ],
        "7": [
          12716.483504629003,
          14516.483504629003
        ],
        "25": [
          12795.137890536298,
          16395.137890536298
        ],
        "8": [
          13341.129061117816,
          15141.129061117816
        ],
        "26": [
          13422.364056087215,
          17022.364056087215
        ],
        "9": [
          14901.797678214656,
          16701.797678214658
        ],
        "27": [
          14980.422856460737,
          18580.422856460737
        ],
        "10": [
          17255.938853306994,
          19055.938853306994
        ],
        "28": [
          17339.44889111558,
          20939.44889111558
        ],
        "11": [
          17628.895033315537,
          19428.895033315537
        ],
        "29": [
          17708.140336509667,
          21308.140336509667
        ],
        "12": [
          18704.630430511068,
          20504.630430511068
        ],
        "30": [
          18785.72448402196,
          22385.72448402196
        ],
        "13": [
          19043.6163636466,
          20843.6163636466
        ],
        "31": [
          19125.831258252547,
          22725.831258252547
        ],
        "14": [
          19352.966941321545,
          21152.966941321545
        ],
        "32": [
          19435.291002271973,
          23035.291002271973
        ],
        "15": [
          20361.08769028108,
          22161.08769028108
        ],
        "33": [
          20443.160339154703,
          24043.160339154703
        ],
        "16": [
          20672.792465175295,
          22472.792465175295
        ],
        "34": [
          20753.535327948444,
          24353.535327948444
        ],
        "17": [
          27663.84742480328,
          29463.84742480328
        ],
        "35": [
          27744.675470534763,
          31344.675470534763
        ],
        "18": [
          28493.527774694136,
          30293.527774694136
        ],
        "36": [
          28574.506848726585,
          32174.506848726585
        ]
      },
      "node_service_times": {
        "1": 60.0,
        "19": 60.0,
        "2": 60.0,
        "20": 60.0,
        "3": 60.0,
        "21": 60.0,
        "4": 60.0,
        "22": 60.0,
        "5": 60.0,
        "23": 60.0,
        "6": 60.0,
        "24": 60.0,
        "7": 60.0,
        "25": 60.0,
        "8": 60.0,
        "26": 60.0,
        "9": 60.0,
        "27": 60.0,
        "10": 60.0,
        "28": 60.0,
        "11": 60.0,
        "29": 60.0,
        "12": 60.0,
        "30": 60.0,
        "13": 60.0,
        "31": 60.0,
        "14": 60.0,
        "32": 60.0,
        "15": 60.0,
        "33": 60.0,
        "16": 60.0,
        "34": 60.0,
        "17": 60.0,
        "35": 60.0,
        "18": 60.0,
        "36": 60.0
      },
      "task_demands": {
        "1": 94.63473427879882,
        "2": 87.99381852763197,
        "3": 58.76944740909584,
        "4": 73.44096080182275,
        "5": 29.21165675753884,
        "6": 106.3519228850797,
        "7": 78.07591922468616,
        "8": 51.5174803202687,
        "9": 68.69134562917651,
        "10": 74.43077519196814,
        "11": 106.39291342816851,
        "12": 93.69446031755442,
        "13": 114.5535906986168,
        "14": 59.75350420227092,
        "15": 89.6155442440792,
        "16": 66.86865248926802,
        "17": 38.892774628366894,
        "18": 47.48703387926827
      },
      "arrival_time_shift_s": 0.0,
      "time_window_scale": 1.0,
      "priority_boost": 0,
      "queue_estimates_s": {
        "37": 0.0,
        "38": 0.0
      },
      "travel_time_factor": 1.0,
      "charging_availability": {
        "37": 1,
        "38": 1
      },
      "decision_epoch_times": [
        0.0,
        9856.29230459318,
        10084.947958358125,
        10161.707690894338,
        10731.42717554475,
        11975.386111394171,
        12508.00802929585,
        12716.483504629003,
        13341.129061117816,
        14901.797678214656,
        17255.938853306994,
        17628.895033315537,
        18704.630430511068,
        19043.6163636466,
        19352.966941321545,
        20361.08769028108,
        20672.792465175295,
        27663.84742480328,
        28493.527774694136
      ]
    }
  ],
  "metadata": {
    "scale": "S",
    "seed": 1004,
    "split": "train",
    "num_vehicles": 3,
    "num_charging_stations": 2,
    "num_tasks": 18,
    "warehouse_size_m": [
      100.0,
      80.0
    ],
    "arrival_rates_per_s": [
      0.003,
      0.001,
      0.0005
    ],
    "mode": "fixed_task_count"
  }
}