{
  "layout": {
    "width": 100.0,
    "height": 80.0,
    "depot_position": "center",
    "depot_custom_xy": null,
    "num_tasks": 17,
    "zone_strategy": "left_right",
    "pickup_x_range": [
      0.15,
      0.45
    ],
    "pickup_y_range": [
      0.15,
      0.85
    ],
    "delivery_x_range": [
      0.55,
      0.85
    ],
    "delivery_y_range": [
      0.15,
      0.85
    ],
    "grid_noise_ratio": 0.05,
    "uniform_margin": 0.1,
    "demand_range": [
      10.0,
      40.0
    ],
    "demand_fixed": null,
    "service_time": 60.0,
    "time_window_mode": "none",
    "time_window_type": "soft",
    "tw_pickup_width": 120.0,
    "tw_delivery_gap": 30.0,
    "tw_stagger_interval": 45.0,
    "tw_horizon": 10000.0,
    "num_charging_stations": 2,
    "charging_placement": "perimeter",
    "charging_custom_coords": null,
    "seed": 1006
  },
  "episode_length_s": 28800.0,
  "scenarios": [
    {
      "scenario_id": 0,
      "probability": 1.0,
      "task_availability": {
        "1": 1,
        "2": 1,
        "3": 1,
        "4": 1,
        "5": 1,
        "6": 1,
        "7": 1,
        "8": 1,
        "9": 1,
        "10": 1,
        "11": 1,
        "12": 1,
        "13": 1,
        "14": 1,
        "15": 1,
        "16": 1,
        "17": 1
      },
      "task_release_times": {
        "1": 385.0562998114267,
        "2": 879.0036745203871,
        "3": 3406.3981049749277,
        "4": 3625.230609596239,
        "5": 3942.7275812016555,
        "6": 5039.050539234243,
        "7": 5923.009470875021,
        "8": 7053.865457231615,
        "9": 7383.151085014526,
        "10": 7665.991219288145,
        "11": 9473.30917344128,
        "12": 9493.512578198139,
        "13": 13473.128993974085,
        "14": 15790.71072473804,
        "15": 18265.717435454586,
        "16": 25340.892331548097,
        "17": 26719.45168652267
      },
      "node_time_windows": {
        "1": [
          385.0562998114267,
          2185.0562998114265
        ],
        "18": [
          406.9364169835519,
          4006.9364169835517
        ],
        "2": [
          879.0036745203871,
          2679.003674520387
        ],
        "19": [
          903.7253757664903,
          4503.72537576649
        ],
        "3": [
          3406.3981049749277,
          5206.398104974927
        ],
        "20": [
          3427.7670156576987,
          7027.767015657699
        ],
        "4": [
          3625.230609596239,
          5425.230609596239
        ],
        "21": [
          3648.3575405753245,
          7248.3575405753245
        ],
        "5": [
          3942.7275812016555,
          5742.727581201656
        ],
        "22": [
          3961.7528429602703,
          7561.75284296027
        ],
        "6": [
          5039.050539234243,
          6839.050539234243
        ],
        "23": [
          5060.201937577065,
          8660.201937577065
        ],
        "7": [
          5923.009470875021,
          7723.009470875021
        ],
        "24": [
          5940.471862567245,
          9540.471862567245
        ],
        "8": [
          7053.865457231615,
          8853.865457231615
        ],
        "25": [
          7076.698937451958,
          10676.698937451958
        ],
        "9": [
          7383.151085014526,
          9183.151085014526
        ],
        "26": [
          7400.124451347988,
          11000.124451347987
        ],
        "10": [
          7665.991219288145,
          9465.991219288146
        ],
        "27": [
          7684.948334489936,
          11284.948334489936
        ],
        "11": [
          9473.30917344128,
          11273.30917344128
        ],
        "28": [
          9492.51970374195,
          13092.51970374195
        ],
        "12": [
          9493.512578198139,
          11293.512578198139
        ],
        "29": [
          9513.129070675652,
          13113.129070675652
        ],
        "13": [
          13473.128993974085,
          15273.128993974085
        ],
        "30": [
          13490.359884513693,
          17090.359884513695
        ],
        "14": [
          15790.71072473804,
          17590.71072473804
        ],
        "31": [
          15808.977977645336,
          19408.977977645336
        ],
        "15": [
          18265.717435454586,
          20065.717435454586
        ],
        "32": [
          18285.84131407242,
          21885.84131407242
        ],
        "16": [
          25340.892331548097,
          27140.892331548097
        ],
        "33": [
          25359.838553104033,
          28959.838553104033
        ],
        "17": [
          26719.45168652267,
          28519.45168652267
        ],
        "34": [
          26737.14408434709,
          30337.14408434709
        ]
      },
      "node_service_times": {
        "1": 60.0,
        "18": 60.0,
        "2": 60.0,
        "19": 60.0,
        "3": 60.0,
        "20": 60.0,
        "4": 60.0,
        "21": 60.0,
        "5": 60.0,
        "22": 60.0,
        "6": 60.0,
        "23": 60.0,
        "7": 60.0,
        "24": 60.0,
        "8": 60.0,
        "25": 60.0,
        "9": 60.0,
        "26": 60.0,
        "10": 60.0,
        "27": 60.0,
        "11": 60.0,
        "28": 60.0,
        "12": 60.0,
        "29": 60.0,
        "13": 60.0,
        "30": 60.0,
        "14": 60.0,
        "31": 60.0,
        "15": 60.0,
        "32": 60.0,
        "16": 60.0,
        "33": 60.0,
        "17": 60.0,
        "34": 60.0
      },
      "task_demands": {
        "1": 72.78057113916518,
        "2": 77.71692730569006,
        "3": 136.94943128433687,
        "4": 80.23295291449526,
        "5": 131.91551386374778,
        "6": 53.13071651304342,
        "7": 43.56938070518835,
        "8": 114.65717671770987,
        "9": 40.514751086296386,
        "10": 90.35238366419311,
        "11": 51.032663922595646,
        "12": 68.8238333252147,
        "13": 72.60241896926888,
        "14": 43.315633859455076,
        "15": 59.748640495816595,
        "16": 69.74007519024477,
        "17": 68.61575226606534
      },
      "arrival_time_shift_s": 0.0,
      "time_window_scale": 1.0,
      "priority_boost": 0,
      "queue_estimates_s": {
        "35": 0.0,
        "36": 0.0
      },
      "travel_time_factor": 1.0,
      "charging_availability": {
        "35": 1,
        "36": 1
      },
      "decision_epoch_times": [
        0.0,
        385.0562998114267,
        879.0036745203871,
        3406.3981049749277,
        3625.230609596239,
        3942.7275812016555,
        5039.050539234243,
        5923.009470875021,
        7053.865457231615,
        7383.151085014526,
        7665.991219288145,
        9473.30917344128,
        9493.512578198139,
        13473.128993974085,
        15790.71072473804,
        18265.717435454586,
        25340.892331548097,
        26719.45168652267
      ]
    }
  ],
  "metadata": {
    "scale": "S",
    "seed": 1006,
    "split": "test",
    "num_vehicles": 3,
    "num_charging_stations": 2,
    "num_tasks": 17,
    "warehouse_size_m": [
      100.0,
      80.0
    ],
    "arrival_rates_per_s": [
      0.003,
      0.001,
      0.0005
    ],
    "mode": "fixed_task_count",
    "arrival_time_sampling_mode": "fixed_count",
    "arrival_count_semantics": "conditional_on_N_tasks",
    "demand_model": "truncnorm",
    "demand_params_kg": {
      "mean": 75.0,
      "std": 22.5,
      "min": 0.0,
      "max": 150.0
    },
    "vehicle_capacity_kg": 150.0,
    "demand_max_ratio_of_vehicle_capacity_effective": 1.0
  }
}