{
  "layout": {
    "width": 100.0,
    "height": 80.0,
    "depot_position": "center",
    "depot_custom_xy": null,
    "num_tasks": 19,
    "zone_strategy": "left_right",
    "pickup_x_range": [
      0.15,
      0.45
    ],
    "pickup_y_range": [
      0.15,
      0.85
    ],
    "delivery_x_range": [
      0.55,
      0.85
    ],
    "delivery_y_range": [
      0.15,
      0.85
    ],
    "grid_noise_ratio": 0.05,
    "uniform_margin": 0.1,
    "demand_range": [
      10.0,
      40.0
    ],
    "demand_fixed": null,
    "service_time": 60.0,
    "time_window_mode": "none",
    "time_window_type": "soft",
    "tw_pickup_width": 120.0,
    "tw_delivery_gap": 30.0,
    "tw_stagger_interval": 45.0,
    "tw_horizon": 10000.0,
    "num_charging_stations": 2,
    "charging_placement": "perimeter",
    "charging_custom_coords": null,
    "seed": 1002
  },
  "episode_length_s": 28800.0,
  "scenarios": [
    {
      "scenario_id": 0,
      "probability": 1.0,
      "task_availability": {
        "1": 1,
        "2": 1,
        "3": 1,
        "4": 1,
        "5": 1,
        "6": 1,
        "7": 1,
        "8": 1,
        "9": 1,
        "10": 1,
        "11": 1,
        "12": 1,
        "13": 1,
        "14": 1,
        "15": 1,
        "16": 1,
        "17": 1,
        "18": 1,
        "19": 1
      },
      "task_release_times": {
        "1": 972.1092530290819,
        "2": 1486.5151832843305,
        "3": 2697.008377072523,
        "4": 2777.889540208824,
        "5": 3756.169103138272,
        "6": 4001.309900415459,
        "7": 5035.053630209751,
        "8": 5555.005621037763,
        "9": 6191.580896541199,
        "10": 7654.845791226794,
        "11": 8148.860108062445,
        "12": 8644.58126000316,
        "13": 8974.390600866915,
        "14": 8981.616474951239,
        "15": 9160.842168010477,
        "16": 13825.516792937917,
        "17": 15448.686573102997,
        "18": 16499.779850660772,
        "19": 18617.256317759333
      },
      "node_time_windows": {
        "1": [
          972.1092530290819,
          2772.1092530290816
        ],
        "20": [
          989.9978924081754,
          4589.997892408175
        ],
        "2": [
          1486.5151832843305,
          3286.5151832843303
        ],
        "21": [
          1508.319590212113,
          5108.319590212113
        ],
        "3": [
          2697.008377072523,
          4497.008377072523
        ],
        "22": [
          2719.3005640381457,
          6319.300564038145
        ],
        "4": [
          2777.889540208824,
          4577.889540208824
        ],
        "23": [
          2796.94067000084,
          6396.94067000084
        ],
        "5": [
          3756.169103138272,
          5556.1691031382725
        ],
        "24": [
          3776.69990574846,
          7376.69990574846
        ],
        "6": [
          4001.309900415459,
          5801.309900415459
        ],
        "25": [
          4020.644717407175,
          7620.6447174071745
        ],
        "7": [
          5035.053630209751,
          6835.053630209751
        ],
        "26": [
          5056.72820799977,
          8656.728207999771
        ],
        "8": [
          5555.005621037763,
          7355.005621037763
        ],
        "27": [
          5576.529697853339,
          9176.529697853339
        ],
        "9": [
          6191.580896541199,
          7991.580896541199
        ],
        "28": [
          6214.9771666871175,
          9814.977166687117
        ],
        "10": [
          7654.845791226794,
          9454.845791226795
        ],
        "29": [
          7675.730782814007,
          11275.730782814007
        ],
        "11": [
          8148.860108062445,
          9948.860108062445
        ],
        "30": [
          8172.068165322414,
          11772.068165322413
        ],
        "12": [
          8644.58126000316,
          10444.58126000316
        ],
        "31": [
          8662.75787756617,
          12262.75787756617
        ],
        "13": [
          8974.390600866915,
          10774.390600866915
        ],
        "32": [
          8996.05843990875,
          12596.05843990875
        ],
        "14": [
          8981.616474951239,
          10781.616474951239
        ],
        "33": [
          9004.158852764496,
          12604.158852764496
        ],
        "15": [
          9160.842168010477,
          10960.842168010477
        ],
        "34": [
          9179.00870196912,
          12779.00870196912
        ],
        "16": [
          13825.516792937917,
          15625.516792937917
        ],
        "35": [
          13843.340531108408,
          17443.340531108406
        ],
        "17": [
          15448.686573102997,
          17248.686573102997
        ],
        "36": [
          15468.731271981722,
          19068.73127198172
        ],
        "18": [
          16499.779850660772,
          18299.779850660772
        ],
        "37": [
          16518.74160542748,
          20118.74160542748
        ],
        "19": [
          18617.256317759333,
          20417.256317759333
        ],
        "38": [
          18638.77684115997,
          22238.77684115997
        ]
      },
      "node_service_times": {
        "1": 60.0,
        "20": 60.0,
        "2": 60.0,
        "21": 60.0,
        "3": 60.0,
        "22": 60.0,
        "4": 60.0,
        "23": 60.0,
        "5": 60.0,
        "24": 60.0,
        "6": 60.0,
        "25": 60.0,
        "7": 60.0,
        "26": 60.0,
        "8": 60.0,
        "27": 60.0,
        "9": 60.0,
        "28": 60.0,
        "10": 60.0,
        "29": 60.0,
        "11": 60.0,
        "30": 60.0,
        "12": 60.0,
        "31": 60.0,
        "13": 60.0,
        "32": 60.0,
        "14": 60.0,
        "33": 60.0,
        "15": 60.0,
        "34": 60.0,
        "16": 60.0,
        "35": 60.0,
        "17": 60.0,
        "36": 60.0,
        "18": 60.0,
        "37": 60.0,
        "19": 60.0,
        "38": 60.0
      },
      "task_demands": {
        "1": 94.74786024537046,
        "2": 93.71047834520544,
        "3": 44.034208420073725,
        "4": 74.0251063526211,
        "5": 97.1756360031759,
        "6": 54.430872548908965,
        "7": 95.59200228581261,
        "8": 45.14196978860903,
        "9": 23.186135717410636,
        "10": 58.45752575188686,
        "11": 82.68308684685071,
        "12": 52.366238527946514,
        "13": 68.92200398866282,
        "14": 31.811778219711037,
        "15": 35.676018725237455,
        "16": 113.40997247964812,
        "17": 37.16851187700324,
        "18": 87.44276461270596,
        "19": 95.47737926602395
      },
      "arrival_time_shift_s": 0.0,
      "time_window_scale": 1.0,
      "priority_boost": 0,
      "queue_estimates_s": {
        "39": 0.0,
        "40": 0.0
      },
      "travel_time_factor": 1.0,
      "charging_availability": {
        "39": 1,
        "40": 1
      },
      "decision_epoch_times": [
        0.0,
        972.1092530290819,
        1486.5151832843305,
        2697.008377072523,
        2777.889540208824,
        3756.169103138272,
        4001.309900415459,
        5035.053630209751,
        5555.005621037763,
        6191.580896541199,
        7654.845791226794,
        8148.860108062445,
        8644.58126000316,
        8974.390600866915,
        8981.616474951239,
        9160.842168010477,
        13825.516792937917,
        15448.686573102997,
        16499.779850660772,
        18617.256317759333
      ]
    }
  ],
  "metadata": {
    "scale": "S",
    "seed": 1002,
    "split": "train",
    "num_vehicles": 3,
    "num_charging_stations": 2,
    "num_tasks": 19,
    "warehouse_size_m": [
      100.0,
      80.0
    ],
    "arrival_rates_per_s": [
      0.003,
      0.001,
      0.0005
    ],
    "mode": "fixed_task_count",
    "arrival_time_sampling_mode": "fixed_count",
    "arrival_count_semantics": "conditional_on_N_tasks",
    "demand_model": "truncnorm",