{
  "layout": {
    "width": 100.0,
    "height": 80.0,
    "depot_position": "center",
    "depot_custom_xy": null,
    "num_tasks": 18,
    "zone_strategy": "left_right",
    "pickup_x_range": [
      0.15,
      0.45
    ],
    "pickup_y_range": [
      0.15,
      0.85
    ],
    "delivery_x_range": [
      0.55,
      0.85
    ],
    "delivery_y_range": [
      0.15,
      0.85
    ],
    "grid_noise_ratio": 0.05,
    "uniform_margin": 0.1,
    "demand_range": [
      10.0,
      40.0
    ],
    "demand_fixed": null,
    "service_time": 60.0,
    "time_window_mode": "none",
    "time_window_type": "soft",
    "tw_pickup_width": 120.0,
    "tw_delivery_gap": 30.0,
    "tw_stagger_interval": 45.0,
    "tw_horizon": 10000.0,
    "num_charging_stations": 2,
    "charging_placement": "perimeter",
    "charging_custom_coords": null,
    "seed": 1003
  },
  "episode_length_s": 28800.0,
  "scenarios": [
    {
      "scenario_id": 0,
      "probability": 1.0,
      "task_availability": {
        "1": 1,
        "2": 1,
        "3": 1,
        "4": 1,
        "5": 1,
        "6": 1,
        "7": 1,
        "8": 1,
        "9": 1,
        "10": 1,
        "11": 1,
        "12": 1,
        "13": 1,
        "14": 1,
        "15": 1,
        "16": 1,
        "17": 1,
        "18": 1
      },
      "task_release_times": {
        "1": 300.81829124094736,
        "2": 2571.421866728163,
        "3": 7339.024275998242,
        "4": 9608.132896907176,
        "5": 10188.241003965579,
        "6": 11801.814342828413,
        "7": 11909.459545551768,
        "8": 13311.912779381033,
        "9": 13363.538671218277,
        "10": 13700.914114879875,
        "11": 13960.421263644192,
        "12": 14974.235812604169,
        "13": 16993.384780777338,
        "14": 17819.22182740181,
        "15": 18195.636375213973,
        "16": 18349.1258476876,
        "17": 21093.070092102727,
        "18": 21646.689060510264
      },
      "node_time_windows": {
        "1": [
          300.81829124094736,
          2100.8182912409475
        ],
        "19": [
          382.1234294596917,
          3982.1234294596916
        ],
        "2": [
          2571.421866728163,
          4371.421866728163
        ],
        "20": [
          2648.5328466532565,
          6248.5328466532565
        ],
        "3": [
          7339.024275998242,
          9139.024275998243
        ],
        "21": [
          7421.1213738170245,
          11021.121373817025
        ],
        "4": [
          9608.132896907176,
          11408.132896907176
        ],
        "22": [
          9690.775482900943,
          13290.775482900943
        ],
        "5": [
          10188.241003965579,
          11988.241003965579
        ],
        "23": [
          10267.813270127923,
          13867.813270127923
        ],
        "6": [
          11801.814342828413,
          13601.814342828413
        ],
        "24": [
          11881.09644081198,
          15481.09644081198
        ],
        "7": [
          11909.459545551768,
          13709.459545551768
        ],
        "25": [
          11987.298612634988,
          15587.298612634988
        ],
        "8": [
          13311.912779381033,
          15111.912779381033
        ],
        "26": [
          13387.796581074317,
          16987.79658107432
        ],
        "9": [
          13363.538671218277,
          15163.538671218277
        ],
        "27": [
          13444.909142998476,
          17044.909142998476
        ],
        "10": [
          13700.914114879875,
          15500.914114879875
        ],
        "28": [
          13780.944445444231,
          17380.94444544423
        ],
        "11": [
          13960.421263644192,
          15760.421263644192
        ],
        "29": [
          14042.689772574213,
          17642.689772574213
        ],
        "12": [
          14974.235812604169,
          16774.23581260417
        ],
        "30": [
          15054.072274946759,
          18654.07227494676
        ],
        "13": [
          16993.384780777338,
          18793.384780777338
        ],
        "31": [
          17074.202485455637,
          20674.202485455637
        ],
        "14": [
          17819.22182740181,
          19619.22182740181
        ],
        "32": [
          17897.95561358983,
          21497.95561358983
        ],
        "15": [
          18195.636375213973,
          19995.636375213973
        ],
        "33": [
          18274.686405497385,
          21874.686405497385
        ],
        "16": [
          18349.1258476876,
          20149.1258476876
        ],
        "34": [
          18428.232847264797,
          22028.232847264797
        ],
        "17": [
          21093.070092102727,
          22893.070092102727
        ],
        "35": [
          21175.32210195818,
          24775.32210195818
        ],
        "18": [
          21646.689060510264,
          23446.689060510264
        ],
        "36": [
          21726.93903344185,
          25326.93903344185
        ]
      },
      "node_service_times": {
        "1": 60.0,
        "19": 60.0,
        "2": 60.0,
        "20": 60.0,
        "3": 60.0,
        "21": 60.0,
        "4": 60.0,
        "22": 60.0,
        "5": 60.0,
        "23": 60.0,
        "6": 60.0,
        "24": 60.0,
        "7": 60.0,
        "25": 60.0,
        "8": 60.0,
        "26": 60.0,
        "9": 60.0,
        "27": 60.0,
        "10": 60.0,
        "28": 60.0,
        "11": 60.0,
        "29": 60.0,
        "12": 60.0,
        "30": 60.0,
        "13": 60.0,
        "31": 60.0,
        "14": 60.0,
        "32": 60.0,
        "15": 60.0,
        "33": 60.0,
        "16": 60.0,
        "34": 60.0,
        "17": 60.0,
        "35": 60.0,
        "18": 60.0,
        "36": 60.0
      },
      "task_demands": {
        "1": 49.999137314053385,
        "2": 89.61368685776132,
        "3": 54.52873883478638,
        "4": 56.30355165035214,
        "5": 82.89183116899959,
        "6": 75.61486284338106,
        "7": 45.900615239262535,
        "8": 71.06394655404618,
        "9": 75.44932744403069,
        "10": 71.13197146020748,
        "11": 87.33271641260602,
        "12": 86.45526518188194,
        "13": 78.97653974035859,
        "14": 12.235717982152778,
        "15": 72.8016737093356,
        "16": 145.88928150778696,
        "17": 58.75080694720725,
        "18": 94.23390096121405
      },
      "arrival_time_shift_s": 0.0,
      "time_window_scale": 1.0,
      "priority_boost": 0,
      "queue_estimates_s": {
        "37": 0.0,
        "38": 0.0
      },
      "travel_time_factor": 1.0,
      "charging_availability": {
        "37": 1,
        "38": 1
      },
      "decision_epoch_times": [
        0.0,
        300.81829124094736,
        2571.421866728163,
        7339.024275998242,
        9608.132896907176,
        10188.241003965579,
        11801.814342828413,
        11909.459545551768,
        13311.912779381033,
        13363.538671218277,
        13700.914114879875,
        13960.421263644192,
        14974.235812604169,
        16993.384780777338,
        17819.22182740181,
        18195.636375213973,
        18349.1258476876,
        21093.070092102727,
        21646.689060510264
      ]
    }
  ],
  "metadata": {
    "scale": "S",
    "seed": 1003,
    "split": "train",
    "num_vehicles": 3,
    "num_charging_stations": 2,
    "num_tasks": 18,
    "warehouse_size_m": [
      100.0,
      80.0
    ],
    "arrival_rates_per_s": [
      0.003,
      0.001,
      0.0005
    ],
    "mode": "fixed_task_count"
  }
}