{
  "layout": {
    "width": 100.0,
    "height": 80.0,
    "depot_position": "center",
    "depot_custom_xy": null,
    "num_tasks": 20,
    "zone_strategy": "left_right",
    "pickup_x_range": [
      0.15,
      0.45
    ],
    "pickup_y_range": [
      0.15,
      0.85
    ],
    "delivery_x_range": [
      0.55,
      0.85
    ],
    "delivery_y_range": [
      0.15,
      0.85
    ],
    "grid_noise_ratio": 0.05,
    "uniform_margin": 0.1,
    "demand_range": [
      10.0,
      40.0
    ],
    "demand_fixed": null,
    "service_time": 60.0,
    "time_window_mode": "none",
    "time_window_type": "soft",
    "tw_pickup_width": 120.0,
    "tw_delivery_gap": 30.0,
    "tw_stagger_interval": 45.0,
    "tw_horizon": 10000.0,
    "num_charging_stations": 2,
    "charging_placement": "perimeter",
    "charging_custom_coords": null,
    "seed": 1010
  },
  "episode_length_s": 28800.0,
  "scenarios": [
    {
      "scenario_id": 0,
      "probability": 1.0,
      "task_availability": {
        "1": 1,
        "2": 1,
        "3": 1,
        "4": 1,
        "5": 1,
        "6": 1,
        "7": 1,
        "8": 1,
        "9": 1,
        "10": 1,
        "11": 1,
        "12": 1,
        "13": 1,
        "14": 1,
        "15": 1,
        "16": 1,
        "17": 1,
        "18": 1,
        "19": 1,
        "20": 1
      },
      "task_release_times": {
        "1": 1423.3487708993287,
        "2": 5801.393992492772,
        "3": 9761.126515245973,
        "4": 9869.516305669564,
        "5": 11431.584905592017,
        "6": 13760.142882378825,
        "7": 14451.246785763818,
        "8": 14796.70107731752,
        "9": 14900.186115048627,
        "10": 15061.273640264313,
        "11": 16386.818646887394,
        "12": 17157.94106729506,
        "13": 17836.90628742634,
        "14": 18332.28136345624,
        "15": 18492.06996214908,
        "16": 19185.899947905018,
        "17": 19189.87797909295,
        "18": 21940.313583366333,
        "19": 25922.301847815703,
        "20": 26247.809388072754
      },
      "node_time_windows": {
        "1": [
          1423.3487708993287,
          3223.348770899329
        ],
        "21": [
          1500.2571432926698,
          5100.25714329267
        ],
        "2": [
          5801.393992492772,
          7601.393992492772
        ],
        "22": [
          5881.30120875581,
          9481.301208755809
        ],
        "3": [
          9761.126515245973,
          11561.126515245973
        ],
        "23": [
          9842.417305199115,
          13442.417305199115
        ],
        "4": [
          9869.516305669564,
          11669.516305669564
        ],
        "24": [
          9948.53988116836,
          13548.53988116836
        ],
        "5": [
          11431.584905592017,
          13231.584905592017
        ],
        "25": [
          11511.775319134364,
          15111.775319134364
        ],
        "6": [
          13760.142882378825,
          15560.142882378825
        ],
        "26": [
          13842.422627759135,
          17442.422627759137
        ],
        "7": [
          14451.246785763818,
          16251.246785763818
        ],
        "27": [
          14528.736213668406,
          18128.736213668406
        ],
        "8": [
          14796.70107731752,
          16596.70107731752
        ],
        "28": [
          14876.206062962992,
          18476.206062962992
        ],
        "9": [
          14900.186115048627,
          16700.18611504863
        ],
        "29": [
          14979.51110290441,
          18579.51110290441
        ],
        "10": [
          15061.273640264313,
          16861.273640264313
        ],
        "30": [
          15145.184299906043,
          18745.184299906043
        ],
        "11": [
          16386.818646887394,
          18186.818646887394
        ],
        "31": [
          16464.209462570834,
          20064.209462570834
        ],
        "12": [
          17157.94106729506,
          18957.94106729506
        ],
        "32": [
          17237.5149636594,
          20837.5149636594
        ],
        "13": [
          17836.90628742634,
          19636.90628742634
        ],
        "33": [
          17918.712636702923,
          21518.712636702923
        ],
        "14": [
          18332.28136345624,
          20132.28136345624
        ],
        "34": [
          18411.449197964197,
          22011.449197964197
        ],
        "15": [
          18492.06996214908,
          20292.06996214908
        ],
        "35": [
          18567.348652116878,
          22167.348652116878
        ],
        "16": [
          19185.899947905018,
          20985.899947905018
        ],
        "36": [
          19267.372923546238,
          22867.372923546238
        ],
        "17": [
          19189.87797909295,
          20989.87797909295
        ],
        "37": [
          19270.930533956813,
          22870.930533956813
        ],
        "18": [
          21940.313583366333,
          23740.313583366333
        ],
        "38": [
          22019.945756376568,
          25619.945756376568
        ],
        "19": [
          25922.301847815703,
          27722.301847815703
        ],
        "39": [
          26002.168546436897,
          29602.168546436897
        ],
        "20": [
          26247.809388072754,
          28047.809388072754
        ],
        "40": [
          26325.295529442697,
          29925.295529442697
        ]
      },
      "node_service_times": {
        "1": 60.0,
        "21": 60.0,
        "2": 60.0,
        "22": 60.0,
        "3": 60.0,
        "23": 60.0,
        "4": 60.0,
        "24": 60.0,
        "5": 60.0,
        "25": 60.0,
        "6": 60.0,
        "26": 60.0,
        "7": 60.0,
        "27": 60.0,
        "8": 60.0,
        "28": 60.0,
        "9": 60.0,
        "29": 60.0,
        "10": 60.0,
        "30": 60.0,
        "11": 60.0,
        "31": 60.0,
        "12": 60.0,
        "32": 60.0,
        "13": 60.0,
        "33": 60.0,
        "14": 60.0,
        "34": 60.0,
        "15": 60.0,
        "35": 60.0,
        "16": 60.0,
        "36": 60.0,
        "17": 60.0,
        "37": 60.0,
        "18": 60.0,
        "38": 60.0,
        "19": 60.0,
        "39": 60.0,
        "20": 60.0,
        "40": 60.0
      },
      "task_demands": {
        "1": 100.20062447946948,
        "2": 40.63032555990834,
        "3": 78.90489219558357,
        "4": 76.64281501072428,
        "5": 50.735020249902036,
        "6": 44.745598144106715,
        "7": 115.91576733281632,
        "8": 54.38164275397694,
        "9": 88.79150671767003,
        "10": 100.5762480753498,
        "11": 37.22982459095634,
        "12": 47.87872383898406,
        "13": 119.22038760387011,
        "14": 103.2777766015539,
        "15": 110.05219381198326,
        "16": 71.7061611034301,
        "17": 34.63354440343737,
        "18": 47.10092508190267,
        "19": 85.1058982973968,
        "20": 114.33470135136437
      },
      "arrival_time_shift_s": 0.0,
      "time_window_scale": 1.0,
      "priority_boost": 0,
      "queue_estimates_s": {
        "41": 0.0,
        "42": 0.0
      },
      "travel_time_factor": 1.0,
      "charging_availability": {
        "41": 1,
        "42": 1
      },
      "decision_epoch_times": [
        0.0,
        1423.3487708993287,
        5801.393992492772,
        9761.126515245973,
        9869.516305669564,
        11431.584905592017,
        13760.142882378825,
        14451.246785763818,
        14796.70107731752,
        14900.186115048627,
        15061.273640264313,
        16386.818646887394,
        17157.94106729506,
        17836.90628742634,
        18332.28136345624,
        18492.06996214908,
        19185.899947905018,
        19189.87797909295,
        21940.313583366333,
        25922.301847815703,
        26247.809388072754
      ]
    }
  ],
  "metadata": {
    "scale": "S",
    "seed": 1010,
    "split": "test",
    "num_vehicles": 3,