{
  "layout": {
    "width": 100.0,
    "height": 80.0,
    "depot_position": "center",
    "depot_custom_xy": null,
    "num_tasks": 18,
    "zone_strategy": "left_right",
    "pickup_x_range": [
      0.15,
      0.45
    ],
    "pickup_y_range": [
      0.15,
      0.85
    ],
    "delivery_x_range": [
      0.55,
      0.85
    ],
    "delivery_y_range": [
      0.15,
      0.85
    ],
    "grid_noise_ratio": 0.05,
    "uniform_margin": 0.1,
    "demand_range": [
      10.0,
      40.0
    ],
    "demand_fixed": null,
    "service_time": 60.0,
    "time_window_mode": "none",
    "time_window_type": "soft",
    "tw_pickup_width": 120.0,
    "tw_delivery_gap": 30.0,
    "tw_stagger_interval": 45.0,
    "tw_horizon": 10000.0,
    "num_charging_stations": 2,
    "charging_placement": "perimeter",
    "charging_custom_coords": null,
    "seed": 1005
  },
  "episode_length_s": 28800.0,
  "scenarios": [
    {
      "scenario_id": 0,
      "probability": 1.0,
      "task_availability": {
        "1": 1,
        "2": 1,
        "3": 1,
        "4": 1,
        "5": 1,
        "6": 1,
        "7": 1,
        "8": 1,
        "9": 1,
        "10": 1,
        "11": 1,
        "12": 1,
        "13": 1,
        "14": 1,
        "15": 1,
        "16": 1,
        "17": 1,
        "18": 1
      },
      "task_release_times": {
        "1": 912.5783632994168,
        "2": 2832.811950364223,
        "3": 3420.1154670622172,
        "4": 3775.3312809936833,
        "5": 4545.348086681981,
        "6": 5705.269352803152,
        "7": 5748.341880333293,
        "8": 6381.154869004054,
        "9": 6852.257387158868,
        "10": 8105.579702687679,
        "11": 8142.011399506753,
        "12": 8931.539059376586,
        "13": 10778.592101019492,
        "14": 12151.439508802567,
        "15": 12233.302146376342,
        "16": 14799.839619194669,
        "17": 21428.61779357643,
        "18": 27589.78798998522
      },
      "node_time_windows": {
        "1": [
          912.5783632994168,
          2712.5783632994167
        ],
        "19": [
          932.577932686457,
          4532.577932686457
        ],
        "2": [
          2832.811950364223,
          4632.811950364223
        ],
        "20": [
          2854.217084214797,
          6454.217084214797
        ],
        "3": [
          3420.1154670622172,
          5220.115467062217
        ],
        "21": [
          3442.2335739740806,
          7042.233573974081
        ],
        "4": [
          3775.3312809936833,
          5575.331280993683
        ],
        "22": [
          3793.6371222626162,
          7393.637122262617
        ],
        "5": [
          4545.348086681981,
          6345.348086681981
        ],
        "23": [
          4564.365866331219,
          8164.365866331219
        ],
        "6": [
          5705.269352803152,
          7505.269352803152
        ],
        "24": [
          5727.872690052022,
          9327.872690052023
        ],
        "7": [
          5748.341880333293,
          7548.341880333293
        ],
        "25": [
          5768.929625107892,
          9368.929625107892
        ],
        "8": [
          6381.154869004054,
          8181.154869004054
        ],
        "26": [
          6402.56562202163,
          10002.56562202163
        ],
        "9": [
          6852.257387158868,
          8652.257387158868
        ],
        "27": [
          6869.1704943692375,
          10469.170494369238
        ],
        "10": [
          8105.579702687679,
          9905.579702687679
        ],
        "28": [
          8127.409338746354,
          11727.409338746354
        ],
        "11": [
          8142.011399506753,
          9942.011399506753
        ],
        "29": [
          8161.16637948974,
          11761.16637948974
        ],
        "12": [
          8931.539059376586,
          10731.539059376586
        ],
        "30": [
          8953.716931236113,
          12553.716931236113
        ],
        "13": [
          10778.592101019492,
          12578.592101019492
        ],
        "31": [
          10796.571929905815,
          14396.571929905815
        ],
        "14": [
          12151.439508802567,
          13951.439508802567
        ],
        "32": [
          12170.908168194794,
          15770.908168194794
        ],
        "15": [
          12233.302146376342,
          14033.302146376342
        ],
        "33": [
          12251.613048796002,
          15851.613048796002
        ],
        "16": [
          14799.839619194669,
          16599.839619194667
        ],
        "34": [
          14820.908486981178,
          18420.908486981178
        ],
        "17": [
          21428.61779357643,
          23228.61779357643
        ],
        "35": [
          21445.537938186204,
          25045.537938186204
        ],
        "18": [
          27589.78798998522,
          29389.78798998522
        ],
        "36": [
          27609.705696544617,
          31209.705696544617
        ]
      },
      "node_service_times": {
        "1": 60.0,
        "19": 60.0,
        "2": 60.0,
        "20": 60.0,
        "3": 60.0,
        "21": 60.0,
        "4": 60.0,
        "22": 60.0,
        "5": 60.0,
        "23": 60.0,
        "6": 60.0,
        "24": 60.0,
        "7": 60.0,
        "25": 60.0,
        "8": 60.0,
        "26": 60.0,
        "9": 60.0,
        "27": 60.0,
        "10": 60.0,
        "28": 60.0,
        "11": 60.0,
        "29": 60.0,
        "12": 60.0,
        "30": 60.0,
        "13": 60.0,
        "31": 60.0,
        "14": 60.0,
        "32": 60.0,
        "15": 60.0,
        "33": 60.0,
        "16": 60.0,
        "34": 60.0,
        "17": 60.0,
        "35": 60.0,
        "18": 60.0,
        "36": 60.0
      },
      "task_demands": {
        "1": 65.24341968397157,
        "2": 80.49155486703587,
        "3": 96.32909971184809,
        "4": 81.28288023794545,
        "5": 93.80955494554507,
        "6": 55.220365579371546,
        "7": 77.10587819100809,
        "8": 82.56082656136807,
        "9": 76.58850971613214,
        "10": 36.29575331301704,
        "11": 41.14290369969373,
        "12": 73.46160966805733,
        "13": 65.88146864866845,
        "14": 62.78310581399479,
        "15": 72.74069213088987,
        "16": 113.92366984823252,
        "17": 71.30947948641904,
        "18": 108.84140775151502
      },
      "arrival_time_shift_s": 0.0,
      "time_window_scale": 1.0,
      "priority_boost": 0,
      "queue_estimates_s": {
        "37": 0.0,
        "38": 0.0
      },
      "travel_time_factor": 1.0,
      "charging_availability": {
        "37": 1,
        "38": 1
      },
      "decision_epoch_times": [
        0.0,
        912.5783632994168,
        2832.811950364223,
        3420.1154670622172,
        3775.3312809936833,
        4545.348086681981,
        5705.269352803152,
        5748.341880333293,
        6381.154869004054,
        6852.257387158868,
        8105.579702687679,
        8142.011399506753,
        8931.539059376586,
        10778.592101019492,
        12151.439508802567,
        12233.302146376342,
        14799.839619194669,
        21428.61779357643,
        27589.78798998522
      ]
    }
  ],
  "metadata": {
    "scale": "S",
    "seed": 1005,
    "split": "train",
    "num_vehicles": 3,
    "num_charging_stations": 2,
    "num_tasks": 18,
    "warehouse_size_m": [
      100.0,
      80.0
    ],
    "arrival_rates_per_s": [
      0.003,
      0.001,
      0.0005
    ],
    "mode": "fixed_task_count",
    "arrival_time_sampling_mode": "fixed_count",
    "arrival_count_semantics": "conditional_on_N_tasks",
    "demand_model": "truncnorm",
    "demand_params_kg": {
      "mean": 75.0,
      "std": 22.5,
      "min": 0.0,
      "max": 150.0
    },
    "vehicle_capacity_kg": 150.0,
    "demand_max_ratio_of_vehicle_capacity_effective": 1.0
  }
}