{
  "layout": {
    "width": 100.0,
    "height": 80.0,
    "depot_position": "center",
    "depot_custom_xy": null,
    "num_tasks": 18,
    "zone_strategy": "left_right",
    "pickup_x_range": [
      0.15,
      0.45
    ],
    "pickup_y_range": [
      0.15,
      0.85
    ],
    "delivery_x_range": [
      0.55,
      0.85
    ],
    "delivery_y_range": [
      0.15,
      0.85
    ],
    "grid_noise_ratio": 0.05,
    "uniform_margin": 0.1,
    "demand_range": [
      10.0,
      40.0
    ],
    "demand_fixed": null,
    "service_time": 60.0,
    "time_window_mode": "none",
    "time_window_type": "soft",
    "tw_pickup_width": 120.0,
    "tw_delivery_gap": 30.0,
    "tw_stagger_interval": 45.0,
    "tw_horizon": 10000.0,
    "num_charging_stations": 2,
    "charging_placement": "perimeter",
    "charging_custom_coords": null,
    "seed": 1004
  },
  "episode_length_s": 28800.0,
  "scenarios": [
    {
      "scenario_id": 0,
      "probability": 1.0,
      "task_availability": {
        "1": 1,
        "2": 1,
        "3": 1,
        "4": 1,
        "5": 1,
        "6": 1,
        "7": 1,
        "8": 1,
        "9": 1,
        "10": 1,
        "11": 1,
        "12": 1,
        "13": 1,
        "14": 1,
        "15": 1,
        "16": 1,
        "17": 1,
        "18": 1
      },
      "task_release_times": {
        "1": 256.29230459318035,
        "2": 484.94795835812533,
        "3": 1131.4271755447503,
        "4": 2908.0080292958505,
        "5": 3741.129061117816,
        "6": 7655.938853306996,
        "7": 8028.895033315535,
        "8": 9104.630430511066,
        "9": 9443.616363646599,
        "10": 9752.966941321545,
        "11": 10161.707690894338,
        "12": 10761.087690281081,
        "13": 11975.386111394171,
        "14": 12716.483504629003,
        "15": 14901.797678214656,
        "16": 18063.84742480328,
        "17": 18893.527774694136,
        "18": 20672.792465175295
      },
      "node_time_windows": {
        "1": [
          256.29230459318035,
          2056.2923045931802
        ],
        "19": [
          277.5017701990989,
          3877.501770199099
        ],
        "2": [
          484.94795835812533,
          2284.947958358125
        ],
        "20": [
          504.33716274502916,
          4104.337162745029
        ],
        "3": [
          1131.4271755447503,
          2931.4271755447503
        ],
        "21": [
          1151.0842788099205,
          4751.084278809921
        ],
        "4": [
          2908.0080292958505,
          4708.00802929585
        ],
        "22": [
          2924.583522648765,
          6524.583522648765
        ],
        "5": [
          3741.129061117816,
          5541.129061117816
        ],
        "23": [
          3763.903202377099,
          7363.9032023771
        ],
        "6": [
          7655.938853306996,
          9455.938853306996
        ],
        "24": [
          7673.224990122728,
          11273.224990122728
        ],
        "7": [
          8028.895033315535,
          9828.895033315535
        ],
        "25": [
          8047.549419222832,
          11647.549419222833
        ],
        "8": [
          9104.630430511066,
          10904.630430511066
        ],
        "26": [
          9125.865425480466,
          12725.865425480466
        ],
        "9": [
          9443.616363646599,
          11243.616363646599
        ],
        "27": [
          9462.24154189268,
          13062.24154189268
        ],
        "10": [
          9752.966941321545,
          11552.966941321545
        ],
        "28": [
          9776.47697913013,
          13376.47697913013
        ],
        "11": [
          10161.707690894338,
          11961.707690894338
        ],
        "29": [
          10180.952994088468,
          13780.952994088468
        ],
        "12": [
          10761.087690281081,
          12561.087690281081
        ],
        "30": [
          10782.181743791976,
          14382.181743791976
        ],
        "13": [
          11975.386111394171,
          13775.386111394171
        ],
        "31": [
          11997.601006000119,
          15597.601006000119
        ],
        "14": [
          12716.483504629003,
          14516.483504629003
        ],
        "32": [
          12738.80756557943,
          16338.80756557943
        ],
        "15": [
          14901.797678214656,
          16701.797678214658
        ],
        "33": [
          14923.87032708828,
          18523.87032708828
        ],
        "16": [
          18063.84742480328,
          19863.84742480328
        ],
        "34": [
          18084.59028757643,
          21684.59028757643
        ],
        "17": [
          18893.527774694136,
          20693.527774694136
        ],
        "35": [
          18914.35582042562,
          22514.35582042562
        ],
        "18": [
          20672.792465175295,
          22472.792465175295
        ],
        "36": [
          20693.771539207744,
          24293.771539207744
        ]
      },
      "node_service_times": {
        "1": 60.0,
        "19": 60.0,
        "2": 60.0,
        "20": 60.0,
        "3": 60.0,
        "21": 60.0,
        "4": 60.0,
        "22": 60.0,
        "5": 60.0,
        "23": 60.0,
        "6": 60.0,
        "24": 60.0,
        "7": 60.0,
        "25": 60.0,
        "8": 60.0,
        "26": 60.0,
        "9": 60.0,
        "27": 60.0,
        "10": 60.0,
        "28": 60.0,
        "11": 60.0,
        "29": 60.0,
        "12": 60.0,
        "30": 60.0,
        "13": 60.0,
        "31": 60.0,
        "14": 60.0,
        "32": 60.0,
        "15": 60.0,
        "33": 60.0,
        "16": 60.0,
        "34": 60.0,
        "17": 60.0,
        "35": 60.0,
        "18": 60.0,
        "36": 60.0
      },
      "task_demands": {
        "1": 94.63473427879882,
        "2": 87.99381852763197,
        "3": 58.76944740909584,
        "4": 73.44096080182275,
        "5": 29.21165675753884,
        "6": 106.3519228850797,
        "7": 78.07591922468616,
        "8": 51.5174803202687,
        "9": 68.69134562917651,
        "10": 74.43077519196814,
        "11": 106.39291342816851,
        "12": 93.69446031755442,
        "13": 114.5535906986168,
        "14": 59.75350420227092,
        "15": 89.6155442440792,
        "16": 66.86865248926802,
        "17": 38.892774628366894,
        "18": 47.48703387926827
      },
      "arrival_time_shift_s": 0.0,
      "time_window_scale": 1.0,
      "priority_boost": 0,
      "queue_estimates_s": {
        "37": 0.0,
        "38": 0.0
      },
      "travel_time_factor": 1.0,
      "charging_availability": {
        "37": 1,
        "38": 1
      },
      "decision_epoch_times": [
        0.0,
        256.29230459318035,
        484.94795835812533,
        1131.4271755447503,
        2908.0080292958505,
        3741.129061117816,
        7655.938853306996,
        8028.895033315535,
        9104.630430511066,
        9443.616363646599,
        9752.966941321545,
        10161.707690894338,
        10761.087690281081,
        11975.386111394171,
        12716.483504629003,
        14901.797678214656,
        18063.84742480328,
        18893.527774694136,
        20672.792465175295
      ]
    }
  ],
  "metadata": {
    "scale": "S",
    "seed": 1004,
    "split": "train",
    "num_vehicles": 3,
    "num_charging_stations": 2,
    "num_tasks": 18,
    "warehouse_size_m": [
      100.0,
      80.0
    ],
    "arrival_rates_per_s": [
      0.003,
      0.001,
      0.0005
    ],
    "mode": "fixed_task_count",
    "arrival_time_sampling_mode": "fixed_count",
    "arrival_count_semantics": "conditional_on_N_tasks",
    "demand_model": "truncnorm",
    "demand_params_kg": {
      "mean": 75.0,
      "std": 22.5,
      "min": 0.0,
      "max": 150.0
    },
    "vehicle_capacity_kg": 150.0,
    "demand_max_ratio_of_vehicle_capacity_effective": 1.0
  }
}