{
  "layout": {
    "width": 100.0,
    "height": 80.0,
    "depot_position": "center",
    "depot_custom_xy": null,
    "num_tasks": 15,
    "zone_strategy": "left_right",
    "pickup_x_range": [
      0.15,
      0.45
    ],
    "pickup_y_range": [
      0.15,
      0.85
    ],
    "delivery_x_range": [
      0.55,
      0.85
    ],
    "delivery_y_range": [
      0.15,
      0.85
    ],
    "grid_noise_ratio": 0.05,
    "uniform_margin": 0.1,
    "demand_range": [
      10.0,
      40.0
    ],
    "demand_fixed": null,
    "service_time": 60.0,
    "time_window_mode": "none",
    "time_window_type": "soft",
    "tw_pickup_width": 120.0,
    "tw_delivery_gap": 30.0,
    "tw_stagger_interval": 45.0,
    "tw_horizon": 10000.0,
    "num_charging_stations": 2,
    "charging_placement": "perimeter",
    "charging_custom_coords": null,
    "seed": 1001
  },
  "episode_length_s": 28800.0,
  "scenarios": [
    {
      "scenario_id": 0,
      "probability": 1.0,
      "task_availability": {
        "1": 1,
        "2": 1,
        "3": 1,
        "4": 1,
        "5": 1,
        "6": 1,
        "7": 1,
        "8": 1,
        "9": 1,
        "10": 1,
        "11": 1,
        "12": 1,
        "13": 1,
        "14": 1,
        "15": 1
      },
      "task_release_times": {
        "1": 182.31908539741715,
        "2": 1243.954403375923,
        "3": 3903.6926999307825,
        "4": 6108.407728882229,
        "5": 7076.228781019443,
        "6": 8426.222069334684,
        "7": 8592.286606659953,
        "8": 8852.855550749591,
        "9": 8893.039809368602,
        "10": 14418.987231272116,
        "11": 15895.415969812622,
        "12": 16401.46928406939,
        "13": 16463.414719285483,
        "14": 17881.80348028244,
        "15": 21000.405328926474
      },
      "node_time_windows": {
        "1": [
          182.31908539741715,
          1982.3190853974172
        ],
        "16": [
          199.7364000143887,
          3799.736400014389
        ],
        "2": [
          1243.954403375923,
          3043.954403375923
        ],
        "17": [
          1260.5748113220866,
          4860.574811322087
        ],
        "3": [
          3903.6926999307825,
          5703.6926999307825
        ],
        "18": [
          3925.328092786849,
          7525.328092786849
        ],
        "4": [
          6108.407728882229,
          7908.407728882229
        ],
        "19": [
          6125.374063134085,
          9725.374063134084
        ],
        "5": [
          7076.228781019443,
          8876.228781019443
        ],
        "20": [
          7098.724062975748,
          10698.724062975747
        ],
        "6": [
          8426.222069334684,
          10226.222069334684
        ],
        "21": [
          8444.245781089845,
          12044.245781089845
        ],
        "7": [
          8592.286606659953,
          10392.286606659953
        ],
        "22": [
          8613.088773573245,
          12213.088773573245
        ],
        "8": [
          8852.855550749591,
          10652.855550749591
        ],
        "23": [
          8873.823552831684,
          12473.823552831684
        ],
        "9": [
          8893.039809368602,
          10693.039809368602
        ],
        "24": [
          8911.155506999989,
          12511.155506999989
        ],
        "10": [
          14418.987231272116,
          16218.987231272116
        ],
        "25": [
          14437.016385798615,
          18037.016385798615
        ],
        "11": [
          15895.415969812622,
          17695.415969812624
        ],
        "26": [
          15916.368937028128,
          19516.368937028128
        ],
        "12": [
          16401.46928406939,
          18201.46928406939
        ],
        "27": [
          16421.983601745003,
          20021.983601745003
        ],
        "13": [
          16463.414719285483,
          18263.414719285483
        ],
        "28": [
          16485.084463427425,
          20085.084463427425
        ],
        "14": [
          17881.80348028244,
          19681.80348028244
        ],
        "29": [
          17898.875443794022,
          21498.875443794022
        ],
        "15": [
          21000.405328926474,
          22800.405328926474
        ],
        "30": [
          21022.444030743598,
          24622.444030743598
        ]
      },
      "node_service_times": {
        "1": 60.0,
        "16": 60.0,
        "2": 60.0,
        "17": 60.0,
        "3": 60.0,
        "18": 60.0,
        "4": 60.0,
        "19": 60.0,
        "5": 60.0,
        "20": 60.0,
        "6": 60.0,
        "21": 60.0,
        "7": 60.0,
        "22": 60.0,
        "8": 60.0,
        "23": 60.0,
        "9": 60.0,
        "24": 60.0,
        "10": 60.0,
        "25": 60.0,
        "11": 60.0,
        "26": 60.0,
        "12": 60.0,
        "27": 60.0,
        "13": 60.0,
        "28": 60.0,
        "14": 60.0,
        "29": 60.0,
        "15": 60.0,
        "30": 60.0
      },
      "task_demands": {
        "1": 80.28075631694543,
        "2": 78.19368651904324,
        "3": 63.637405643073016,
        "4": 34.48584461032298,
        "5": 81.1499647060459,
        "6": 79.5027225358123,
        "7": 56.13099160799034,
        "8": 97.5582074565232,
        "9": 125.72793110007413,
        "10": 35.316263935997924,
        "11": 54.61770390549813,
        "12": 48.04081812847488,
        "13": 99.60073760049666,
        "14": 44.772235249431986,
        "15": 66.90434800931097
      },
      "arrival_time_shift_s": 0.0,
      "time_window_scale": 1.0,
      "priority_boost": 0,
      "queue_estimates_s": {
        "31": 0.0,
        "32": 0.0
      },
      "travel_time_factor": 1.0,
      "charging_availability": {
        "31": 1,
        "32": 1
      },
      "decision_epoch_times": [
        0.0,
        182.31908539741715,
        1243.954403375923,
        3903.6926999307825,
        6108.407728882229,
        7076.228781019443,
        8426.222069334684,
        8592.286606659953,
        8852.855550749591,
        8893.039809368602,
        14418.987231272116,
        15895.415969812622,
        16401.46928406939,
        16463.414719285483,
        17881.80348028244,
        21000.405328926474
      ]
    }
  ],
  "metadata": {
    "scale": "S",
    "seed": 1001,
    "split": "train",
    "num_vehicles": 3,
    "num_charging_stations": 2,
    "num_tasks": 15,
    "warehouse_size_m": [
      100.0,
      80.0
    ],
    "arrival_rates_per_s": [
      0.003,
      0.001,
      0.0005
    ],
    "mode": "fixed_task_count",
    "arrival_time_sampling_mode": "fixed_count",
    "arrival_count_semantics": "conditional_on_N_tasks",
    "demand_model": "truncnorm",
    "demand_params_kg": {
      "mean": 75.0,
      "std": 22.5,
      "min": 0.0,
      "max": 150.0
    },
    "vehicle_capacity_kg": 150.0,
    "demand_max_ratio_of_vehicle_capacity_effective": 1.0
  }
}